2026-07-15 09:35:55,962 49738 WARNING ? odoo.tools.config: unknown option 'xmlrpc_port' in the config file at /home/amalraj/odoo19_new/odoo-19.0/odoo19.conf, option stored as-is, without parsing 
2026-07-15 09:35:55,962 49738 WARNING ? odoo.tools.config: missing --http-interface/http_interface, using 0.0.0.0 by default, will change to 127.0.0.1 in 20.0 
2026-07-15 09:35:55,963 49738 INFO ? odoo: Odoo version 19.0 
2026-07-15 09:35:55,963 49738 INFO ? odoo: Using configuration file at /home/amalraj/odoo19_new/odoo-19.0/odoo19.conf 
2026-07-15 09:35:55,963 49738 INFO ? odoo: addons paths: _NamespacePath(['/home/amalraj/odoo19_new/odoo-19.0/odoo/addons', '/home/amalraj/.local/share/Odoo/addons/19.0', '/home/amalraj/odoo19_new/odoo-19.0/addons', '/home/amalraj/odoo19_new/odoo-19.0/custom']) 
2026-07-15 09:35:55,963 49738 INFO ? odoo: database: odoo19@localhost:5432 
2026-07-15 09:35:56,255 49738 INFO ? odoo.service.server: HTTP service (werkzeug) running on analytix-HP-255R-15-6-inch-G10-Notebook-PC:8069 
2026-07-15 09:35:58,162 49738 INFO ? odoo.modules.loading: loading 1 modules... 
2026-07-15 09:35:58,167 49738 INFO ? odoo.modules.loading: 1 modules loaded in 0.00s, 0 queries (+0 extra) 
2026-07-15 09:35:58,191 49738 WARNING ? odoo.modules.module: Missing `author` key in manifest for 'analytix_finance_dashboard', defaulting to '' 
2026-07-15 09:35:58,201 49738 INFO ? odoo.modules.loading: loading 108 modules... 
2026-07-15 09:35:58,732 49738 WARNING ? py.warnings: /home/amalraj/odoo19_new/odoo-19.0/odoo/osv/__init__.py:4: DeprecationWarning: Since 19.0, odoo.osv is deprecated use odoo.fields.Domain
  File "/home/amalraj/odoo19_new/odoo-19.0/odoo/http.py", line 2829, in __call__
    response = request._serve_db()
  File "/home/amalraj/odoo19_new/odoo-19.0/odoo/http.py", line 2248, in _serve_db
    registry = Registry(self.db)
  File "/home/amalraj/odoo19_new/odoo-19.0/odoo/orm/registry.py", line 120, in __new__
    return cls.new(db_name)
  File "/home/amalraj/odoo19_new/odoo-19.0/odoo/tools/func.py", line 88, in locked
    return func(inst, *args, **kwargs)
  File "/home/amalraj/odoo19_new/odoo-19.0/odoo/orm/registry.py", line 199, in new
    load_modules(
  File "/home/amalraj/odoo19_new/odoo-19.0/odoo/modules/loading.py", line 464, in load_modules
    load_module_graph(
  File "/home/amalraj/odoo19_new/odoo-19.0/odoo/modules/loading.py", line 178, in load_module_graph
    load_openerp_module(package.name)
  File "/home/amalraj/odoo19_new/odoo-19.0/odoo/modules/module.py", line 505, in load_openerp_module
    __import__(qualname)
  File "/home/amalraj/odoo19_new/odoo-19.0/custom/accounting_pdf_reports/__init__.py", line 2, in <module>
    from . import models
  File "/home/amalraj/odoo19_new/odoo-19.0/custom/accounting_pdf_reports/models/__init__.py", line 3, in <module>
    from . import account_move_line
  File "/home/amalraj/odoo19_new/odoo-19.0/custom/accounting_pdf_reports/models/account_move_line.py", line 2, in <module>
    from odoo.osv import expression
  File "/home/amalraj/odoo19_new/odoo-19.0/odoo/osv/__init__.py", line 4, in <module>
    warnings.warn("Since 19.0, odoo.osv is deprecated use odoo.fields.Domain", DeprecationWarning)
 
2026-07-15 09:35:58,745 49738 WARNING ? odoo.tools.translate: no translation language detected, skipping translation <frame at 0x7e71b9d4dd80, file '/home/amalraj/odoo19_new/odoo-19.0/custom/om_account_followup/wizard/followup_print.py', line 34, code FollowupPrint> 
Stack (most recent call last):
  File "/usr/lib/python3.12/threading.py", line 1030, in _bootstrap
    self._bootstrap_inner()
  File "/usr/lib/python3.12/threading.py", line 1073, in _bootstrap_inner
    self.run()
  File "/usr/lib/python3.12/threading.py", line 1010, in run
    self._target(*self._args, **self._kwargs)
  File "/usr/lib/python3.12/socketserver.py", line 692, in process_request_thread
    self.finish_request(request, client_address)
  File "/usr/lib/python3.12/socketserver.py", line 362, in finish_request
    self.RequestHandlerClass(request, client_address, self)
  File "/home/amalraj/odoo19_new/odoo-19.0/odoo/service/server.py", line 143, in __init__
    super().__init__(*args, **kwargs)
  File "/usr/lib/python3.12/socketserver.py", line 761, in __init__
    self.handle()
  File "/home/amalraj/odoo19_new/.venv/lib/python3.12/site-packages/werkzeug/serving.py", line 390, in handle
    super().handle()
  File "/usr/lib/python3.12/http/server.py", line 436, in handle
    self.handle_one_request()
  File "/usr/lib/python3.12/http/server.py", line 424, in handle_one_request
    method()
  File "/home/amalraj/odoo19_new/.venv/lib/python3.12/site-packages/werkzeug/serving.py", line 362, in run_wsgi
    execute(self.server.app)
  File "/home/amalraj/odoo19_new/.venv/lib/python3.12/site-packages/werkzeug/serving.py", line 323, in execute
    application_iter = app(environ, start_response)
  File "/home/amalraj/odoo19_new/odoo-19.0/odoo/http.py", line 2829, in __call__
    response = request._serve_db()
  File "/home/amalraj/odoo19_new/odoo-19.0/odoo/http.py", line 2248, in _serve_db
    registry = Registry(self.db)
  File "/home/amalraj/odoo19_new/odoo-19.0/odoo/orm/registry.py", line 120, in __new__
    return cls.new(db_name)
  File "/home/amalraj/odoo19_new/odoo-19.0/odoo/tools/func.py", line 88, in locked
    return func(inst, *args, **kwargs)
  File "/home/amalraj/odoo19_new/odoo-19.0/odoo/orm/registry.py", line 199, in new
    load_modules(
  File "/home/amalraj/odoo19_new/odoo-19.0/odoo/modules/loading.py", line 464, in load_modules
    load_module_graph(
  File "/home/amalraj/odoo19_new/odoo-19.0/odoo/modules/loading.py", line 178, in load_module_graph
    load_openerp_module(package.name)
  File "/home/amalraj/odoo19_new/odoo-19.0/odoo/modules/module.py", line 505, in load_openerp_module
    __import__(qualname)
  File "<frozen importlib._bootstrap>", line 1360, in _find_and_load
  File "<frozen importlib._bootstrap>", line 1331, in _find_and_load_unlocked
  File "<frozen importlib._bootstrap>", line 935, in _load_unlocked
  File "<frozen importlib._bootstrap_external>", line 995, in exec_module
  File "<frozen importlib._bootstrap>", line 488, in _call_with_frames_removed
  File "/home/amalraj/odoo19_new/odoo-19.0/custom/om_account_followup/__init__.py", line 1, in <module>
    from . import wizard
  File "<frozen importlib._bootstrap>", line 1415, in _handle_fromlist
  File "<frozen importlib._bootstrap>", line 488, in _call_with_frames_removed
  File "<frozen importlib._bootstrap>", line 1360, in _find_and_load
  File "<frozen importlib._bootstrap>", line 1331, in _find_and_load_unlocked
  File "<frozen importlib._bootstrap>", line 935, in _load_unlocked
  File "<frozen importlib._bootstrap_external>", line 995, in exec_module
  File "<frozen importlib._bootstrap>", line 488, in _call_with_frames_removed
  File "/home/amalraj/odoo19_new/odoo-19.0/custom/om_account_followup/wizard/__init__.py", line 1, in <module>
    from . import followup_print
  File "<frozen importlib._bootstrap>", line 1415, in _handle_fromlist
  File "<frozen importlib._bootstrap>", line 488, in _call_with_frames_removed
  File "<frozen importlib._bootstrap>", line 1360, in _find_and_load
  File "<frozen importlib._bootstrap>", line 1331, in _find_and_load_unlocked
  File "<frozen importlib._bootstrap>", line 935, in _load_unlocked
  File "<frozen importlib._bootstrap_external>", line 995, in exec_module
  File "<frozen importlib._bootstrap>", line 488, in _call_with_frames_removed
  File "/home/amalraj/odoo19_new/odoo-19.0/custom/om_account_followup/wizard/followup_print.py", line 7, in <module>
    class FollowupPrint(models.TransientModel):
  File "/home/amalraj/odoo19_new/odoo-19.0/custom/om_account_followup/wizard/followup_print.py", line 34, in FollowupPrint
    default=_('Invoices Reminder'))
  File "/home/amalraj/odoo19_new/odoo-19.0/odoo/tools/translate.py", line 577, in get_text_alias
    module, lang = _get_translation_source(1)
  File "/home/amalraj/odoo19_new/odoo-19.0/odoo/tools/translate.py", line 566, in _get_translation_source
    lang = lang or _get_lang(frame, default_lang)
  File "/home/amalraj/odoo19_new/odoo-19.0/odoo/tools/translate.py", line 557, in _get_lang
    _logger.log(log_level, 'no translation language detected, skipping translation %s', frame, stack_info=True)
2026-07-15 09:35:58,801 49738 INFO ? odoo.modules.loading: 108 modules loaded in 0.60s, 0 queries (+0 extra) 
2026-07-15 09:35:58,952 49738 INFO ? odoo.modules.loading: Modules loaded. 
2026-07-15 09:35:58,965 49738 WARNING ? odoo.schema: Missing not-null constraint on analytix.document.name 
2026-07-15 09:35:58,965 49738 WARNING ? odoo.schema: Missing not-null constraint on analytix.document.doc_type 
2026-07-15 09:35:59,005 49738 INFO ? odoo.registry: Registry loaded in 0.865s 
2026-07-15 09:35:59,007 49738 INFO 360_dash_analytix odoo.addons.base.models.ir_http: Generating routing map for key None 
2026-07-15 09:35:59,034 49738 INFO 360_dash_analytix werkzeug: 127.0.0.1 - - [15/Jul/2026 09:35:59] "GET /websocket?version=19.0-2 HTTP/1.1" 101 - 24 0.024 0.871
2026-07-15 09:35:59,047 49738 INFO 360_dash_analytix werkzeug: 127.0.0.1 - - [15/Jul/2026 09:35:59] "POST /bus/has_missed_notifications HTTP/1.1" 200 - 2 0.001 0.002
2026-07-15 09:35:59,364 49738 INFO ? odoo.addons.bus.models.bus: Bus.loop listen imbus on db postgres 
2026-07-15 09:36:39,941 49738 INFO 360_dash_analytix werkzeug: 127.0.0.1 - - [15/Jul/2026 09:36:39] "GET /odoo/action-532/account.move/87 HTTP/1.1" 200 - 76 0.030 0.370
2026-07-15 09:36:40,066 49738 INFO 360_dash_analytix werkzeug: 127.0.0.1 - - [15/Jul/2026 09:36:40] "GET /web/webclient/load_menus HTTP/1.1" 200 - 17 0.017 0.032
2026-07-15 09:36:40,237 49738 INFO 360_dash_analytix werkzeug: 127.0.0.1 - - [15/Jul/2026 09:36:40] "GET /web/webclient/translations?hash=748a1d87231dc40747b3abfc5d59c0c6e0d26066&lang=en_US HTTP/1.1" 200 - 2 0.001 0.007
2026-07-15 09:36:40,351 49738 INFO 360_dash_analytix werkzeug: 127.0.0.1 - - [15/Jul/2026 09:36:40] "GET /web/image?model=res.users&field=avatar_128&id=2 HTTP/1.1" 304 - 12 0.007 0.021
2026-07-15 09:36:40,658 49738 INFO 360_dash_analytix werkzeug: 127.0.0.1 - - [15/Jul/2026 09:36:40] "POST /mail/data HTTP/1.1" 200 - 73 0.261 0.065
2026-07-15 09:36:40,677 49738 INFO 360_dash_analytix werkzeug: 127.0.0.1 - - [15/Jul/2026 09:36:40] "POST /web/dataset/call_kw/account.move/web_read#account.move.web_read HTTP/1.1" 200 - 86 0.264 0.058
2026-07-15 09:36:40,688 49738 INFO 360_dash_analytix werkzeug: 127.0.0.1 - - [15/Jul/2026 09:36:40] "POST /web/dataset/call_kw/account.move/get_views#account.move.get_views HTTP/1.1" 200 - 78 0.076 0.284
2026-07-15 09:36:40,784 49738 INFO 360_dash_analytix werkzeug: 127.0.0.1 - - [15/Jul/2026 09:36:40] "POST /web/dataset/call_kw/ir.http/lazy_session_info#ir.http.lazy_session_info HTTP/1.1" 200 - 2 0.001 0.002
2026-07-15 09:36:40,936 49738 INFO 360_dash_analytix werkzeug: 127.0.0.1 - - [15/Jul/2026 09:36:40] "POST /mail/thread/messages HTTP/1.1" 200 - 25 0.021 0.016
2026-07-15 09:36:40,947 49738 INFO 360_dash_analytix werkzeug: 127.0.0.1 - - [15/Jul/2026 09:36:40] "POST /mail/data HTTP/1.1" 200 - 43 0.024 0.025
2026-07-15 09:36:40,974 49738 INFO 360_dash_analytix werkzeug: 127.0.0.1 - - [15/Jul/2026 09:36:40] "GET /web/service-worker.js HTTP/1.1" 200 - 1 0.001 0.002
2026-07-15 09:36:40,990 49738 INFO 360_dash_analytix werkzeug: 127.0.0.1 - - [15/Jul/2026 09:36:40] "GET /web/bundle/web.assets_emoji?lang=en_US HTTP/1.1" 200 - 2 0.001 0.003
2026-07-15 09:36:43,888 49738 INFO 360_dash_analytix werkzeug: 127.0.0.1 - - [15/Jul/2026 09:36:43] "POST /web/action/load HTTP/1.1" 200 - 10 0.005 0.007
2026-07-15 09:36:43,968 49738 INFO 360_dash_analytix werkzeug: 127.0.0.1 - - [15/Jul/2026 09:36:43] "POST /web/dataset/call_kw/ir.module.module/get_views#ir.module.module.get_views HTTP/1.1" 200 - 48 0.020 0.038
2026-07-15 09:36:43,981 49738 INFO 360_dash_analytix werkzeug: 127.0.0.1 - - [15/Jul/2026 09:36:43] "POST /web/dataset/call_kw/ir.module.module/search_panel_select_range#ir.module.module.search_panel_select_range HTTP/1.1" 200 - 1 0.001 0.003
2026-07-15 09:36:43,991 49738 INFO 360_dash_analytix werkzeug: 127.0.0.1 - - [15/Jul/2026 09:36:43] "POST /web/dataset/call_kw/ir.module.module/web_search_read#ir.module.module.web_search_read HTTP/1.1" 200 - 4 0.004 0.005
2026-07-15 09:36:44,009 49738 INFO 360_dash_analytix werkzeug: 127.0.0.1 - - [15/Jul/2026 09:36:44] "POST /web/dataset/call_kw/ir.module.module/check_module_update#ir.module.module.check_module_update HTTP/1.1" 200 - 2 0.001 0.003
2026-07-15 09:36:44,018 49738 INFO 360_dash_analytix werkzeug: 127.0.0.1 - - [15/Jul/2026 09:36:44] "POST /web/dataset/call_kw/ir.module.module/search_panel_select_range#ir.module.module.search_panel_select_range HTTP/1.1" 200 - 51 0.021 0.020
2026-07-15 09:36:44,029 49738 INFO 360_dash_analytix werkzeug: 127.0.0.1 - - [15/Jul/2026 09:36:44] "POST /web/dataset/call_kw/ir.module.module/check_module_update#ir.module.module.check_module_update HTTP/1.1" 200 - 2 0.001 0.003
2026-07-15 09:36:45,524 49738 INFO 360_dash_analytix werkzeug: 127.0.0.1 - - [15/Jul/2026 09:36:45] "POST /web/dataset/call_kw/ir.module.module/search_panel_select_range#ir.module.module.search_panel_select_range HTTP/1.1" 200 - 48 0.022 0.014
2026-07-15 09:36:45,549 49738 INFO 360_dash_analytix werkzeug: 127.0.0.1 - - [15/Jul/2026 09:36:45] "POST /web/dataset/call_kw/ir.module.module/web_search_read#ir.module.module.web_search_read HTTP/1.1" 200 - 4 0.007 0.054
2026-07-15 09:36:45,632 49738 INFO 360_dash_analytix werkzeug: 127.0.0.1 - - [15/Jul/2026 09:36:45] "POST /web/dataset/call_kw/ir.module.module/check_module_update#ir.module.module.check_module_update HTTP/1.1" 200 - 2 0.001 0.002
2026-07-15 09:36:47,697 49738 INFO 360_dash_analytix werkzeug: 127.0.0.1 - - [15/Jul/2026 09:36:47] "POST /web/dataset/call_kw/ir.module.module/search_panel_select_range#ir.module.module.search_panel_select_range HTTP/1.1" 200 - 48 0.013 0.016
2026-07-15 09:36:47,709 49738 INFO 360_dash_analytix werkzeug: 127.0.0.1 - - [15/Jul/2026 09:36:47] "POST /web/dataset/call_kw/ir.module.module/web_search_read#ir.module.module.web_search_read HTTP/1.1" 200 - 3 0.003 0.004
2026-07-15 09:36:47,724 49738 INFO 360_dash_analytix werkzeug: 127.0.0.1 - - [15/Jul/2026 09:36:47] "POST /web/dataset/call_kw/ir.module.module/check_module_update#ir.module.module.check_module_update HTTP/1.1" 200 - 2 0.001 0.003
2026-07-15 09:36:51,164 49738 INFO 360_dash_analytix odoo.addons.base.models.ir_module: ALLOW access to module.button_immediate_upgrade on ['E-Invoicing For Saudi | Saudi VAT Invoice | Saudi Electronic Invoice | Saudi Zatca'] to user admin #2 via 127.0.0.1 
2026-07-15 09:36:51,165 49738 INFO 360_dash_analytix odoo.addons.base.models.ir_module: ALLOW access to module.button_upgrade on ['E-Invoicing For Saudi | Saudi VAT Invoice | Saudi Electronic Invoice | Saudi Zatca'] to user admin #2 via 127.0.0.1 
2026-07-15 09:36:51,165 49738 INFO 360_dash_analytix odoo.addons.base.models.ir_module: ALLOW access to module.update_list on ['E-Invoicing For Saudi | Saudi VAT Invoice | Saudi Electronic Invoice | Saudi Zatca'] to user admin #2 via 127.0.0.1 
2026-07-15 09:36:51,326 49738 WARNING 360_dash_analytix odoo.modules.module: Missing `author` key in manifest for 'analytix_finance_dashboard', defaulting to '' 
2026-07-15 09:36:52,198 49738 INFO 360_dash_analytix odoo.addons.base.models.ir_module: ALLOW access to module.button_install on [] to user admin #2 via 127.0.0.1 
2026-07-15 09:36:52,228 49738 INFO 360_dash_analytix odoo.modules.loading: loading 1 modules... 
2026-07-15 09:36:52,232 49738 INFO 360_dash_analytix odoo.modules.loading: 1 modules loaded in 0.00s, 0 queries (+0 extra) 
2026-07-15 09:36:52,250 49738 INFO 360_dash_analytix odoo.modules.loading: updating modules list 
2026-07-15 09:36:52,251 49738 INFO 360_dash_analytix odoo.addons.base.models.ir_module: ALLOW access to module.update_list on [] to user __system__ #1 via 127.0.0.1 
2026-07-15 09:36:52,353 49738 WARNING 360_dash_analytix odoo.modules.module: Missing `author` key in manifest for 'analytix_finance_dashboard', defaulting to '' 
2026-07-15 09:36:52,792 49738 INFO 360_dash_analytix odoo.modules.loading: loading 108 modules... 
2026-07-15 09:36:52,819 49738 INFO 360_dash_analytix odoo.modules.loading: Loading module advanced_vat_invoice (87/108) 
2026-07-15 09:36:52,979 49738 INFO 360_dash_analytix odoo.registry: module advanced_vat_invoice: creating or updating database tables 
2026-07-15 09:36:52,999 49738 WARNING 360_dash_analytix odoo.addons.base.models.ir_model: Two fields (sale_lock_date, tax_lock_date) of res.config.settings() have the same label: Hard Lock Date. [Modules: om_fiscal_year and om_fiscal_year] 
2026-07-15 09:36:52,999 49738 WARNING 360_dash_analytix odoo.addons.base.models.ir_model: Two fields (purchase_lock_date, tax_lock_date) of res.config.settings() have the same label: Hard Lock Date. [Modules: om_fiscal_year and om_fiscal_year] 
2026-07-15 09:36:52,999 49738 WARNING 360_dash_analytix odoo.addons.base.models.ir_model: Two fields (hard_lock_date, tax_lock_date) of res.config.settings() have the same label: Hard Lock Date. [Modules: om_fiscal_year and om_fiscal_year] 
2026-07-15 09:36:53,074 49738 INFO 360_dash_analytix odoo.modules.loading: loading advanced_vat_invoice/views/res_config_settings_views.xml 
2026-07-15 09:36:53,137 49738 INFO 360_dash_analytix odoo.modules.loading: loading advanced_vat_invoice/views/account_move_views.xml 
2026-07-15 09:36:53,190 49738 INFO 360_dash_analytix odoo.modules.loading: loading advanced_vat_invoice/report/account_move_reports.xml 
2026-07-15 09:36:53,196 49738 INFO 360_dash_analytix odoo.modules.loading: loading advanced_vat_invoice/report/vat_invoice_report_templates.xml 
2026-07-15 09:36:53,215 49738 INFO 360_dash_analytix odoo.modules.loading: loading advanced_vat_invoice/report/simplified_tax_report_templates.xml 
2026-07-15 09:36:53,225 49738 INFO 360_dash_analytix odoo.addons.base.models.ir_module: module advanced_vat_invoice: no translation for language ar_001 
2026-07-15 09:36:53,232 49738 INFO 360_dash_analytix odoo.modules.loading: Module advanced_vat_invoice loaded in 0.41s, 251 queries (+251 other) 
2026-07-15 09:36:53,237 49738 INFO 360_dash_analytix odoo.modules.loading: 108 modules loaded in 0.45s, 251 queries (+251 extra) 
2026-07-15 09:36:53,588 49738 INFO 360_dash_analytix odoo.registry: verifying fields for every extended model 
2026-07-15 09:36:53,608 49738 WARNING 360_dash_analytix odoo.addons.base.models.ir_model: Two fields (sale_lock_date, tax_lock_date) of res.config.settings() have the same label: Hard Lock Date. [Modules: om_fiscal_year and om_fiscal_year] 
2026-07-15 09:36:53,608 49738 WARNING 360_dash_analytix odoo.addons.base.models.ir_model: Two fields (purchase_lock_date, tax_lock_date) of res.config.settings() have the same label: Hard Lock Date. [Modules: om_fiscal_year and om_fiscal_year] 
2026-07-15 09:36:53,608 49738 WARNING 360_dash_analytix odoo.addons.base.models.ir_model: Two fields (hard_lock_date, tax_lock_date) of res.config.settings() have the same label: Hard Lock Date. [Modules: om_fiscal_year and om_fiscal_year] 
2026-07-15 09:36:53,636 49738 INFO 360_dash_analytix odoo.registry: Models have no table: analytix.document. 
2026-07-15 09:36:53,636 49738 INFO 360_dash_analytix odoo.registry: Recreate table of model analytix.document. 
2026-07-15 09:36:53,637 49738 ERROR 360_dash_analytix odoo.registry: Model analytix.document has no table. 
2026-07-15 09:36:54,005 49738 INFO 360_dash_analytix odoo.modules.loading: Modules loaded. 
2026-07-15 09:36:54,017 49738 WARNING 360_dash_analytix odoo.schema: Missing not-null constraint on analytix.document.name 
2026-07-15 09:36:54,017 49738 WARNING 360_dash_analytix odoo.schema: Missing not-null constraint on analytix.document.doc_type 
2026-07-15 09:36:54,019 49738 INFO 360_dash_analytix odoo.registry: Registry changed, signaling through the database 
2026-07-15 09:36:54,019 49738 INFO 360_dash_analytix odoo.registry: Registry loaded in 1.801s 
2026-07-15 09:36:54,019 49738 INFO 360_dash_analytix odoo.addons.base.models.ir_module: getting next ir.actions.todo() 
2026-07-15 09:36:54,034 49738 INFO 360_dash_analytix werkzeug: 127.0.0.1 - - [15/Jul/2026 09:36:54] "POST /web/dataset/call_button/ir.module.module/button_immediate_upgrade#ir.module.module.button_immediate_upgrade HTTP/1.1" 200 - 5094 1.183 1.692
2026-07-15 09:36:54,044 49738 INFO 360_dash_analytix odoo.addons.base.models.ir_http: Generating routing map for key None 
2026-07-15 09:36:54,325 49738 INFO 360_dash_analytix werkzeug: 127.0.0.1 - - [15/Jul/2026 09:36:54] "GET /odoo HTTP/1.1" 200 - 83 0.020 0.262
2026-07-15 09:36:54,379 49738 INFO 360_dash_analytix werkzeug: 127.0.0.1 - - [15/Jul/2026 09:36:54] "GET /web/webclient/load_menus HTTP/1.1" 200 - 17 0.010 0.023
2026-07-15 09:36:54,561 49738 INFO 360_dash_analytix werkzeug: 127.0.0.1 - - [15/Jul/2026 09:36:54] "GET /web/webclient/translations?hash=&lang=en_US HTTP/1.1" 200 - 2 0.001 0.003
2026-07-15 09:36:54,676 49738 INFO 360_dash_analytix werkzeug: 127.0.0.1 - - [15/Jul/2026 09:36:54] "POST /web/action/load HTTP/1.1" 200 - 6 0.006 0.006
2026-07-15 09:36:54,688 49738 INFO 360_dash_analytix werkzeug: 127.0.0.1 - - [15/Jul/2026 09:36:54] "GET /web/image?model=res.users&field=avatar_128&id=2 HTTP/1.1" 304 - 15 0.012 0.013
2026-07-15 09:36:54,733 49738 INFO 360_dash_analytix werkzeug: 127.0.0.1 - - [15/Jul/2026 09:36:54] "POST /mail/data HTTP/1.1" 200 - 74 0.032 0.035
2026-07-15 09:36:54,761 49738 INFO 360_dash_analytix werkzeug: 127.0.0.1 - - [15/Jul/2026 09:36:54] "POST /web/dataset/call_kw/account.move/get_analytix_dashboard_data#account.move.get_analytix_dashboard_data HTTP/1.1" 200 - 25 0.008 0.012
2026-07-15 09:36:54,777 49738 INFO 360_dash_analytix werkzeug: 127.0.0.1 - - [15/Jul/2026 09:36:54] "POST /web/dataset/call_kw/account.move/get_analytix_invoices_data#account.move.get_analytix_invoices_data HTTP/1.1" 200 - 7 0.002 0.006
2026-07-15 09:36:55,352 49738 INFO 360_dash_analytix werkzeug: 127.0.0.1 - - [15/Jul/2026 09:36:55] "GET /web/service-worker.js HTTP/1.1" 200 - 1 0.000 0.002
2026-07-15 09:36:56,387 49738 WARNING 19_theme_setting odoo.addons.base.models.ir_cron: Skipping database 19_theme_setting as its base version is not 19.0.1.3. 
2026-07-15 09:36:56,438 49738 WARNING manas odoo.addons.base.models.ir_cron: Skipping database manas as its base version is not 19.0.1.3. 
2026-07-15 09:36:56,447 49738 INFO 360_dash_analytix werkzeug: 127.0.0.1 - - [15/Jul/2026 09:36:56] "POST /web/dataset/call_kw/account.move/get_views#account.move.get_views HTTP/1.1" 200 - 80 0.026 0.204
2026-07-15 09:36:56,495 49738 WARNING odoo_19_test_try odoo.addons.base.models.ir_cron: Skipping database odoo_19_test_try as its base version is not 19.0.1.3. 
2026-07-15 09:36:56,530 49738 WARNING theme_test odoo.addons.base.models.ir_cron: Skipping database theme_test as its base version is not 19.0.1.3. 
2026-07-15 09:36:56,536 49738 INFO 360_dash_analytix werkzeug: 127.0.0.1 - - [15/Jul/2026 09:36:56] "POST /web/dataset/call_kw/account.move/web_read#account.move.web_read HTTP/1.1" 200 - 80 0.029 0.041
2026-07-15 09:36:56,625 49738 INFO 360_dash_analytix werkzeug: 127.0.0.1 - - [15/Jul/2026 09:36:56] "POST /web/dataset/call_kw/ir.http/lazy_session_info#ir.http.lazy_session_info HTTP/1.1" 200 - 2 0.001 0.002
2026-07-15 09:36:56,775 49738 INFO 360_dash_analytix werkzeug: 127.0.0.1 - - [15/Jul/2026 09:36:56] "POST /mail/thread/messages HTTP/1.1" 200 - 25 0.017 0.017
2026-07-15 09:36:56,785 49738 INFO 360_dash_analytix werkzeug: 127.0.0.1 - - [15/Jul/2026 09:36:56] "POST /mail/data HTTP/1.1" 200 - 43 0.022 0.023
2026-07-15 09:36:56,815 49738 INFO 360_dash_analytix werkzeug: 127.0.0.1 - - [15/Jul/2026 09:36:56] "GET /web/bundle/web.assets_emoji?lang=en_US HTTP/1.1" 200 - 2 0.001 0.003
2026-07-15 09:36:57,357 49738 WARNING 19_theme_setting odoo.addons.base.models.ir_cron: Skipping database 19_theme_setting as its base version is not 19.0.1.3. 
2026-07-15 09:36:57,361 49738 WARNING manas odoo.addons.base.models.ir_cron: Skipping database manas as its base version is not 19.0.1.3. 
2026-07-15 09:36:57,364 49738 WARNING odoo_19_test_try odoo.addons.base.models.ir_cron: Skipping database odoo_19_test_try as its base version is not 19.0.1.3. 
2026-07-15 09:36:57,366 49738 WARNING theme_test odoo.addons.base.models.ir_cron: Skipping database theme_test as its base version is not 19.0.1.3. 
2026-07-15 09:36:57,946 49738 INFO 360_dash_analytix werkzeug: 127.0.0.1 - - [15/Jul/2026 09:36:57] "POST /web/dataset/call_kw/ir.actions.report/get_valid_action_reports#ir.actions.report.get_valid_action_reports HTTP/1.1" 200 - 4 0.005 0.007
2026-07-15 09:36:57,952 49738 INFO 360_dash_analytix werkzeug: 127.0.0.1 - - [15/Jul/2026 09:36:57] "POST /web/dataset/call_kw/account.move/get_extra_print_items#account.move.get_extra_print_items HTTP/1.1" 200 - 9 0.008 0.010
2026-07-15 09:36:59,809 49738 INFO 360_dash_analytix werkzeug: 127.0.0.1 - - [15/Jul/2026 09:36:59] "POST /web/action/load HTTP/1.1" 200 - 9 0.003 0.006
2026-07-15 09:36:59,818 49738 INFO 360_dash_analytix odoo.addons.base.models.ir_actions_report: Will use the Wkhtmltopdf binary at /usr/local/bin/wkhtmltopdf 
2026-07-15 09:36:59,827 49738 INFO 360_dash_analytix odoo.addons.base.models.ir_actions_report: Will use the Wkhtmltoimage binary at /usr/local/bin/wkhtmltoimage 
2026-07-15 09:36:59,838 49738 INFO 360_dash_analytix werkzeug: 127.0.0.1 - - [15/Jul/2026 09:36:59] "POST /report/check_wkhtmltopdf HTTP/1.1" 200 - 1 0.001 0.023
2026-07-15 09:37:00,064 49738 INFO 360_dash_analytix werkzeug: 127.0.0.1 - - [15/Jul/2026 09:37:00] "GET /web/assets/cbc0331/web.report_assets_pdf.autoprefixed.min.css HTTP/1.1" 200 - 3 0.002 0.005
2026-07-15 09:37:00,065 49738 INFO 360_dash_analytix werkzeug: 127.0.0.1 - - [15/Jul/2026 09:37:00] "GET /web/assets/76ab302/web.report_assets_common.autoprefixed.min.css HTTP/1.1" 200 - 3 0.003 0.004
2026-07-15 09:37:02,426 49738 INFO 360_dash_analytix odoo.addons.base.models.ir_actions_report: The PDF report has been generated for model: account.move, records [87]. 
2026-07-15 09:37:02,428 49738 INFO 360_dash_analytix werkzeug: 127.0.0.1 - - [15/Jul/2026 09:37:02] "POST /report/download HTTP/1.1" 200 - 67 0.023 2.563
2026-07-15 09:37:02,446 49738 INFO 360_dash_analytix werkzeug: 127.0.0.1 - - [15/Jul/2026 09:37:02] "POST /mail/thread/messages HTTP/1.1" 200 - 5 0.004 0.006
2026-07-15 09:37:02,533 49738 INFO 360_dash_analytix werkzeug: 127.0.0.1 - - [15/Jul/2026 09:37:02] "POST /web/dataset/call_kw/account.move/web_read#account.move.web_read HTTP/1.1" 200 - 54 0.040 0.051
2026-07-15 09:37:02,633 49738 INFO 360_dash_analytix werkzeug: 127.0.0.1 - - [15/Jul/2026 09:37:02] "POST /mail/data HTTP/1.1" 200 - 31 0.014 0.027
2026-07-15 09:37:56,546 49738 WARNING 19_theme_setting odoo.addons.base.models.ir_cron: Skipping database 19_theme_setting as its base version is not 19.0.1.3. 
2026-07-15 09:37:56,550 49738 INFO 360_dash_analytix odoo.addons.base.models.ir_cron: Job 'Base: Auto-vacuum internal data' (1) starting 
2026-07-15 09:37:56,915 49738 INFO 360_dash_analytix odoo.addons.base.models.res_device: GC device logs delete 0 entries 
2026-07-15 09:37:56,922 49738 INFO 360_dash_analytix odoo.addons.base.models.res_device: GC device logs delete 0 entries 
2026-07-15 09:37:56,930 49738 INFO 360_dash_analytix odoo.addons.base.models.ir_attachment: filestore gc 0 checked, 0 removed 
2026-07-15 09:37:56,949 49738 INFO 360_dash_analytix odoo.addons.base.models.res_users: GC'd 0 user log entries 
2026-07-15 09:37:57,130 49738 INFO 360_dash_analytix odoo.addons.api_doc.models.ir_attachment: GC'd 0 /doc cached index 
2026-07-15 09:37:57,168 49738 INFO 360_dash_analytix odoo.addons.sms.models.sms_sms: GC'd 0 sms marked for deletion 
2026-07-15 09:37:57,218 49738 INFO 360_dash_analytix odoo.addons.base.models.res_users: GC 'res.users.apikeys' delete 0 entries 
2026-07-15 09:37:57,343 49738 INFO 360_dash_analytix odoo.addons.base.models.res_users: GC 'auth_totp.device' delete 0 entries 
2026-07-15 09:37:57,361 49738 INFO 360_dash_analytix odoo.addons.base.models.ir_cron: Job 'Base: Auto-vacuum internal data' (1) fully done (#loop 1; done 159; remaining 0; duration 0.81s) 
2026-07-15 09:37:57,367 49738 WARNING manas odoo.addons.base.models.ir_cron: Skipping database manas as its base version is not 19.0.1.3. 
2026-07-15 09:37:57,373 49738 WARNING odoo_19_test_try odoo.addons.base.models.ir_cron: Skipping database odoo_19_test_try as its base version is not 19.0.1.3. 
2026-07-15 09:37:57,407 49738 INFO self_login odoo.modules.loading: loading 1 modules... 
2026-07-15 09:37:57,411 49738 INFO self_login odoo.modules.loading: 1 modules loaded in 0.00s, 0 queries (+0 extra) 
2026-07-15 09:37:57,419 49738 INFO self_login odoo.modules.loading: loading 57 modules... 
2026-07-15 09:37:57,448 49738 INFO self_login odoo.modules.loading: 57 modules loaded in 0.03s, 0 queries (+0 extra) 
2026-07-15 09:37:57,574 49738 INFO self_login odoo.modules.loading: Modules loaded. 
2026-07-15 09:37:57,594 49738 INFO self_login odoo.registry: Registry loaded in 0.214s 
2026-07-15 09:37:57,595 49738 INFO self_login odoo.addons.base.models.ir_cron: Job 'Notification: Notify scheduled messages' (8) starting 
2026-07-15 09:37:57,647 49738 INFO self_login odoo.addons.base.models.ir_cron: Job 'Notification: Notify scheduled messages' (8) fully done (#loop 1; done 0; remaining 0; duration 0.05s) 
2026-07-15 09:37:57,656 49738 INFO self_login odoo.addons.base.models.ir_cron: Job 'Mail: Email Queue Manager' (3) starting 
2026-07-15 09:37:57,664 49738 INFO self_login odoo.addons.base.models.ir_cron: Job 'Mail: Email Queue Manager' (3) fully done (#loop 1; done 0; remaining 0; duration 0.01s) 
2026-07-15 09:37:57,682 49738 INFO tezzzzzzzzzzzzzzzzzzzzz odoo.modules.loading: loading 1 modules... 
2026-07-15 09:37:57,685 49738 INFO tezzzzzzzzzzzzzzzzzzzzz odoo.modules.loading: 1 modules loaded in 0.00s, 0 queries (+0 extra) 
2026-07-15 09:37:57,688 49738 INFO tezzzzzzzzzzzzzzzzzzzzz odoo.modules.module_graph: module analytix_finance_dashboard: some depends are not loaded, skipped 
2026-07-15 09:37:57,691 49738 INFO tezzzzzzzzzzzzzzzzzzzzz odoo.modules.loading: loading 177 modules... 
2026-07-15 09:37:57,693 49738 WARNING tezzzzzzzzzzzzzzzzzzzzz odoo.addons.attachment_indexation.models.ir_attachment: Attachment indexation of PDF documents is unavailable because the 'pdfminer.six' Python library cannot be found on the system. You may install it from https://pypi.org/project/pdfminer.six/ (e.g. `pip3 install pdfminer.six`) 
2026-07-15 09:37:57,773 49738 WARNING tezzzzzzzzzzzzzzzzzzzzz py.warnings: /home/amalraj/odoo19_new/odoo-19.0/custom/accounting_19_dashboard/controllers/main.py:8: DeprecationWarning: Since 19.0, @route(type='json') is a deprecated alias to @route(type='jsonrpc')
  File "/usr/lib/python3.12/threading.py", line 1030, in _bootstrap
    self._bootstrap_inner()
  File "/usr/lib/python3.12/threading.py", line 1073, in _bootstrap_inner
    self.run()
  File "/usr/lib/python3.12/threading.py", line 1010, in run
    self._target(*self._args, **self._kwargs)
  File "/home/amalraj/odoo19_new/odoo-19.0/odoo/service/server.py", line 604, in cron_thread
    _run_cron(cr)
  File "/home/amalraj/odoo19_new/odoo-19.0/odoo/service/server.py", line 596, in _run_cron
    IrCron._process_jobs(db_name)
  File "/home/amalraj/odoo19_new/odoo-19.0/odoo/addons/base/models/ir_cron.py", line 199, in _process_jobs
    cls._process_jobs_loop(cron_cr, job_ids=[job['id'] for job in jobs])
  File "/home/amalraj/odoo19_new/odoo-19.0/odoo/addons/base/models/ir_cron.py", line 235, in _process_jobs_loop
    registry = Registry(db_name).check_signaling()
  File "/home/amalraj/odoo19_new/odoo-19.0/odoo/orm/registry.py", line 120, in __new__
    return cls.new(db_name)
  File "/home/amalraj/odoo19_new/odoo-19.0/odoo/tools/func.py", line 88, in locked
    return func(inst, *args, **kwargs)
  File "/home/amalraj/odoo19_new/odoo-19.0/odoo/orm/registry.py", line 199, in new
    load_modules(
  File "/home/amalraj/odoo19_new/odoo-19.0/odoo/modules/loading.py", line 464, in load_modules
    load_module_graph(
  File "/home/amalraj/odoo19_new/odoo-19.0/odoo/modules/loading.py", line 178, in load_module_graph
    load_openerp_module(package.name)
  File "/home/amalraj/odoo19_new/odoo-19.0/odoo/modules/module.py", line 505, in load_openerp_module
    __import__(qualname)
  File "/home/amalraj/odoo19_new/odoo-19.0/custom/accounting_19_dashboard/__init__.py", line 2, in <module>
    from . import controllers
  File "/home/amalraj/odoo19_new/odoo-19.0/custom/accounting_19_dashboard/controllers/__init__.py", line 2, in <module>
    from . import main
  File "/home/amalraj/odoo19_new/odoo-19.0/custom/accounting_19_dashboard/controllers/main.py", line 8, in <module>
    class AccountingDashboardController(http.Controller):
 
2026-07-15 09:37:57,992 49738 INFO tezzzzzzzzzzzzzzzzzzzzz odoo.modules.loading: 177 modules loaded in 0.30s, 0 queries (+0 extra) 
2026-07-15 09:37:58,243 49738 ERROR tezzzzzzzzzzzzzzzzzzzzz odoo.modules.loading: Some modules are not loaded, some dependencies or manifest may be missing: ['analytix_finance_dashboard'] 
2026-07-15 09:37:58,243 49738 INFO tezzzzzzzzzzzzzzzzzzzzz odoo.modules.loading: Modules loaded. 
2026-07-15 09:37:58,265 49738 INFO tezzzzzzzzzzzzzzzzzzzzz odoo.registry: Registry loaded in 0.598s 
2026-07-15 09:37:58,266 49738 INFO tezzzzzzzzzzzzzzzzzzzzz odoo.addons.base.models.ir_cron: Job 'Payment: Post-process transactions' (15) starting 
2026-07-15 09:37:58,334 49738 INFO tezzzzzzzzzzzzzzzzzzzzz odoo.addons.base.models.ir_cron: Job 'Payment: Post-process transactions' (15) fully done (#loop 1; done 0; remaining 0; duration 0.07s) 
2026-07-15 09:37:58,341 49738 WARNING theme_test odoo.addons.base.models.ir_cron: Skipping database theme_test as its base version is not 19.0.1.3. 
2026-07-15 09:37:58,448 49738 WARNING 19_theme_setting odoo.addons.base.models.ir_cron: Skipping database 19_theme_setting as its base version is not 19.0.1.3. 
2026-07-15 09:37:58,452 49738 WARNING manas odoo.addons.base.models.ir_cron: Skipping database manas as its base version is not 19.0.1.3. 
2026-07-15 09:37:58,455 49738 WARNING odoo_19_test_try odoo.addons.base.models.ir_cron: Skipping database odoo_19_test_try as its base version is not 19.0.1.3. 
2026-07-15 09:37:58,457 49738 WARNING theme_test odoo.addons.base.models.ir_cron: Skipping database theme_test as its base version is not 19.0.1.3. 
2026-07-15 09:38:58,420 49738 WARNING 19_theme_setting odoo.addons.base.models.ir_cron: Skipping database 19_theme_setting as its base version is not 19.0.1.3. 
2026-07-15 09:38:58,427 49738 WARNING manas odoo.addons.base.models.ir_cron: Skipping database manas as its base version is not 19.0.1.3. 
2026-07-15 09:38:58,433 49738 WARNING odoo_19_test_try odoo.addons.base.models.ir_cron: Skipping database odoo_19_test_try as its base version is not 19.0.1.3. 
2026-07-15 09:38:58,436 49738 WARNING theme_test odoo.addons.base.models.ir_cron: Skipping database theme_test as its base version is not 19.0.1.3. 
2026-07-15 09:38:59,544 49738 WARNING 19_theme_setting odoo.addons.base.models.ir_cron: Skipping database 19_theme_setting as its base version is not 19.0.1.3. 
2026-07-15 09:38:59,548 49738 WARNING manas odoo.addons.base.models.ir_cron: Skipping database manas as its base version is not 19.0.1.3. 
2026-07-15 09:38:59,553 49738 WARNING odoo_19_test_try odoo.addons.base.models.ir_cron: Skipping database odoo_19_test_try as its base version is not 19.0.1.3. 
2026-07-15 09:38:59,555 49738 WARNING theme_test odoo.addons.base.models.ir_cron: Skipping database theme_test as its base version is not 19.0.1.3. 
2026-07-15 09:39:58,508 49738 WARNING 19_theme_setting odoo.addons.base.models.ir_cron: Skipping database 19_theme_setting as its base version is not 19.0.1.3. 
2026-07-15 09:39:58,512 49738 WARNING manas odoo.addons.base.models.ir_cron: Skipping database manas as its base version is not 19.0.1.3. 
2026-07-15 09:39:58,515 49738 WARNING odoo_19_test_try odoo.addons.base.models.ir_cron: Skipping database odoo_19_test_try as its base version is not 19.0.1.3. 
2026-07-15 09:39:58,517 49738 WARNING theme_test odoo.addons.base.models.ir_cron: Skipping database theme_test as its base version is not 19.0.1.3. 
2026-07-15 09:40:00,587 49738 WARNING 19_theme_setting odoo.addons.base.models.ir_cron: Skipping database 19_theme_setting as its base version is not 19.0.1.3. 
2026-07-15 09:40:00,592 49738 WARNING manas odoo.addons.base.models.ir_cron: Skipping database manas as its base version is not 19.0.1.3. 
2026-07-15 09:40:00,596 49738 WARNING odoo_19_test_try odoo.addons.base.models.ir_cron: Skipping database odoo_19_test_try as its base version is not 19.0.1.3. 
2026-07-15 09:40:00,598 49738 WARNING theme_test odoo.addons.base.models.ir_cron: Skipping database theme_test as its base version is not 19.0.1.3. 
2026-07-15 09:40:58,563 49738 WARNING 19_theme_setting odoo.addons.base.models.ir_cron: Skipping database 19_theme_setting as its base version is not 19.0.1.3. 
2026-07-15 09:40:58,568 49738 WARNING manas odoo.addons.base.models.ir_cron: Skipping database manas as its base version is not 19.0.1.3. 
2026-07-15 09:40:58,573 49738 WARNING odoo_19_test_try odoo.addons.base.models.ir_cron: Skipping database odoo_19_test_try as its base version is not 19.0.1.3. 
2026-07-15 09:40:58,575 49738 WARNING theme_test odoo.addons.base.models.ir_cron: Skipping database theme_test as its base version is not 19.0.1.3. 
2026-07-15 09:41:01,684 49738 WARNING 19_theme_setting odoo.addons.base.models.ir_cron: Skipping database 19_theme_setting as its base version is not 19.0.1.3. 
2026-07-15 09:41:01,688 49738 WARNING manas odoo.addons.base.models.ir_cron: Skipping database manas as its base version is not 19.0.1.3. 
2026-07-15 09:41:01,693 49738 WARNING odoo_19_test_try odoo.addons.base.models.ir_cron: Skipping database odoo_19_test_try as its base version is not 19.0.1.3. 
2026-07-15 09:41:01,695 49738 WARNING theme_test odoo.addons.base.models.ir_cron: Skipping database theme_test as its base version is not 19.0.1.3. 
2026-07-15 09:41:58,650 49738 WARNING 19_theme_setting odoo.addons.base.models.ir_cron: Skipping database 19_theme_setting as its base version is not 19.0.1.3. 
2026-07-15 09:41:58,655 49738 WARNING manas odoo.addons.base.models.ir_cron: Skipping database manas as its base version is not 19.0.1.3. 
2026-07-15 09:41:58,744 49738 INFO oca_module_testing odoo.modules.loading: loading 1 modules... 
2026-07-15 09:41:58,749 49738 INFO oca_module_testing odoo.modules.loading: 1 modules loaded in 0.00s, 0 queries (+0 extra) 
2026-07-15 09:41:58,756 49738 INFO oca_module_testing odoo.modules.loading: loading 84 modules... 
2026-07-15 09:41:58,795 49738 INFO oca_module_testing odoo.modules.loading: 84 modules loaded in 0.04s, 0 queries (+0 extra) 
2026-07-15 09:41:58,997 49738 INFO oca_module_testing odoo.modules.loading: Modules loaded. 
2026-07-15 09:41:59,049 49738 INFO oca_module_testing odoo.registry: Registry loaded in 0.350s 
2026-07-15 09:41:59,052 49738 INFO oca_module_testing odoo.addons.base.models.ir_cron: Job 'Notification: Notify scheduled messages' (9) starting 
2026-07-15 09:41:59,125 49738 INFO oca_module_testing odoo.addons.base.models.ir_cron: Job 'Notification: Notify scheduled messages' (9) fully done (#loop 1; done 0; remaining 0; duration 0.07s) 
2026-07-15 09:41:59,151 49738 INFO oca_module_testing odoo.addons.base.models.ir_cron: Job 'Mail: Email Queue Manager' (4) starting 
2026-07-15 09:41:59,167 49738 INFO oca_module_testing odoo.addons.base.models.ir_cron: Job 'Mail: Email Queue Manager' (4) fully done (#loop 1; done 0; remaining 0; duration 0.02s) 
2026-07-15 09:41:59,171 49738 WARNING odoo_19_test_try odoo.addons.base.models.ir_cron: Skipping database odoo_19_test_try as its base version is not 19.0.1.3. 
2026-07-15 09:41:59,174 49738 WARNING theme_test odoo.addons.base.models.ir_cron: Skipping database theme_test as its base version is not 19.0.1.3. 
2026-07-15 09:42:02,783 49738 WARNING 19_theme_setting odoo.addons.base.models.ir_cron: Skipping database 19_theme_setting as its base version is not 19.0.1.3. 
2026-07-15 09:42:02,788 49738 WARNING manas odoo.addons.base.models.ir_cron: Skipping database manas as its base version is not 19.0.1.3. 
2026-07-15 09:42:02,793 49738 WARNING odoo_19_test_try odoo.addons.base.models.ir_cron: Skipping database odoo_19_test_try as its base version is not 19.0.1.3. 
2026-07-15 09:42:02,796 49738 WARNING theme_test odoo.addons.base.models.ir_cron: Skipping database theme_test as its base version is not 19.0.1.3. 
2026-07-15 09:42:59,251 49738 WARNING 19_theme_setting odoo.addons.base.models.ir_cron: Skipping database 19_theme_setting as its base version is not 19.0.1.3. 
2026-07-15 09:42:59,255 49738 WARNING manas odoo.addons.base.models.ir_cron: Skipping database manas as its base version is not 19.0.1.3. 
2026-07-15 09:42:59,260 49738 WARNING odoo_19_test_try odoo.addons.base.models.ir_cron: Skipping database odoo_19_test_try as its base version is not 19.0.1.3. 
2026-07-15 09:42:59,263 49738 WARNING theme_test odoo.addons.base.models.ir_cron: Skipping database theme_test as its base version is not 19.0.1.3. 
2026-07-15 09:43:03,882 49738 WARNING 19_theme_setting odoo.addons.base.models.ir_cron: Skipping database 19_theme_setting as its base version is not 19.0.1.3. 
2026-07-15 09:43:03,888 49738 WARNING manas odoo.addons.base.models.ir_cron: Skipping database manas as its base version is not 19.0.1.3. 
2026-07-15 09:43:03,892 49738 WARNING odoo_19_test_try odoo.addons.base.models.ir_cron: Skipping database odoo_19_test_try as its base version is not 19.0.1.3. 
2026-07-15 09:43:03,895 49738 WARNING theme_test odoo.addons.base.models.ir_cron: Skipping database theme_test as its base version is not 19.0.1.3. 
2026-07-15 09:43:59,302 49738 WARNING 19_theme_setting odoo.addons.base.models.ir_cron: Skipping database 19_theme_setting as its base version is not 19.0.1.3. 
2026-07-15 09:43:59,307 49738 WARNING manas odoo.addons.base.models.ir_cron: Skipping database manas as its base version is not 19.0.1.3. 
2026-07-15 09:43:59,312 49738 WARNING odoo_19_test_try odoo.addons.base.models.ir_cron: Skipping database odoo_19_test_try as its base version is not 19.0.1.3. 
2026-07-15 09:43:59,315 49738 WARNING theme_test odoo.addons.base.models.ir_cron: Skipping database theme_test as its base version is not 19.0.1.3. 
2026-07-15 09:44:04,981 49738 WARNING 19_theme_setting odoo.addons.base.models.ir_cron: Skipping database 19_theme_setting as its base version is not 19.0.1.3. 
2026-07-15 09:44:04,986 49738 WARNING manas odoo.addons.base.models.ir_cron: Skipping database manas as its base version is not 19.0.1.3. 
2026-07-15 09:44:04,991 49738 WARNING odoo_19_test_try odoo.addons.base.models.ir_cron: Skipping database odoo_19_test_try as its base version is not 19.0.1.3. 
2026-07-15 09:44:04,993 49738 WARNING theme_test odoo.addons.base.models.ir_cron: Skipping database theme_test as its base version is not 19.0.1.3. 
2026-07-15 09:44:59,390 49738 WARNING 19_theme_setting odoo.addons.base.models.ir_cron: Skipping database 19_theme_setting as its base version is not 19.0.1.3. 
2026-07-15 09:44:59,395 49738 WARNING manas odoo.addons.base.models.ir_cron: Skipping database manas as its base version is not 19.0.1.3. 
2026-07-15 09:44:59,400 49738 WARNING odoo_19_test_try odoo.addons.base.models.ir_cron: Skipping database odoo_19_test_try as its base version is not 19.0.1.3. 
2026-07-15 09:44:59,403 49738 WARNING theme_test odoo.addons.base.models.ir_cron: Skipping database theme_test as its base version is not 19.0.1.3. 
2026-07-15 09:45:06,078 49738 WARNING 19_theme_setting odoo.addons.base.models.ir_cron: Skipping database 19_theme_setting as its base version is not 19.0.1.3. 
2026-07-15 09:45:06,082 49738 WARNING manas odoo.addons.base.models.ir_cron: Skipping database manas as its base version is not 19.0.1.3. 
2026-07-15 09:45:06,087 49738 WARNING odoo_19_test_try odoo.addons.base.models.ir_cron: Skipping database odoo_19_test_try as its base version is not 19.0.1.3. 
2026-07-15 09:45:06,090 49738 WARNING theme_test odoo.addons.base.models.ir_cron: Skipping database theme_test as its base version is not 19.0.1.3. 
2026-07-15 09:45:59,472 49738 WARNING 19_theme_setting odoo.addons.base.models.ir_cron: Skipping database 19_theme_setting as its base version is not 19.0.1.3. 
2026-07-15 09:45:59,477 49738 WARNING manas odoo.addons.base.models.ir_cron: Skipping database manas as its base version is not 19.0.1.3. 
2026-07-15 09:45:59,482 49738 WARNING odoo_19_test_try odoo.addons.base.models.ir_cron: Skipping database odoo_19_test_try as its base version is not 19.0.1.3. 
2026-07-15 09:45:59,485 49738 WARNING theme_test odoo.addons.base.models.ir_cron: Skipping database theme_test as its base version is not 19.0.1.3. 
2026-07-15 09:46:07,176 49738 WARNING 19_theme_setting odoo.addons.base.models.ir_cron: Skipping database 19_theme_setting as its base version is not 19.0.1.3. 
2026-07-15 09:46:07,181 49738 WARNING manas odoo.addons.base.models.ir_cron: Skipping database manas as its base version is not 19.0.1.3. 
2026-07-15 09:46:07,185 49738 WARNING odoo_19_test_try odoo.addons.base.models.ir_cron: Skipping database odoo_19_test_try as its base version is not 19.0.1.3. 
2026-07-15 09:46:07,187 49738 WARNING theme_test odoo.addons.base.models.ir_cron: Skipping database theme_test as its base version is not 19.0.1.3. 
2026-07-15 09:46:59,515 49738 WARNING 19_theme_setting odoo.addons.base.models.ir_cron: Skipping database 19_theme_setting as its base version is not 19.0.1.3. 
2026-07-15 09:46:59,519 49738 WARNING manas odoo.addons.base.models.ir_cron: Skipping database manas as its base version is not 19.0.1.3. 
2026-07-15 09:46:59,524 49738 WARNING odoo_19_test_try odoo.addons.base.models.ir_cron: Skipping database odoo_19_test_try as its base version is not 19.0.1.3. 
2026-07-15 09:46:59,526 49738 WARNING theme_test odoo.addons.base.models.ir_cron: Skipping database theme_test as its base version is not 19.0.1.3. 
2026-07-15 09:47:08,269 49738 WARNING 19_theme_setting odoo.addons.base.models.ir_cron: Skipping database 19_theme_setting as its base version is not 19.0.1.3. 
2026-07-15 09:47:08,273 49738 WARNING manas odoo.addons.base.models.ir_cron: Skipping database manas as its base version is not 19.0.1.3. 
2026-07-15 09:47:08,276 49738 WARNING odoo_19_test_try odoo.addons.base.models.ir_cron: Skipping database odoo_19_test_try as its base version is not 19.0.1.3. 
2026-07-15 09:47:08,278 49738 WARNING theme_test odoo.addons.base.models.ir_cron: Skipping database theme_test as its base version is not 19.0.1.3. 
2026-07-15 09:47:59,603 49738 WARNING 19_theme_setting odoo.addons.base.models.ir_cron: Skipping database 19_theme_setting as its base version is not 19.0.1.3. 
2026-07-15 09:47:59,607 49738 WARNING manas odoo.addons.base.models.ir_cron: Skipping database manas as its base version is not 19.0.1.3. 
2026-07-15 09:47:59,611 49738 WARNING odoo_19_test_try odoo.addons.base.models.ir_cron: Skipping database odoo_19_test_try as its base version is not 19.0.1.3. 
2026-07-15 09:47:59,629 49738 INFO tezzzzzzzzzzzzzzzzzzzzz odoo.addons.base.models.ir_cron: Job 'Payment: Post-process transactions' (15) starting 
2026-07-15 09:47:59,689 49738 INFO tezzzzzzzzzzzzzzzzzzzzz odoo.addons.base.models.ir_cron: Job 'Payment: Post-process transactions' (15) fully done (#loop 1; done 0; remaining 0; duration 0.06s) 
2026-07-15 09:47:59,694 49738 WARNING theme_test odoo.addons.base.models.ir_cron: Skipping database theme_test as its base version is not 19.0.1.3. 
2026-07-15 09:48:09,334 49738 WARNING 19_theme_setting odoo.addons.base.models.ir_cron: Skipping database 19_theme_setting as its base version is not 19.0.1.3. 
2026-07-15 09:48:09,339 49738 WARNING manas odoo.addons.base.models.ir_cron: Skipping database manas as its base version is not 19.0.1.3. 
2026-07-15 09:48:09,343 49738 WARNING odoo_19_test_try odoo.addons.base.models.ir_cron: Skipping database odoo_19_test_try as its base version is not 19.0.1.3. 
2026-07-15 09:48:09,345 49738 WARNING theme_test odoo.addons.base.models.ir_cron: Skipping database theme_test as its base version is not 19.0.1.3. 
2026-07-15 09:48:59,722 49738 WARNING 19_theme_setting odoo.addons.base.models.ir_cron: Skipping database 19_theme_setting as its base version is not 19.0.1.3. 
2026-07-15 09:48:59,726 49738 WARNING manas odoo.addons.base.models.ir_cron: Skipping database manas as its base version is not 19.0.1.3. 
2026-07-15 09:48:59,770 49738 INFO new_360_dashboard odoo.modules.loading: loading 1 modules... 
2026-07-15 09:48:59,775 49738 INFO new_360_dashboard odoo.modules.loading: 1 modules loaded in 0.00s, 0 queries (+0 extra) 
2026-07-15 09:48:59,784 49738 INFO new_360_dashboard odoo.modules.module_graph: module analytix_finance_dashboard: some depends are not loaded, skipped 
2026-07-15 09:48:59,789 49738 INFO new_360_dashboard odoo.modules.loading: loading 78 modules... 
2026-07-15 09:48:59,823 49738 INFO new_360_dashboard odoo.modules.loading: 78 modules loaded in 0.03s, 0 queries (+0 extra) 
2026-07-15 09:49:00,034 49738 ERROR new_360_dashboard odoo.modules.loading: Some modules are not loaded, some dependencies or manifest may be missing: ['analytix_finance_dashboard'] 
2026-07-15 09:49:00,035 49738 INFO new_360_dashboard odoo.modules.loading: Modules loaded. 
2026-07-15 09:49:00,078 49738 INFO new_360_dashboard odoo.registry: Registry loaded in 0.342s 
2026-07-15 09:49:00,080 49738 INFO new_360_dashboard odoo.addons.base.models.ir_cron: Job 'Notification: Notify scheduled messages' (8) starting 
2026-07-15 09:49:00,167 49738 INFO new_360_dashboard odoo.addons.base.models.ir_cron: Job 'Notification: Notify scheduled messages' (8) fully done (#loop 1; done 0; remaining 0; duration 0.09s) 
2026-07-15 09:49:00,202 49738 INFO new_360_dashboard odoo.addons.base.models.ir_cron: Job 'Mail: Email Queue Manager' (3) starting 
2026-07-15 09:49:00,221 49738 INFO new_360_dashboard odoo.addons.base.models.ir_cron: Job 'Mail: Email Queue Manager' (3) fully done (#loop 1; done 0; remaining 0; duration 0.02s) 
2026-07-15 09:49:00,226 49738 WARNING odoo_19_test_try odoo.addons.base.models.ir_cron: Skipping database odoo_19_test_try as its base version is not 19.0.1.3. 
2026-07-15 09:49:00,228 49738 WARNING theme_test odoo.addons.base.models.ir_cron: Skipping database theme_test as its base version is not 19.0.1.3. 
2026-07-15 09:49:10,431 49738 WARNING 19_theme_setting odoo.addons.base.models.ir_cron: Skipping database 19_theme_setting as its base version is not 19.0.1.3. 
2026-07-15 09:49:10,437 49738 WARNING manas odoo.addons.base.models.ir_cron: Skipping database manas as its base version is not 19.0.1.3. 
2026-07-15 09:49:10,441 49738 WARNING odoo_19_test_try odoo.addons.base.models.ir_cron: Skipping database odoo_19_test_try as its base version is not 19.0.1.3. 
2026-07-15 09:49:10,444 49738 WARNING theme_test odoo.addons.base.models.ir_cron: Skipping database theme_test as its base version is not 19.0.1.3. 
2026-07-15 09:50:00,304 49738 WARNING 19_theme_setting odoo.addons.base.models.ir_cron: Skipping database 19_theme_setting as its base version is not 19.0.1.3. 
2026-07-15 09:50:00,309 49738 WARNING manas odoo.addons.base.models.ir_cron: Skipping database manas as its base version is not 19.0.1.3. 
2026-07-15 09:50:00,314 49738 WARNING odoo_19_test_try odoo.addons.base.models.ir_cron: Skipping database odoo_19_test_try as its base version is not 19.0.1.3. 
2026-07-15 09:50:00,316 49738 WARNING theme_test odoo.addons.base.models.ir_cron: Skipping database theme_test as its base version is not 19.0.1.3. 
2026-07-15 09:50:11,531 49738 WARNING 19_theme_setting odoo.addons.base.models.ir_cron: Skipping database 19_theme_setting as its base version is not 19.0.1.3. 
2026-07-15 09:50:11,535 49738 WARNING manas odoo.addons.base.models.ir_cron: Skipping database manas as its base version is not 19.0.1.3. 
2026-07-15 09:50:11,540 49738 WARNING odoo_19_test_try odoo.addons.base.models.ir_cron: Skipping database odoo_19_test_try as its base version is not 19.0.1.3. 
2026-07-15 09:50:11,542 49738 WARNING theme_test odoo.addons.base.models.ir_cron: Skipping database theme_test as its base version is not 19.0.1.3. 
2026-07-15 09:51:00,389 49738 WARNING 19_theme_setting odoo.addons.base.models.ir_cron: Skipping database 19_theme_setting as its base version is not 19.0.1.3. 
2026-07-15 09:51:00,395 49738 WARNING manas odoo.addons.base.models.ir_cron: Skipping database manas as its base version is not 19.0.1.3. 
2026-07-15 09:51:00,400 49738 WARNING odoo_19_test_try odoo.addons.base.models.ir_cron: Skipping database odoo_19_test_try as its base version is not 19.0.1.3. 
2026-07-15 09:51:00,402 49738 WARNING theme_test odoo.addons.base.models.ir_cron: Skipping database theme_test as its base version is not 19.0.1.3. 
2026-07-15 09:51:12,618 49738 WARNING 19_theme_setting odoo.addons.base.models.ir_cron: Skipping database 19_theme_setting as its base version is not 19.0.1.3. 
2026-07-15 09:51:12,623 49738 WARNING manas odoo.addons.base.models.ir_cron: Skipping database manas as its base version is not 19.0.1.3. 
2026-07-15 09:51:12,627 49738 WARNING odoo_19_test_try odoo.addons.base.models.ir_cron: Skipping database odoo_19_test_try as its base version is not 19.0.1.3. 
2026-07-15 09:51:12,630 49738 WARNING theme_test odoo.addons.base.models.ir_cron: Skipping database theme_test as its base version is not 19.0.1.3. 
2026-07-15 09:52:00,471 49738 WARNING 19_theme_setting odoo.addons.base.models.ir_cron: Skipping database 19_theme_setting as its base version is not 19.0.1.3. 
2026-07-15 09:52:00,476 49738 WARNING manas odoo.addons.base.models.ir_cron: Skipping database manas as its base version is not 19.0.1.3. 
2026-07-15 09:52:00,481 49738 WARNING odoo_19_test_try odoo.addons.base.models.ir_cron: Skipping database odoo_19_test_try as its base version is not 19.0.1.3. 
2026-07-15 09:52:00,483 49738 WARNING theme_test odoo.addons.base.models.ir_cron: Skipping database theme_test as its base version is not 19.0.1.3. 
2026-07-15 09:52:13,673 49738 WARNING 19_theme_setting odoo.addons.base.models.ir_cron: Skipping database 19_theme_setting as its base version is not 19.0.1.3. 
2026-07-15 09:52:13,677 49738 WARNING manas odoo.addons.base.models.ir_cron: Skipping database manas as its base version is not 19.0.1.3. 
2026-07-15 09:52:13,682 49738 WARNING odoo_19_test_try odoo.addons.base.models.ir_cron: Skipping database odoo_19_test_try as its base version is not 19.0.1.3. 
2026-07-15 09:52:13,684 49738 WARNING theme_test odoo.addons.base.models.ir_cron: Skipping database theme_test as its base version is not 19.0.1.3. 
2026-07-15 09:53:00,559 49738 WARNING 19_theme_setting odoo.addons.base.models.ir_cron: Skipping database 19_theme_setting as its base version is not 19.0.1.3. 
2026-07-15 09:53:00,563 49738 WARNING manas odoo.addons.base.models.ir_cron: Skipping database manas as its base version is not 19.0.1.3. 
2026-07-15 09:53:00,568 49738 WARNING odoo_19_test_try odoo.addons.base.models.ir_cron: Skipping database odoo_19_test_try as its base version is not 19.0.1.3. 
2026-07-15 09:53:00,570 49738 WARNING theme_test odoo.addons.base.models.ir_cron: Skipping database theme_test as its base version is not 19.0.1.3. 
2026-07-15 09:53:14,772 49738 WARNING 19_theme_setting odoo.addons.base.models.ir_cron: Skipping database 19_theme_setting as its base version is not 19.0.1.3. 
2026-07-15 09:53:14,776 49738 WARNING manas odoo.addons.base.models.ir_cron: Skipping database manas as its base version is not 19.0.1.3. 
2026-07-15 09:53:14,781 49738 WARNING odoo_19_test_try odoo.addons.base.models.ir_cron: Skipping database odoo_19_test_try as its base version is not 19.0.1.3. 
2026-07-15 09:53:14,783 49738 WARNING theme_test odoo.addons.base.models.ir_cron: Skipping database theme_test as its base version is not 19.0.1.3. 
2026-07-15 09:54:00,643 49738 WARNING 19_theme_setting odoo.addons.base.models.ir_cron: Skipping database 19_theme_setting as its base version is not 19.0.1.3. 
2026-07-15 09:54:00,652 49738 WARNING manas odoo.addons.base.models.ir_cron: Skipping database manas as its base version is not 19.0.1.3. 
2026-07-15 09:54:00,658 49738 WARNING odoo_19_test_try odoo.addons.base.models.ir_cron: Skipping database odoo_19_test_try as its base version is not 19.0.1.3. 
2026-07-15 09:54:00,662 49738 WARNING theme_test odoo.addons.base.models.ir_cron: Skipping database theme_test as its base version is not 19.0.1.3. 
2026-07-15 09:54:15,875 49738 WARNING 19_theme_setting odoo.addons.base.models.ir_cron: Skipping database 19_theme_setting as its base version is not 19.0.1.3. 
2026-07-15 09:54:15,883 49738 WARNING manas odoo.addons.base.models.ir_cron: Skipping database manas as its base version is not 19.0.1.3. 
2026-07-15 09:54:15,890 49738 WARNING odoo_19_test_try odoo.addons.base.models.ir_cron: Skipping database odoo_19_test_try as its base version is not 19.0.1.3. 
2026-07-15 09:54:15,895 49738 WARNING theme_test odoo.addons.base.models.ir_cron: Skipping database theme_test as its base version is not 19.0.1.3. 
2026-07-15 09:55:00,741 49738 WARNING 19_theme_setting odoo.addons.base.models.ir_cron: Skipping database 19_theme_setting as its base version is not 19.0.1.3. 
2026-07-15 09:55:00,748 49738 WARNING manas odoo.addons.base.models.ir_cron: Skipping database manas as its base version is not 19.0.1.3. 
2026-07-15 09:55:00,754 49738 WARNING odoo_19_test_try odoo.addons.base.models.ir_cron: Skipping database odoo_19_test_try as its base version is not 19.0.1.3. 
2026-07-15 09:55:00,758 49738 WARNING theme_test odoo.addons.base.models.ir_cron: Skipping database theme_test as its base version is not 19.0.1.3. 
2026-07-15 09:55:16,932 49738 WARNING 19_theme_setting odoo.addons.base.models.ir_cron: Skipping database 19_theme_setting as its base version is not 19.0.1.3. 
2026-07-15 09:55:16,936 49738 WARNING manas odoo.addons.base.models.ir_cron: Skipping database manas as its base version is not 19.0.1.3. 
2026-07-15 09:55:16,939 49738 WARNING odoo_19_test_try odoo.addons.base.models.ir_cron: Skipping database odoo_19_test_try as its base version is not 19.0.1.3. 
2026-07-15 09:55:16,941 49738 WARNING theme_test odoo.addons.base.models.ir_cron: Skipping database theme_test as its base version is not 19.0.1.3. 
2026-07-15 09:56:00,792 49738 WARNING 19_theme_setting odoo.addons.base.models.ir_cron: Skipping database 19_theme_setting as its base version is not 19.0.1.3. 
2026-07-15 09:56:00,800 49738 WARNING manas odoo.addons.base.models.ir_cron: Skipping database manas as its base version is not 19.0.1.3. 
2026-07-15 09:56:00,807 49738 WARNING odoo_19_test_try odoo.addons.base.models.ir_cron: Skipping database odoo_19_test_try as its base version is not 19.0.1.3. 
2026-07-15 09:56:00,811 49738 WARNING theme_test odoo.addons.base.models.ir_cron: Skipping database theme_test as its base version is not 19.0.1.3. 
2026-07-15 09:56:17,996 49738 WARNING 19_theme_setting odoo.addons.base.models.ir_cron: Skipping database 19_theme_setting as its base version is not 19.0.1.3. 
2026-07-15 09:56:18,002 49738 WARNING manas odoo.addons.base.models.ir_cron: Skipping database manas as its base version is not 19.0.1.3. 
2026-07-15 09:56:18,008 49738 WARNING odoo_19_test_try odoo.addons.base.models.ir_cron: Skipping database odoo_19_test_try as its base version is not 19.0.1.3. 
2026-07-15 09:56:18,012 49738 WARNING theme_test odoo.addons.base.models.ir_cron: Skipping database theme_test as its base version is not 19.0.1.3. 
2026-07-15 09:57:00,894 49738 WARNING 19_theme_setting odoo.addons.base.models.ir_cron: Skipping database 19_theme_setting as its base version is not 19.0.1.3. 
2026-07-15 09:57:00,902 49738 WARNING manas odoo.addons.base.models.ir_cron: Skipping database manas as its base version is not 19.0.1.3. 
2026-07-15 09:57:00,909 49738 WARNING odoo_19_test_try odoo.addons.base.models.ir_cron: Skipping database odoo_19_test_try as its base version is not 19.0.1.3. 
2026-07-15 09:57:00,913 49738 WARNING theme_test odoo.addons.base.models.ir_cron: Skipping database theme_test as its base version is not 19.0.1.3. 
2026-07-15 09:57:19,106 49738 WARNING 19_theme_setting odoo.addons.base.models.ir_cron: Skipping database 19_theme_setting as its base version is not 19.0.1.3. 
2026-07-15 09:57:19,112 49738 WARNING manas odoo.addons.base.models.ir_cron: Skipping database manas as its base version is not 19.0.1.3. 
2026-07-15 09:57:19,118 49738 WARNING odoo_19_test_try odoo.addons.base.models.ir_cron: Skipping database odoo_19_test_try as its base version is not 19.0.1.3. 
2026-07-15 09:57:19,123 49738 INFO tezzzzzzzzzzzzzzzzzzzzz odoo.addons.base.models.ir_cron: Job 'Notification: Notify scheduled messages' (8) starting 
2026-07-15 09:57:19,148 49738 INFO tezzzzzzzzzzzzzzzzzzzzz odoo.addons.base.models.ir_cron: Job 'Notification: Notify scheduled messages' (8) fully done (#loop 1; done 0; remaining 0; duration 0.02s) 
2026-07-15 09:57:19,159 49738 INFO tezzzzzzzzzzzzzzzzzzzzz odoo.addons.base.models.ir_cron: Job 'Mail: Email Queue Manager' (3) starting 
2026-07-15 09:57:19,190 49738 INFO tezzzzzzzzzzzzzzzzzzzzz odoo.addons.base.models.ir_cron: Job 'Mail: Email Queue Manager' (3) fully done (#loop 1; done 0; remaining 0; duration 0.03s) 
2026-07-15 09:57:19,193 49738 WARNING theme_test odoo.addons.base.models.ir_cron: Skipping database theme_test as its base version is not 19.0.1.3. 
2026-07-15 09:58:00,995 49738 WARNING 19_theme_setting odoo.addons.base.models.ir_cron: Skipping database 19_theme_setting as its base version is not 19.0.1.3. 
2026-07-15 09:58:01,002 49738 WARNING manas odoo.addons.base.models.ir_cron: Skipping database manas as its base version is not 19.0.1.3. 
2026-07-15 09:58:01,008 49738 WARNING odoo_19_test_try odoo.addons.base.models.ir_cron: Skipping database odoo_19_test_try as its base version is not 19.0.1.3. 
2026-07-15 09:58:01,013 49738 INFO tezzzzzzzzzzzzzzzzzzzzz odoo.addons.base.models.ir_cron: Job 'Payment: Post-process transactions' (15) starting 
2026-07-15 09:58:01,032 49738 INFO tezzzzzzzzzzzzzzzzzzzzz odoo.addons.base.models.ir_cron: Job 'Payment: Post-process transactions' (15) fully done (#loop 1; done 0; remaining 0; duration 0.02s) 
2026-07-15 09:58:01,048 49738 WARNING theme_test odoo.addons.base.models.ir_cron: Skipping database theme_test as its base version is not 19.0.1.3. 
2026-07-15 09:58:20,230 49738 WARNING 19_theme_setting odoo.addons.base.models.ir_cron: Skipping database 19_theme_setting as its base version is not 19.0.1.3. 
2026-07-15 09:58:20,237 49738 WARNING manas odoo.addons.base.models.ir_cron: Skipping database manas as its base version is not 19.0.1.3. 
2026-07-15 09:58:20,242 49738 WARNING odoo_19_test_try odoo.addons.base.models.ir_cron: Skipping database odoo_19_test_try as its base version is not 19.0.1.3. 
2026-07-15 09:58:20,245 49738 WARNING theme_test odoo.addons.base.models.ir_cron: Skipping database theme_test as its base version is not 19.0.1.3. 
2026-07-15 09:59:01,119 49738 WARNING 19_theme_setting odoo.addons.base.models.ir_cron: Skipping database 19_theme_setting as its base version is not 19.0.1.3. 
2026-07-15 09:59:01,125 49738 WARNING manas odoo.addons.base.models.ir_cron: Skipping database manas as its base version is not 19.0.1.3. 
2026-07-15 09:59:01,131 49738 WARNING odoo_19_test_try odoo.addons.base.models.ir_cron: Skipping database odoo_19_test_try as its base version is not 19.0.1.3. 
2026-07-15 09:59:01,135 49738 WARNING theme_test odoo.addons.base.models.ir_cron: Skipping database theme_test as its base version is not 19.0.1.3. 
2026-07-15 09:59:21,338 49738 WARNING 19_theme_setting odoo.addons.base.models.ir_cron: Skipping database 19_theme_setting as its base version is not 19.0.1.3. 
2026-07-15 09:59:21,345 49738 WARNING manas odoo.addons.base.models.ir_cron: Skipping database manas as its base version is not 19.0.1.3. 
2026-07-15 09:59:21,352 49738 WARNING odoo_19_test_try odoo.addons.base.models.ir_cron: Skipping database odoo_19_test_try as its base version is not 19.0.1.3. 
2026-07-15 09:59:21,356 49738 WARNING theme_test odoo.addons.base.models.ir_cron: Skipping database theme_test as its base version is not 19.0.1.3. 
2026-07-15 10:00:01,177 49738 WARNING 19_theme_setting odoo.addons.base.models.ir_cron: Skipping database 19_theme_setting as its base version is not 19.0.1.3. 
2026-07-15 10:00:01,186 49738 WARNING manas odoo.addons.base.models.ir_cron: Skipping database manas as its base version is not 19.0.1.3. 
2026-07-15 10:00:01,192 49738 WARNING odoo_19_test_try odoo.addons.base.models.ir_cron: Skipping database odoo_19_test_try as its base version is not 19.0.1.3. 
2026-07-15 10:00:01,195 49738 WARNING theme_test odoo.addons.base.models.ir_cron: Skipping database theme_test as its base version is not 19.0.1.3. 
2026-07-15 10:00:22,448 49738 WARNING 19_theme_setting odoo.addons.base.models.ir_cron: Skipping database 19_theme_setting as its base version is not 19.0.1.3. 
2026-07-15 10:00:22,455 49738 WARNING manas odoo.addons.base.models.ir_cron: Skipping database manas as its base version is not 19.0.1.3. 
2026-07-15 10:00:22,460 49738 WARNING odoo_19_test_try odoo.addons.base.models.ir_cron: Skipping database odoo_19_test_try as its base version is not 19.0.1.3. 
2026-07-15 10:00:22,463 49738 WARNING theme_test odoo.addons.base.models.ir_cron: Skipping database theme_test as its base version is not 19.0.1.3. 
2026-07-15 10:01:01,279 49738 WARNING 19_theme_setting odoo.addons.base.models.ir_cron: Skipping database 19_theme_setting as its base version is not 19.0.1.3. 
2026-07-15 10:01:01,285 49738 WARNING manas odoo.addons.base.models.ir_cron: Skipping database manas as its base version is not 19.0.1.3. 
2026-07-15 10:01:01,290 49738 WARNING odoo_19_test_try odoo.addons.base.models.ir_cron: Skipping database odoo_19_test_try as its base version is not 19.0.1.3. 
2026-07-15 10:01:01,293 49738 WARNING theme_test odoo.addons.base.models.ir_cron: Skipping database theme_test as its base version is not 19.0.1.3. 
2026-07-15 10:01:23,554 49738 WARNING 19_theme_setting odoo.addons.base.models.ir_cron: Skipping database 19_theme_setting as its base version is not 19.0.1.3. 
2026-07-15 10:01:23,559 49738 WARNING manas odoo.addons.base.models.ir_cron: Skipping database manas as its base version is not 19.0.1.3. 
2026-07-15 10:01:23,564 49738 WARNING odoo_19_test_try odoo.addons.base.models.ir_cron: Skipping database odoo_19_test_try as its base version is not 19.0.1.3. 
2026-07-15 10:01:23,567 49738 WARNING theme_test odoo.addons.base.models.ir_cron: Skipping database theme_test as its base version is not 19.0.1.3. 
2026-07-15 10:02:01,365 49738 WARNING 19_theme_setting odoo.addons.base.models.ir_cron: Skipping database 19_theme_setting as its base version is not 19.0.1.3. 
2026-07-15 10:02:01,372 49738 WARNING manas odoo.addons.base.models.ir_cron: Skipping database manas as its base version is not 19.0.1.3. 
2026-07-15 10:02:01,379 49738 WARNING odoo_19_test_try odoo.addons.base.models.ir_cron: Skipping database odoo_19_test_try as its base version is not 19.0.1.3. 
2026-07-15 10:02:01,382 49738 WARNING theme_test odoo.addons.base.models.ir_cron: Skipping database theme_test as its base version is not 19.0.1.3. 
2026-07-15 10:02:24,651 49738 WARNING 19_theme_setting odoo.addons.base.models.ir_cron: Skipping database 19_theme_setting as its base version is not 19.0.1.3. 
2026-07-15 10:02:24,655 49738 WARNING manas odoo.addons.base.models.ir_cron: Skipping database manas as its base version is not 19.0.1.3. 
2026-07-15 10:02:24,700 49738 INFO odoo19_demo odoo.modules.loading: loading 1 modules... 
2026-07-15 10:02:24,703 49738 INFO odoo19_demo odoo.modules.loading: 1 modules loaded in 0.00s, 0 queries (+0 extra) 
2026-07-15 10:02:24,710 49738 INFO odoo19_demo odoo.modules.loading: loading 92 modules... 
2026-07-15 10:02:24,737 49738 INFO odoo19_demo odoo.modules.loading: 92 modules loaded in 0.03s, 0 queries (+0 extra) 
2026-07-15 10:02:24,897 49738 INFO odoo19_demo odoo.modules.loading: Modules loaded. 
2026-07-15 10:02:24,927 49738 INFO odoo19_demo odoo.registry: Registry loaded in 0.263s 
2026-07-15 10:02:24,929 49738 INFO odoo19_demo odoo.addons.base.models.ir_cron: Job 'Notification: Notify scheduled messages' (8) starting 
2026-07-15 10:02:25,024 49738 INFO odoo19_demo odoo.addons.base.models.ir_cron: Job 'Notification: Notify scheduled messages' (8) fully done (#loop 1; done 0; remaining 0; duration 0.10s) 
2026-07-15 10:02:25,042 49738 INFO odoo19_demo odoo.addons.base.models.ir_cron: Job 'Mail: Email Queue Manager' (3) starting 
2026-07-15 10:02:25,061 49738 INFO odoo19_demo odoo.addons.base.models.ir_cron: Job 'Mail: Email Queue Manager' (3) fully done (#loop 1; done 0; remaining 0; duration 0.02s) 
2026-07-15 10:02:25,063 49738 WARNING odoo_19_test_try odoo.addons.base.models.ir_cron: Skipping database odoo_19_test_try as its base version is not 19.0.1.3. 
2026-07-15 10:02:25,065 49738 WARNING theme_test odoo.addons.base.models.ir_cron: Skipping database theme_test as its base version is not 19.0.1.3. 
2026-07-15 10:03:01,466 49738 WARNING 19_theme_setting odoo.addons.base.models.ir_cron: Skipping database 19_theme_setting as its base version is not 19.0.1.3. 
2026-07-15 10:03:01,473 49738 WARNING manas odoo.addons.base.models.ir_cron: Skipping database manas as its base version is not 19.0.1.3. 
2026-07-15 10:03:01,478 49738 WARNING odoo_19_test_try odoo.addons.base.models.ir_cron: Skipping database odoo_19_test_try as its base version is not 19.0.1.3. 
2026-07-15 10:03:01,481 49738 WARNING theme_test odoo.addons.base.models.ir_cron: Skipping database theme_test as its base version is not 19.0.1.3. 
2026-07-15 10:03:26,140 49738 WARNING 19_theme_setting odoo.addons.base.models.ir_cron: Skipping database 19_theme_setting as its base version is not 19.0.1.3. 
2026-07-15 10:03:26,146 49738 WARNING manas odoo.addons.base.models.ir_cron: Skipping database manas as its base version is not 19.0.1.3. 
2026-07-15 10:03:26,151 49738 WARNING odoo_19_test_try odoo.addons.base.models.ir_cron: Skipping database odoo_19_test_try as its base version is not 19.0.1.3. 
2026-07-15 10:03:26,154 49738 WARNING theme_test odoo.addons.base.models.ir_cron: Skipping database theme_test as its base version is not 19.0.1.3. 
2026-07-15 10:04:01,562 49738 WARNING 19_theme_setting odoo.addons.base.models.ir_cron: Skipping database 19_theme_setting as its base version is not 19.0.1.3. 
2026-07-15 10:04:01,569 49738 WARNING manas odoo.addons.base.models.ir_cron: Skipping database manas as its base version is not 19.0.1.3. 
2026-07-15 10:04:01,574 49738 WARNING odoo_19_test_try odoo.addons.base.models.ir_cron: Skipping database odoo_19_test_try as its base version is not 19.0.1.3. 
2026-07-15 10:04:01,577 49738 WARNING theme_test odoo.addons.base.models.ir_cron: Skipping database theme_test as its base version is not 19.0.1.3. 
2026-07-15 10:04:27,245 49738 WARNING 19_theme_setting odoo.addons.base.models.ir_cron: Skipping database 19_theme_setting as its base version is not 19.0.1.3. 
2026-07-15 10:04:27,252 49738 WARNING manas odoo.addons.base.models.ir_cron: Skipping database manas as its base version is not 19.0.1.3. 
2026-07-15 10:04:27,259 49738 WARNING odoo_19_test_try odoo.addons.base.models.ir_cron: Skipping database odoo_19_test_try as its base version is not 19.0.1.3. 
2026-07-15 10:04:27,263 49738 WARNING theme_test odoo.addons.base.models.ir_cron: Skipping database theme_test as its base version is not 19.0.1.3. 
2026-07-15 10:05:01,659 49738 WARNING 19_theme_setting odoo.addons.base.models.ir_cron: Skipping database 19_theme_setting as its base version is not 19.0.1.3. 
2026-07-15 10:05:01,664 49738 WARNING manas odoo.addons.base.models.ir_cron: Skipping database manas as its base version is not 19.0.1.3. 
2026-07-15 10:05:01,670 49738 WARNING odoo_19_test_try odoo.addons.base.models.ir_cron: Skipping database odoo_19_test_try as its base version is not 19.0.1.3. 
2026-07-15 10:05:01,673 49738 WARNING theme_test odoo.addons.base.models.ir_cron: Skipping database theme_test as its base version is not 19.0.1.3. 
2026-07-15 10:05:28,354 49738 WARNING 19_theme_setting odoo.addons.base.models.ir_cron: Skipping database 19_theme_setting as its base version is not 19.0.1.3. 
2026-07-15 10:05:28,359 49738 WARNING manas odoo.addons.base.models.ir_cron: Skipping database manas as its base version is not 19.0.1.3. 
2026-07-15 10:05:28,365 49738 WARNING odoo_19_test_try odoo.addons.base.models.ir_cron: Skipping database odoo_19_test_try as its base version is not 19.0.1.3. 
2026-07-15 10:05:28,368 49738 WARNING theme_test odoo.addons.base.models.ir_cron: Skipping database theme_test as its base version is not 19.0.1.3. 
2026-07-15 10:06:01,755 49738 WARNING 19_theme_setting odoo.addons.base.models.ir_cron: Skipping database 19_theme_setting as its base version is not 19.0.1.3. 
2026-07-15 10:06:01,761 49738 WARNING manas odoo.addons.base.models.ir_cron: Skipping database manas as its base version is not 19.0.1.3. 
2026-07-15 10:06:01,767 49738 WARNING odoo_19_test_try odoo.addons.base.models.ir_cron: Skipping database odoo_19_test_try as its base version is not 19.0.1.3. 
2026-07-15 10:06:01,771 49738 WARNING theme_test odoo.addons.base.models.ir_cron: Skipping database theme_test as its base version is not 19.0.1.3. 
2026-07-15 10:06:29,460 49738 WARNING 19_theme_setting odoo.addons.base.models.ir_cron: Skipping database 19_theme_setting as its base version is not 19.0.1.3. 
2026-07-15 10:06:29,467 49738 WARNING manas odoo.addons.base.models.ir_cron: Skipping database manas as its base version is not 19.0.1.3. 
2026-07-15 10:06:29,475 49738 WARNING odoo_19_test_try odoo.addons.base.models.ir_cron: Skipping database odoo_19_test_try as its base version is not 19.0.1.3. 
2026-07-15 10:06:29,479 49738 WARNING theme_test odoo.addons.base.models.ir_cron: Skipping database theme_test as its base version is not 19.0.1.3. 
2026-07-15 10:07:01,855 49738 WARNING 19_theme_setting odoo.addons.base.models.ir_cron: Skipping database 19_theme_setting as its base version is not 19.0.1.3. 
2026-07-15 10:07:01,860 49738 WARNING manas odoo.addons.base.models.ir_cron: Skipping database manas as its base version is not 19.0.1.3. 
2026-07-15 10:07:01,865 49738 WARNING odoo_19_test_try odoo.addons.base.models.ir_cron: Skipping database odoo_19_test_try as its base version is not 19.0.1.3. 
2026-07-15 10:07:01,869 49738 WARNING theme_test odoo.addons.base.models.ir_cron: Skipping database theme_test as its base version is not 19.0.1.3. 
2026-07-15 10:07:30,572 49738 WARNING 19_theme_setting odoo.addons.base.models.ir_cron: Skipping database 19_theme_setting as its base version is not 19.0.1.3. 
2026-07-15 10:07:30,580 49738 WARNING manas odoo.addons.base.models.ir_cron: Skipping database manas as its base version is not 19.0.1.3. 
2026-07-15 10:07:30,586 49738 WARNING odoo_19_test_try odoo.addons.base.models.ir_cron: Skipping database odoo_19_test_try as its base version is not 19.0.1.3. 
2026-07-15 10:07:30,591 49738 INFO tezzzzzzzzzzzzzzzzzzzzz odoo.addons.base.models.ir_cron: Job 'Payment: Post-process transactions' (15) starting 
2026-07-15 10:07:30,605 49738 INFO tezzzzzzzzzzzzzzzzzzzzz odoo.addons.base.models.ir_cron: Job 'Payment: Post-process transactions' (15) fully done (#loop 1; done 0; remaining 0; duration 0.01s) 
2026-07-15 10:07:30,612 49738 WARNING theme_test odoo.addons.base.models.ir_cron: Skipping database theme_test as its base version is not 19.0.1.3. 
2026-07-15 10:08:01,952 49738 WARNING 19_theme_setting odoo.addons.base.models.ir_cron: Skipping database 19_theme_setting as its base version is not 19.0.1.3. 
2026-07-15 10:08:01,958 49738 WARNING manas odoo.addons.base.models.ir_cron: Skipping database manas as its base version is not 19.0.1.3. 
2026-07-15 10:08:01,963 49738 WARNING odoo_19_test_try odoo.addons.base.models.ir_cron: Skipping database odoo_19_test_try as its base version is not 19.0.1.3. 
2026-07-15 10:08:01,966 49738 WARNING theme_test odoo.addons.base.models.ir_cron: Skipping database theme_test as its base version is not 19.0.1.3. 
2026-07-15 10:08:31,705 49738 WARNING 19_theme_setting odoo.addons.base.models.ir_cron: Skipping database 19_theme_setting as its base version is not 19.0.1.3. 
2026-07-15 10:08:31,712 49738 WARNING manas odoo.addons.base.models.ir_cron: Skipping database manas as its base version is not 19.0.1.3. 
2026-07-15 10:08:31,718 49738 WARNING odoo_19_test_try odoo.addons.base.models.ir_cron: Skipping database odoo_19_test_try as its base version is not 19.0.1.3. 
2026-07-15 10:08:31,721 49738 WARNING theme_test odoo.addons.base.models.ir_cron: Skipping database theme_test as its base version is not 19.0.1.3. 
2026-07-15 10:09:02,048 49738 WARNING 19_theme_setting odoo.addons.base.models.ir_cron: Skipping database 19_theme_setting as its base version is not 19.0.1.3. 
2026-07-15 10:09:02,054 49738 WARNING manas odoo.addons.base.models.ir_cron: Skipping database manas as its base version is not 19.0.1.3. 
2026-07-15 10:09:02,060 49738 WARNING odoo_19_test_try odoo.addons.base.models.ir_cron: Skipping database odoo_19_test_try as its base version is not 19.0.1.3. 
2026-07-15 10:09:02,063 49738 WARNING theme_test odoo.addons.base.models.ir_cron: Skipping database theme_test as its base version is not 19.0.1.3. 
2026-07-15 10:09:32,813 49738 WARNING 19_theme_setting odoo.addons.base.models.ir_cron: Skipping database 19_theme_setting as its base version is not 19.0.1.3. 
2026-07-15 10:09:32,818 49738 WARNING manas odoo.addons.base.models.ir_cron: Skipping database manas as its base version is not 19.0.1.3. 
2026-07-15 10:09:32,824 49738 WARNING odoo_19_test_try odoo.addons.base.models.ir_cron: Skipping database odoo_19_test_try as its base version is not 19.0.1.3. 
2026-07-15 10:09:32,827 49738 WARNING theme_test odoo.addons.base.models.ir_cron: Skipping database theme_test as its base version is not 19.0.1.3. 
2026-07-15 10:10:02,145 49738 WARNING 19_theme_setting odoo.addons.base.models.ir_cron: Skipping database 19_theme_setting as its base version is not 19.0.1.3. 
2026-07-15 10:10:02,152 49738 WARNING manas odoo.addons.base.models.ir_cron: Skipping database manas as its base version is not 19.0.1.3. 
2026-07-15 10:10:02,158 49738 WARNING odoo_19_test_try odoo.addons.base.models.ir_cron: Skipping database odoo_19_test_try as its base version is not 19.0.1.3. 
2026-07-15 10:10:02,161 49738 WARNING theme_test odoo.addons.base.models.ir_cron: Skipping database theme_test as its base version is not 19.0.1.3. 
2026-07-15 10:10:33,921 49738 WARNING 19_theme_setting odoo.addons.base.models.ir_cron: Skipping database 19_theme_setting as its base version is not 19.0.1.3. 
2026-07-15 10:10:33,929 49738 WARNING manas odoo.addons.base.models.ir_cron: Skipping database manas as its base version is not 19.0.1.3. 
2026-07-15 10:10:33,988 49738 INFO manas_test odoo.modules.loading: loading 1 modules... 
2026-07-15 10:10:33,993 49738 INFO manas_test odoo.modules.loading: 1 modules loaded in 0.01s, 0 queries (+0 extra) 
2026-07-15 10:10:34,006 49738 INFO manas_test odoo.modules.loading: loading 62 modules... 
2026-07-15 10:10:34,046 49738 INFO manas_test odoo.modules.loading: 62 modules loaded in 0.04s, 0 queries (+0 extra) 
2026-07-15 10:10:34,284 49738 INFO manas_test odoo.modules.loading: Modules loaded. 
2026-07-15 10:10:34,320 49738 INFO manas_test odoo.registry: Registry loaded in 0.377s 
2026-07-15 10:10:34,324 49738 INFO manas_test odoo.addons.base.models.ir_cron: Job 'Notification: Notify scheduled messages' (8) starting 
2026-07-15 10:10:34,430 49738 INFO manas_test odoo.addons.base.models.ir_cron: Job 'Notification: Notify scheduled messages' (8) fully done (#loop 1; done 0; remaining 0; duration 0.11s) 
2026-07-15 10:10:34,461 49738 INFO manas_test odoo.addons.base.models.ir_cron: Job 'Mail: Email Queue Manager' (3) starting 
2026-07-15 10:10:34,480 49738 INFO manas_test odoo.addons.base.models.ir_cron: Job 'Mail: Email Queue Manager' (3) fully done (#loop 1; done 0; remaining 0; duration 0.02s) 
2026-07-15 10:10:34,486 49738 WARNING odoo_19_test_try odoo.addons.base.models.ir_cron: Skipping database odoo_19_test_try as its base version is not 19.0.1.3. 
2026-07-15 10:10:34,489 49738 WARNING theme_test odoo.addons.base.models.ir_cron: Skipping database theme_test as its base version is not 19.0.1.3. 
2026-07-15 10:11:02,228 49738 WARNING 19_theme_setting odoo.addons.base.models.ir_cron: Skipping database 19_theme_setting as its base version is not 19.0.1.3. 
2026-07-15 10:11:02,234 49738 WARNING manas odoo.addons.base.models.ir_cron: Skipping database manas as its base version is not 19.0.1.3. 
2026-07-15 10:11:02,240 49738 WARNING odoo_19_test_try odoo.addons.base.models.ir_cron: Skipping database odoo_19_test_try as its base version is not 19.0.1.3. 
2026-07-15 10:11:02,244 49738 WARNING theme_test odoo.addons.base.models.ir_cron: Skipping database theme_test as its base version is not 19.0.1.3. 
2026-07-15 10:11:35,580 49738 WARNING 19_theme_setting odoo.addons.base.models.ir_cron: Skipping database 19_theme_setting as its base version is not 19.0.1.3. 
2026-07-15 10:11:35,586 49738 WARNING manas odoo.addons.base.models.ir_cron: Skipping database manas as its base version is not 19.0.1.3. 
2026-07-15 10:11:35,591 49738 WARNING odoo_19_test_try odoo.addons.base.models.ir_cron: Skipping database odoo_19_test_try as its base version is not 19.0.1.3. 
2026-07-15 10:11:35,595 49738 WARNING theme_test odoo.addons.base.models.ir_cron: Skipping database theme_test as its base version is not 19.0.1.3. 
2026-07-15 10:12:02,320 49738 WARNING 19_theme_setting odoo.addons.base.models.ir_cron: Skipping database 19_theme_setting as its base version is not 19.0.1.3. 
2026-07-15 10:12:02,374 49738 INFO 360_r_test odoo.modules.loading: loading 1 modules... 
2026-07-15 10:12:02,380 49738 INFO 360_r_test odoo.modules.loading: 1 modules loaded in 0.01s, 0 queries (+0 extra) 
2026-07-15 10:12:02,391 49738 INFO 360_r_test odoo.modules.loading: loading 62 modules... 
2026-07-15 10:12:02,448 49738 INFO 360_r_test odoo.modules.loading: 62 modules loaded in 0.06s, 0 queries (+0 extra) 
2026-07-15 10:12:02,687 49738 INFO 360_r_test odoo.modules.loading: Modules loaded. 
2026-07-15 10:12:02,715 49738 INFO 360_r_test odoo.registry: Registry loaded in 0.384s 
2026-07-15 10:12:02,718 49738 INFO 360_r_test odoo.addons.base.models.ir_cron: Job 'Notification: Notify scheduled messages' (8) starting 
2026-07-15 10:12:02,880 49738 INFO 360_r_test odoo.addons.base.models.ir_cron: Job 'Notification: Notify scheduled messages' (8) fully done (#loop 1; done 0; remaining 0; duration 0.16s) 
2026-07-15 10:12:02,904 49738 INFO 360_r_test odoo.addons.base.models.ir_cron: Job 'Mail: Email Queue Manager' (3) starting 
2026-07-15 10:12:02,925 49738 INFO 360_r_test odoo.addons.base.models.ir_cron: Job 'Mail: Email Queue Manager' (3) fully done (#loop 1; done 0; remaining 0; duration 0.02s) 
2026-07-15 10:12:02,930 49738 WARNING manas odoo.addons.base.models.ir_cron: Skipping database manas as its base version is not 19.0.1.3. 
2026-07-15 10:12:02,939 49738 WARNING odoo_19_test_try odoo.addons.base.models.ir_cron: Skipping database odoo_19_test_try as its base version is not 19.0.1.3. 
2026-07-15 10:12:02,942 49738 WARNING theme_test odoo.addons.base.models.ir_cron: Skipping database theme_test as its base version is not 19.0.1.3. 
2026-07-15 10:12:36,688 49738 WARNING 19_theme_setting odoo.addons.base.models.ir_cron: Skipping database 19_theme_setting as its base version is not 19.0.1.3. 
2026-07-15 10:12:36,694 49738 WARNING manas odoo.addons.base.models.ir_cron: Skipping database manas as its base version is not 19.0.1.3. 
2026-07-15 10:12:36,700 49738 WARNING odoo_19_test_try odoo.addons.base.models.ir_cron: Skipping database odoo_19_test_try as its base version is not 19.0.1.3. 
2026-07-15 10:12:36,705 49738 WARNING theme_test odoo.addons.base.models.ir_cron: Skipping database theme_test as its base version is not 19.0.1.3. 
2026-07-15 10:13:03,022 49738 WARNING 19_theme_setting odoo.addons.base.models.ir_cron: Skipping database 19_theme_setting as its base version is not 19.0.1.3. 
2026-07-15 10:13:03,028 49738 WARNING manas odoo.addons.base.models.ir_cron: Skipping database manas as its base version is not 19.0.1.3. 
2026-07-15 10:13:03,035 49738 WARNING odoo_19_test_try odoo.addons.base.models.ir_cron: Skipping database odoo_19_test_try as its base version is not 19.0.1.3. 
2026-07-15 10:13:03,039 49738 WARNING theme_test odoo.addons.base.models.ir_cron: Skipping database theme_test as its base version is not 19.0.1.3. 
2026-07-15 10:13:37,799 49738 WARNING 19_theme_setting odoo.addons.base.models.ir_cron: Skipping database 19_theme_setting as its base version is not 19.0.1.3. 
2026-07-15 10:13:37,805 49738 WARNING manas odoo.addons.base.models.ir_cron: Skipping database manas as its base version is not 19.0.1.3. 
2026-07-15 10:13:37,811 49738 WARNING odoo_19_test_try odoo.addons.base.models.ir_cron: Skipping database odoo_19_test_try as its base version is not 19.0.1.3. 
2026-07-15 10:13:37,814 49738 WARNING theme_test odoo.addons.base.models.ir_cron: Skipping database theme_test as its base version is not 19.0.1.3. 
2026-07-15 10:14:03,117 49738 WARNING 19_theme_setting odoo.addons.base.models.ir_cron: Skipping database 19_theme_setting as its base version is not 19.0.1.3. 
2026-07-15 10:14:03,123 49738 WARNING manas odoo.addons.base.models.ir_cron: Skipping database manas as its base version is not 19.0.1.3. 
2026-07-15 10:14:03,130 49738 WARNING odoo_19_test_try odoo.addons.base.models.ir_cron: Skipping database odoo_19_test_try as its base version is not 19.0.1.3. 
2026-07-15 10:14:03,135 49738 WARNING theme_test odoo.addons.base.models.ir_cron: Skipping database theme_test as its base version is not 19.0.1.3. 
2026-07-15 10:14:38,892 49738 WARNING 19_theme_setting odoo.addons.base.models.ir_cron: Skipping database 19_theme_setting as its base version is not 19.0.1.3. 
2026-07-15 10:14:38,899 49738 WARNING manas odoo.addons.base.models.ir_cron: Skipping database manas as its base version is not 19.0.1.3. 
2026-07-15 10:14:38,907 49738 WARNING odoo_19_test_try odoo.addons.base.models.ir_cron: Skipping database odoo_19_test_try as its base version is not 19.0.1.3. 
2026-07-15 10:14:38,911 49738 WARNING theme_test odoo.addons.base.models.ir_cron: Skipping database theme_test as its base version is not 19.0.1.3. 
2026-07-15 10:15:03,217 49738 WARNING 19_theme_setting odoo.addons.base.models.ir_cron: Skipping database 19_theme_setting as its base version is not 19.0.1.3. 
2026-07-15 10:15:03,225 49738 WARNING manas odoo.addons.base.models.ir_cron: Skipping database manas as its base version is not 19.0.1.3. 
2026-07-15 10:15:03,231 49738 WARNING odoo_19_test_try odoo.addons.base.models.ir_cron: Skipping database odoo_19_test_try as its base version is not 19.0.1.3. 
2026-07-15 10:15:03,236 49738 WARNING theme_test odoo.addons.base.models.ir_cron: Skipping database theme_test as its base version is not 19.0.1.3. 
2026-07-15 10:15:40,002 49738 WARNING 19_theme_setting odoo.addons.base.models.ir_cron: Skipping database 19_theme_setting as its base version is not 19.0.1.3. 
2026-07-15 10:15:40,009 49738 WARNING manas odoo.addons.base.models.ir_cron: Skipping database manas as its base version is not 19.0.1.3. 
2026-07-15 10:15:40,014 49738 WARNING odoo_19_test_try odoo.addons.base.models.ir_cron: Skipping database odoo_19_test_try as its base version is not 19.0.1.3. 
2026-07-15 10:15:40,018 49738 WARNING theme_test odoo.addons.base.models.ir_cron: Skipping database theme_test as its base version is not 19.0.1.3. 
2026-07-15 10:16:03,302 49738 WARNING 19_theme_setting odoo.addons.base.models.ir_cron: Skipping database 19_theme_setting as its base version is not 19.0.1.3. 
2026-07-15 10:16:03,308 49738 WARNING manas odoo.addons.base.models.ir_cron: Skipping database manas as its base version is not 19.0.1.3. 
2026-07-15 10:16:03,314 49738 WARNING odoo_19_test_try odoo.addons.base.models.ir_cron: Skipping database odoo_19_test_try as its base version is not 19.0.1.3. 
2026-07-15 10:16:03,317 49738 WARNING theme_test odoo.addons.base.models.ir_cron: Skipping database theme_test as its base version is not 19.0.1.3. 
2026-07-15 10:16:41,111 49738 WARNING 19_theme_setting odoo.addons.base.models.ir_cron: Skipping database 19_theme_setting as its base version is not 19.0.1.3. 
2026-07-15 10:16:41,117 49738 WARNING manas odoo.addons.base.models.ir_cron: Skipping database manas as its base version is not 19.0.1.3. 
2026-07-15 10:16:41,122 49738 WARNING odoo_19_test_try odoo.addons.base.models.ir_cron: Skipping database odoo_19_test_try as its base version is not 19.0.1.3. 
2026-07-15 10:16:41,125 49738 WARNING theme_test odoo.addons.base.models.ir_cron: Skipping database theme_test as its base version is not 19.0.1.3. 
2026-07-15 10:17:03,350 49738 WARNING 19_theme_setting odoo.addons.base.models.ir_cron: Skipping database 19_theme_setting as its base version is not 19.0.1.3. 
2026-07-15 10:17:03,356 49738 WARNING manas odoo.addons.base.models.ir_cron: Skipping database manas as its base version is not 19.0.1.3. 
2026-07-15 10:17:03,362 49738 WARNING odoo_19_test_try odoo.addons.base.models.ir_cron: Skipping database odoo_19_test_try as its base version is not 19.0.1.3. 
2026-07-15 10:17:03,365 49738 WARNING theme_test odoo.addons.base.models.ir_cron: Skipping database theme_test as its base version is not 19.0.1.3. 
2026-07-15 10:17:42,217 49738 WARNING 19_theme_setting odoo.addons.base.models.ir_cron: Skipping database 19_theme_setting as its base version is not 19.0.1.3. 
2026-07-15 10:17:42,223 49738 WARNING manas odoo.addons.base.models.ir_cron: Skipping database manas as its base version is not 19.0.1.3. 
2026-07-15 10:17:42,228 49738 WARNING odoo_19_test_try odoo.addons.base.models.ir_cron: Skipping database odoo_19_test_try as its base version is not 19.0.1.3. 
2026-07-15 10:17:42,253 49738 INFO tezzzzzzzzzzzzzzzzzzzzz odoo.addons.base.models.ir_cron: Job 'Payment: Post-process transactions' (15) starting 
2026-07-15 10:17:42,328 49738 INFO tezzzzzzzzzzzzzzzzzzzzz odoo.addons.base.models.ir_cron: Job 'Payment: Post-process transactions' (15) fully done (#loop 1; done 0; remaining 0; duration 0.07s) 
2026-07-15 10:17:42,335 49738 WARNING theme_test odoo.addons.base.models.ir_cron: Skipping database theme_test as its base version is not 19.0.1.3. 
2026-07-15 10:18:02,094 49738 INFO 360_dash_analytix werkzeug: 127.0.0.1 - - [15/Jul/2026 10:18:02] "GET /web/session/logout HTTP/1.1" 303 - 3 0.002 0.044
2026-07-15 10:18:02,106 49738 INFO 360_dash_analytix werkzeug: 127.0.0.1 - - [15/Jul/2026 10:18:02] "GET /odoo HTTP/1.1" 303 - 1 0.001 0.004
2026-07-15 10:18:02,499 49738 INFO 360_dash_analytix werkzeug: 127.0.0.1 - - [15/Jul/2026 10:18:02] "GET /web/login?redirect=/odoo? HTTP/1.1" 200 - 48 0.030 0.358
2026-07-15 10:18:02,956 49738 INFO 360_dash_analytix werkzeug: 127.0.0.1 - - [15/Jul/2026 10:18:02] "GET /website/translations?hash=&lang= HTTP/1.1" 200 - 5 0.002 0.010
2026-07-15 10:18:03,031 49738 INFO 360_dash_analytix werkzeug: 127.0.0.1 - - [15/Jul/2026 10:18:03] "POST /mail/data HTTP/1.1" 200 - 3 0.002 0.004
2026-07-15 10:18:03,157 49738 INFO 360_dash_analytix werkzeug: 127.0.0.1 - - [15/Jul/2026 10:18:03] "GET /web/service-worker.js HTTP/1.1" 200 - 2 0.001 0.007
2026-07-15 10:18:03,170 49738 INFO 360_dash_analytix werkzeug: 127.0.0.1 - - [15/Jul/2026 10:18:03] "GET /web/service-worker.js HTTP/1.1" 200 - 2 0.001 0.004
2026-07-15 10:18:03,208 49738 INFO 360_dash_analytix werkzeug: 127.0.0.1 - - [15/Jul/2026 10:18:03] "GET /odoo HTTP/1.1" 303 - 1 0.001 0.019
2026-07-15 10:18:03,233 49738 INFO 360_dash_analytix werkzeug: 127.0.0.1 - - [15/Jul/2026 10:18:03] "GET /odoo/offline HTTP/1.1" 200 - 7 0.012 0.033
2026-07-15 10:18:03,244 49738 INFO 360_dash_analytix werkzeug: 127.0.0.1 - - [15/Jul/2026 10:18:03] "GET /web/login?redirect=/odoo? HTTP/1.1" 200 - 4 0.005 0.028
2026-07-15 10:18:03,449 49738 WARNING 19_theme_setting odoo.addons.base.models.ir_cron: Skipping database 19_theme_setting as its base version is not 19.0.1.3. 
2026-07-15 10:18:03,458 49738 WARNING manas odoo.addons.base.models.ir_cron: Skipping database manas as its base version is not 19.0.1.3. 
2026-07-15 10:18:03,464 49738 WARNING odoo_19_test_try odoo.addons.base.models.ir_cron: Skipping database odoo_19_test_try as its base version is not 19.0.1.3. 
2026-07-15 10:18:03,468 49738 WARNING theme_test odoo.addons.base.models.ir_cron: Skipping database theme_test as its base version is not 19.0.1.3. 
2026-07-15 10:18:27,825 49738 INFO 360_dash_analytix odoo.sql_db: ConnectionPool(read/write;used=3/count=23/max=64): Closed 1 connections to 'user=odoo19 password=xxx dbname=19_theme_setting host=localhost port=5432 application_name=odoo-49738 sslmode=prefer' 
2026-07-15 10:18:27,826 49738 INFO 360_dash_analytix odoo.sql_db: ConnectionPool(read/write;used=3/count=22/max=64): Closed 1 connections to 'user=odoo19 password=xxx dbname=manas host=localhost port=5432 application_name=odoo-49738 sslmode=prefer' 
2026-07-15 10:18:27,826 49738 INFO 360_dash_analytix odoo.sql_db: ConnectionPool(read/write;used=3/count=21/max=64): Closed 1 connections to 'user=odoo19 password=xxx dbname=odoo_19_test_try host=localhost port=5432 application_name=odoo-49738 sslmode=prefer' 
2026-07-15 10:18:27,827 49738 INFO 360_dash_analytix odoo.sql_db: ConnectionPool(read/write;used=3/count=20/max=64): Closed 1 connections to 'user=odoo19 password=xxx dbname=theme_test host=localhost port=5432 application_name=odoo-49738 sslmode=prefer' 
2026-07-15 10:18:27,872 49738 INFO 360_dash_analytix werkzeug: 127.0.0.1 - - [15/Jul/2026 10:18:27] "GET /web/database/selector HTTP/1.1" 200 - 30 0.077 0.829
2026-07-15 10:18:28,882 49738 INFO 360_dash_analytix werkzeug: 127.0.0.1 - - [15/Jul/2026 10:18:28] "GET /web/service-worker.js HTTP/1.1" 200 - 2 0.001 0.003
2026-07-15 10:18:32,437 49738 INFO 360_dash_analytix werkzeug: 127.0.0.1 - - [15/Jul/2026 10:18:32] "GET /odoo?db=new_360_dashboard HTTP/1.1" 302 - 1 0.001 0.004
2026-07-15 10:18:32,445 49738 INFO new_360_dashboard odoo.addons.base.models.ir_http: Generating routing map for key None 
2026-07-15 10:18:32,491 49738 INFO new_360_dashboard werkzeug: 127.0.0.1 - - [15/Jul/2026 10:18:32] "GET /odoo?db=new_360_dashboard HTTP/1.1" 303 - 4 0.009 0.040
2026-07-15 10:18:32,804 49738 INFO new_360_dashboard werkzeug: 127.0.0.1 - - [15/Jul/2026 10:18:32] "GET /web/login?redirect=/odoo?db%3Dnew_360_dashboard HTTP/1.1" 200 - 51 0.069 0.239
2026-07-15 10:18:32,892 49738 INFO new_360_dashboard werkzeug: 127.0.0.1 - - [15/Jul/2026 10:18:32] "GET /web/assets/0f488f3/web.assets_frontend.min.css HTTP/1.1" 200 - 4 0.004 0.012
2026-07-15 10:18:32,913 49738 INFO new_360_dashboard werkzeug: 127.0.0.1 - - [15/Jul/2026 10:18:32] "GET /web/binary/company_logo HTTP/1.1" 304 - 2 0.010 0.007
2026-07-15 10:18:33,281 49738 INFO new_360_dashboard werkzeug: 127.0.0.1 - - [15/Jul/2026 10:18:33] "GET /website/translations?hash=&lang= HTTP/1.1" 200 - 7 0.009 0.006
2026-07-15 10:18:33,454 49738 INFO new_360_dashboard werkzeug: 127.0.0.1 - - [15/Jul/2026 10:18:33] "GET /web/service-worker.js HTTP/1.1" 200 - 2 0.001 0.003
2026-07-15 10:18:33,856 49738 INFO new_360_dashboard werkzeug: 127.0.0.1 - - [15/Jul/2026 10:18:33] "GET /web/service-worker.js HTTP/1.1" 200 - 2 0.001 0.002
2026-07-15 10:18:37,673 49738 INFO new_360_dashboard werkzeug: 127.0.0.1 - - [15/Jul/2026 10:18:37] "GET /odoo?db=oca_module_testing HTTP/1.1" 302 - 2 0.002 0.005
2026-07-15 10:18:37,681 49738 INFO oca_module_testing odoo.addons.base.models.ir_http: Generating routing map for key None 
2026-07-15 10:18:37,781 49738 INFO oca_module_testing werkzeug: 127.0.0.1 - - [15/Jul/2026 10:18:37] "GET /odoo?db=oca_module_testing HTTP/1.1" 303 - 4 0.021 0.082
2026-07-15 10:18:38,198 49738 INFO oca_module_testing werkzeug: 127.0.0.1 - - [15/Jul/2026 10:18:38] "GET /web/login?redirect=/odoo?db%3Doca_module_testing HTTP/1.1" 200 - 59 0.083 0.328
2026-07-15 10:18:38,592 49738 INFO oca_module_testing werkzeug: 127.0.0.1 - - [15/Jul/2026 10:18:38] "GET /website/translations?hash=&lang= HTTP/1.1" 200 - 7 0.021 0.006
2026-07-15 10:18:38,696 49738 INFO oca_module_testing werkzeug: 127.0.0.1 - - [15/Jul/2026 10:18:38] "POST /mail/data HTTP/1.1" 200 - 3 0.017 0.019
2026-07-15 10:18:38,703 49738 INFO oca_module_testing werkzeug: 127.0.0.1 - - [15/Jul/2026 10:18:38] "GET /web/service-worker.js HTTP/1.1" 200 - 2 0.005 0.019
2026-07-15 10:18:39,259 49738 INFO oca_module_testing werkzeug: 127.0.0.1 - - [15/Jul/2026 10:18:39] "GET /web/service-worker.js HTTP/1.1" 200 - 2 0.001 0.002
2026-07-15 10:18:42,448 49738 INFO oca_module_testing odoo.addons.base.models.res_users: Login successful for login:admin from 127.0.0.1 
2026-07-15 10:18:42,476 49738 INFO oca_module_testing werkzeug: 127.0.0.1 - - [15/Jul/2026 10:18:42] "POST /web/login HTTP/1.1" 303 - 26 0.041 0.751
2026-07-15 10:18:42,492 49738 INFO oca_module_testing odoo.addons.base.models.res_device: User 2 inserts device log (y-LOyjZ0CY4guZHrdw5eqTiQcAACv4uzitovvzoJjT) 
2026-07-15 10:18:42,997 49738 INFO oca_module_testing werkzeug: 127.0.0.1 - - [15/Jul/2026 10:18:42] "GET /odoo?db=oca_module_testing HTTP/1.1" 200 - 68 0.098 0.415
2026-07-15 10:18:43,051 49738 INFO oca_module_testing werkzeug: 127.0.0.1 - - [15/Jul/2026 10:18:43] "GET /web/assets/6737a22/web.assets_web.min.css HTTP/1.1" 200 - 3 0.005 0.006
2026-07-15 10:18:43,125 49738 INFO oca_module_testing werkzeug: 127.0.0.1 - - [15/Jul/2026 10:18:43] "GET /web/webclient/load_menus HTTP/1.1" 200 - 13 0.035 0.020
2026-07-15 10:18:43,134 49738 INFO oca_module_testing werkzeug: 127.0.0.1 - - [15/Jul/2026 10:18:43] "GET /web/assets/3b61ad9/web.assets_web_print.min.css HTTP/1.1" 200 - 3 0.008 0.005
2026-07-15 10:18:43,266 49738 INFO oca_module_testing werkzeug: 127.0.0.1 - - [15/Jul/2026 10:18:43] "GET /web/webclient/translations?hash=&lang=en_US HTTP/1.1" 200 - 1 0.000 0.003
2026-07-15 10:18:43,442 49738 INFO oca_module_testing werkzeug: 127.0.0.1 - - [15/Jul/2026 10:18:43] "POST /web/action/load HTTP/1.1" 200 - 7 0.015 0.040
2026-07-15 10:18:43,442 49738 INFO oca_module_testing werkzeug: 127.0.0.1 - - [15/Jul/2026 10:18:43] "GET /websocket?version=19.0-2 HTTP/1.1" 101 - 1 0.002 0.043
2026-07-15 10:18:43,454 49738 INFO oca_module_testing werkzeug: 127.0.0.1 - - [15/Jul/2026 10:18:43] "GET /web/image?model=res.users&field=avatar_128&id=2 HTTP/1.1" 304 - 16 0.028 0.039
2026-07-15 10:18:43,461 49738 INFO oca_module_testing werkzeug: 127.0.0.1 - - [15/Jul/2026 10:18:43] "POST /bus/has_missed_notifications HTTP/1.1" 200 - 2 0.002 0.004
2026-07-15 10:18:43,479 49738 WARNING 19_theme_setting odoo.addons.base.models.ir_cron: Skipping database 19_theme_setting as its base version is not 19.0.1.3. 
2026-07-15 10:18:43,500 49738 INFO oca_module_testing werkzeug: 127.0.0.1 - - [15/Jul/2026 10:18:43] "GET /web/service-worker.js HTTP/1.1" 200 - 1 0.003 0.010
2026-07-15 10:18:43,513 49738 WARNING manas odoo.addons.base.models.ir_cron: Skipping database manas as its base version is not 19.0.1.3. 
2026-07-15 10:18:43,557 49738 WARNING odoo_19_test_try odoo.addons.base.models.ir_cron: Skipping database odoo_19_test_try as its base version is not 19.0.1.3. 
2026-07-15 10:18:43,590 49738 INFO oca_module_testing werkzeug: 127.0.0.1 - - [15/Jul/2026 10:18:43] "POST /web/dataset/call_kw/account.move/get_analytix_dashboard_data#account.move.get_analytix_dashboard_data HTTP/1.1" 200 - 29 0.030 0.018
2026-07-15 10:18:43,595 49738 WARNING theme_test odoo.addons.base.models.ir_cron: Skipping database theme_test as its base version is not 19.0.1.3. 
2026-07-15 10:18:43,606 49738 INFO oca_module_testing werkzeug: 127.0.0.1 - - [15/Jul/2026 10:18:43] "POST /mail/data HTTP/1.1" 200 - 64 0.125 0.075
2026-07-15 10:18:43,609 49738 INFO oca_module_testing werkzeug: 127.0.0.1 - - [15/Jul/2026 10:18:43] "POST /web/dataset/call_kw/account.move/get_analytix_invoices_data#account.move.get_analytix_invoices_data HTTP/1.1" 200 - 7 0.007 0.007
2026-07-15 10:18:44,027 49738 INFO oca_module_testing werkzeug: 127.0.0.1 - - [15/Jul/2026 10:18:44] "GET /web/service-worker.js HTTP/1.1" 200 - 1 0.000 0.002
2026-07-15 10:18:44,057 49738 INFO oca_module_testing werkzeug: 127.0.0.1 - - [15/Jul/2026 10:18:44] "GET /odoo/offline HTTP/1.1" 200 - 6 0.006 0.010
2026-07-15 10:18:44,066 49738 INFO oca_module_testing werkzeug: 127.0.0.1 - - [15/Jul/2026 10:18:44] "GET /odoo HTTP/1.1" 200 - 22 0.012 0.014
2026-07-15 10:18:46,856 49738 INFO oca_module_testing werkzeug: 127.0.0.1 - - [15/Jul/2026 10:18:46] "POST /web/action/load HTTP/1.1" 200 - 10 0.010 0.013
2026-07-15 10:18:47,852 49738 INFO oca_module_testing werkzeug: 127.0.0.1 - - [15/Jul/2026 10:18:47] "POST /web/dataset/call_kw/res.config.settings/get_views#res.config.settings.get_views HTTP/1.1" 200 - 409 0.189 0.776
2026-07-15 10:18:48,045 49738 INFO oca_module_testing werkzeug: 127.0.0.1 - - [15/Jul/2026 10:18:48] "POST /web/dataset/call_kw/res.config.settings/onchange#res.config.settings.onchange HTTP/1.1" 200 - 164 0.090 0.064
2026-07-15 10:18:48,246 49738 INFO oca_module_testing werkzeug: 127.0.0.1 - - [15/Jul/2026 10:18:48] "POST /base_setup/demo_active HTTP/1.1" 200 - 3 0.003 0.003
2026-07-15 10:18:48,278 49738 INFO oca_module_testing werkzeug: 127.0.0.1 - - [15/Jul/2026 10:18:48] "POST /base_setup/data HTTP/1.1" 200 - 6 0.007 0.006
2026-07-15 10:18:51,168 49738 INFO oca_module_testing werkzeug: 127.0.0.1 - - [15/Jul/2026 10:18:51] "GET /odoo/settings?debug=1 HTTP/1.1" 200 - 22 0.013 0.025
2026-07-15 10:18:51,296 49738 INFO oca_module_testing werkzeug: 127.0.0.1 - - [15/Jul/2026 10:18:51] "GET /web/webclient/load_menus HTTP/1.1" 200 - 11 0.013 0.041
2026-07-15 10:18:51,594 49738 INFO oca_module_testing werkzeug: 127.0.0.1 - - [15/Jul/2026 10:18:51] "GET /web/webclient/translations?hash=a1a2feb488cae5961c6b961d558101edf1c01897&lang=en_US HTTP/1.1" 200 - 1 0.001 0.002
2026-07-15 10:18:51,799 49738 INFO oca_module_testing werkzeug: 127.0.0.1 - - [15/Jul/2026 10:18:51] "GET /web/image?model=res.users&field=avatar_128&id=2 HTTP/1.1" 304 - 9 0.007 0.012
2026-07-15 10:18:51,892 49738 INFO oca_module_testing werkzeug: 127.0.0.1 - - [15/Jul/2026 10:18:51] "POST /mail/data HTTP/1.1" 200 - 39 0.043 0.037
2026-07-15 10:18:52,090 49738 INFO oca_module_testing werkzeug: 127.0.0.1 - - [15/Jul/2026 10:18:52] "POST /web/dataset/call_kw/res.config.settings/get_views#res.config.settings.get_views HTTP/1.1" 200 - 275 0.102 0.198
2026-07-15 10:18:52,181 49738 INFO oca_module_testing werkzeug: 127.0.0.1 - - [15/Jul/2026 10:18:52] "GET /web/service-worker.js HTTP/1.1" 200 - 1 0.001 0.006
2026-07-15 10:18:52,190 49738 INFO oca_module_testing werkzeug: 127.0.0.1 - - [15/Jul/2026 10:18:52] "POST /web/dataset/call_kw/res.config.settings/onchange#res.config.settings.onchange HTTP/1.1" 200 - 49 0.020 0.043
2026-07-15 10:18:52,395 49738 INFO oca_module_testing werkzeug: 127.0.0.1 - - [15/Jul/2026 10:18:52] "POST /base_setup/demo_active HTTP/1.1" 200 - 2 0.002 0.003
2026-07-15 10:18:52,432 49738 INFO oca_module_testing werkzeug: 127.0.0.1 - - [15/Jul/2026 10:18:52] "POST /base_setup/data HTTP/1.1" 200 - 5 0.002 0.003
2026-07-15 10:19:02,276 49738 INFO oca_module_testing werkzeug: 127.0.0.1 - - [15/Jul/2026 10:19:02] "POST /web/action/load HTTP/1.1" 200 - 11 0.007 0.009
2026-07-15 10:19:02,385 49738 INFO oca_module_testing werkzeug: 127.0.0.1 - - [15/Jul/2026 10:19:02] "POST /web/dataset/call_kw/ir.module.module/get_views#ir.module.module.get_views HTTP/1.1" 200 - 41 0.029 0.043
2026-07-15 10:19:02,404 49738 INFO oca_module_testing werkzeug: 127.0.0.1 - - [15/Jul/2026 10:19:02] "POST /web/dataset/call_kw/ir.module.module/search_panel_select_range#ir.module.module.search_panel_select_range HTTP/1.1" 200 - 1 0.001 0.004
2026-07-15 10:19:02,453 49738 INFO oca_module_testing werkzeug: 127.0.0.1 - - [15/Jul/2026 10:19:02] "POST /web/dataset/call_kw/ir.module.module/web_search_read#ir.module.module.web_search_read HTTP/1.1" 200 - 3 0.005 0.040
2026-07-15 10:19:02,459 49738 INFO oca_module_testing werkzeug: 127.0.0.1 - - [15/Jul/2026 10:19:02] "POST /web/dataset/call_kw/ir.module.module/search_panel_select_range#ir.module.module.search_panel_select_range HTTP/1.1" 200 - 52 0.035 0.025
2026-07-15 10:19:02,461 49738 INFO oca_module_testing werkzeug: 127.0.0.1 - - [15/Jul/2026 10:19:02] "POST /web/dataset/call_kw/ir.module.module/check_module_update#ir.module.module.check_module_update HTTP/1.1" 200 - 2 0.006 0.005
2026-07-15 10:19:02,577 49738 INFO oca_module_testing werkzeug: 127.0.0.1 - - [15/Jul/2026 10:19:02] "POST /web/dataset/call_kw/ir.module.module/check_module_update#ir.module.module.check_module_update HTTP/1.1" 200 - 2 0.002 0.003
2026-07-15 10:19:03,546 49738 WARNING 19_theme_setting odoo.addons.base.models.ir_cron: Skipping database 19_theme_setting as its base version is not 19.0.1.3. 
2026-07-15 10:19:03,552 49738 WARNING manas odoo.addons.base.models.ir_cron: Skipping database manas as its base version is not 19.0.1.3. 
2026-07-15 10:19:03,560 49738 WARNING odoo_19_test_try odoo.addons.base.models.ir_cron: Skipping database odoo_19_test_try as its base version is not 19.0.1.3. 
2026-07-15 10:19:03,564 49738 WARNING theme_test odoo.addons.base.models.ir_cron: Skipping database theme_test as its base version is not 19.0.1.3. 
2026-07-15 10:19:11,620 49738 INFO oca_module_testing werkzeug: 127.0.0.1 - - [15/Jul/2026 10:19:11] "POST /web/action/load HTTP/1.1" 200 - 10 0.004 0.009
2026-07-15 10:19:11,657 49738 INFO oca_module_testing werkzeug: 127.0.0.1 - - [15/Jul/2026 10:19:11] "POST /web/dataset/call_kw/base.module.update/get_views#base.module.update.get_views HTTP/1.1" 200 - 11 0.008 0.012
2026-07-15 10:19:11,677 49738 INFO oca_module_testing werkzeug: 127.0.0.1 - - [15/Jul/2026 10:19:11] "POST /web/dataset/call_kw/base.module.update/onchange#base.module.update.onchange HTTP/1.1" 200 - 2 0.002 0.004
2026-07-15 10:19:13,294 49738 INFO oca_module_testing werkzeug: 127.0.0.1 - - [15/Jul/2026 10:19:13] "POST /web/dataset/call_kw/base.module.update/web_save#base.module.update.web_save HTTP/1.1" 200 - 5 0.006 0.007
2026-07-15 10:19:13,306 49738 INFO oca_module_testing odoo.addons.base.models.ir_module: ALLOW access to module.update_list on [] to user admin #2 via 127.0.0.1 
2026-07-15 10:19:13,550 49738 WARNING oca_module_testing odoo.modules.module: Missing `author` key in manifest for 'analytix_finance_dashboard', defaulting to '' 
2026-07-15 10:19:14,632 49738 INFO oca_module_testing werkzeug: 127.0.0.1 - - [15/Jul/2026 10:19:14] "POST /web/dataset/call_button/base.module.update/update_module#base.module.update.update_module HTTP/1.1" 200 - 1565 0.561 0.770
2026-07-15 10:19:17,255 49738 INFO oca_module_testing werkzeug: 127.0.0.1 - - [15/Jul/2026 10:19:17] "POST /web/dataset/call_kw/ir.module.module/search_panel_select_range#ir.module.module.search_panel_select_range HTTP/1.1" 200 - 50 0.033 0.025
2026-07-15 10:19:17,262 49738 INFO oca_module_testing werkzeug: 127.0.0.1 - - [15/Jul/2026 10:19:17] "POST /web/dataset/call_kw/ir.module.module/web_search_read#ir.module.module.web_search_read HTTP/1.1" 200 - 4 0.011 0.040
2026-07-15 10:19:17,361 49738 INFO oca_module_testing werkzeug: 127.0.0.1 - - [15/Jul/2026 10:19:17] "POST /web/dataset/call_kw/ir.module.module/check_module_update#ir.module.module.check_module_update HTTP/1.1" 200 - 2 0.001 0.003
2026-07-15 10:19:19,251 49738 INFO oca_module_testing werkzeug: 127.0.0.1 - - [15/Jul/2026 10:19:19] "POST /web/dataset/call_kw/ir.module.module/search_panel_select_range#ir.module.module.search_panel_select_range HTTP/1.1" 200 - 50 0.022 0.024
2026-07-15 10:19:19,270 49738 INFO oca_module_testing werkzeug: 127.0.0.1 - - [15/Jul/2026 10:19:19] "POST /web/dataset/call_kw/ir.module.module/web_search_read#ir.module.module.web_search_read HTTP/1.1" 200 - 3 0.005 0.005
2026-07-15 10:19:19,287 49738 INFO oca_module_testing werkzeug: 127.0.0.1 - - [15/Jul/2026 10:19:19] "POST /web/dataset/call_kw/ir.module.module/check_module_update#ir.module.module.check_module_update HTTP/1.1" 200 - 2 0.001 0.003
2026-07-15 10:19:21,147 49738 INFO oca_module_testing odoo.addons.base.models.ir_module: ALLOW access to module.button_immediate_install on ['Odoo OCR Using AI Base'] to user admin #2 via 127.0.0.1 
2026-07-15 10:19:21,147 49738 INFO oca_module_testing odoo.addons.base.models.ir_module: User #2 triggered module installation 
2026-07-15 10:19:21,151 49738 INFO oca_module_testing odoo.addons.base.models.ir_module: ALLOW access to module.button_install on ['Odoo OCR Using AI Base'] to user admin #2 via 127.0.0.1 
2026-07-15 10:19:21,251 49738 INFO oca_module_testing odoo.modules.loading: loading 1 modules... 
2026-07-15 10:19:21,258 49738 INFO oca_module_testing odoo.modules.loading: 1 modules loaded in 0.01s, 0 queries (+0 extra) 
2026-07-15 10:19:21,299 49738 INFO oca_module_testing odoo.modules.loading: updating modules list 
2026-07-15 10:19:21,301 49738 INFO oca_module_testing odoo.addons.base.models.ir_module: ALLOW access to module.update_list on [] to user __system__ #1 via 127.0.0.1 
2026-07-15 10:19:21,532 49738 WARNING oca_module_testing odoo.modules.module: Missing `author` key in manifest for 'analytix_finance_dashboard', defaulting to '' 
2026-07-15 10:19:22,455 49738 INFO oca_module_testing odoo.modules.loading: loading 85 modules... 
2026-07-15 10:19:22,507 49738 INFO oca_module_testing odoo.modules.loading: Loading module tus_odoo_ocr_ai_base (85/85) 
2026-07-15 10:19:22,788 49738 INFO oca_module_testing odoo.registry: module tus_odoo_ocr_ai_base: creating or updating database tables 
2026-07-15 10:19:22,864 49738 WARNING oca_module_testing odoo.addons.base.models.ir_model: Two fields (model_ids, model_id) of odoo.ocr.ai.config() have the same label: Model. [Modules: tus_odoo_ocr_ai_base and tus_odoo_ocr_ai_base] 
2026-07-15 10:19:23,062 49738 INFO oca_module_testing odoo.modules.loading: loading tus_odoo_ocr_ai_base/security/ir.model.access.csv 
2026-07-15 10:19:23,541 49738 INFO oca_module_testing odoo.modules.loading: loading tus_odoo_ocr_ai_base/wizards/import_via_ocr_wizard_view.xml 
2026-07-15 10:19:23,561 49738 INFO oca_module_testing odoo.modules.loading: loading tus_odoo_ocr_ai_base/views/odoo_ocr_ai_config_views.xml 
2026-07-15 10:19:23,595 49738 INFO oca_module_testing odoo.modules.loading: loading tus_odoo_ocr_ai_base/views/odoo_ocr_api_config_view.xml 
2026-07-15 10:19:23,614 49738 INFO oca_module_testing odoo.addons.base.models.ir_module: module tus_odoo_ocr_ai_base: no translation for language ar_001 
2026-07-15 10:19:23,622 49738 INFO oca_module_testing odoo.modules.loading: Module tus_odoo_ocr_ai_base loaded in 1.11s, 239 queries (+239 other) 
2026-07-15 10:19:23,622 49738 INFO oca_module_testing odoo.modules.loading: 85 modules loaded in 1.17s, 239 queries (+239 extra) 
2026-07-15 10:19:23,960 49738 INFO oca_module_testing odoo.registry: verifying fields for every extended model 
2026-07-15 10:19:24,336 49738 INFO oca_module_testing odoo.modules.loading: Modules loaded. 
2026-07-15 10:19:24,353 49738 INFO oca_module_testing odoo.registry: Registry changed, signaling through the database 
2026-07-15 10:19:24,354 49738 INFO oca_module_testing odoo.registry: Registry loaded in 3.144s 
2026-07-15 10:19:24,355 49738 INFO oca_module_testing odoo.addons.base.models.ir_module: getting next ir.actions.todo() 
2026-07-15 10:19:24,375 49738 INFO oca_module_testing werkzeug: 127.0.0.1 - - [15/Jul/2026 10:19:24] "POST /web/dataset/call_button/ir.module.module/button_immediate_install#ir.module.module.button_immediate_install HTTP/1.1" 200 - 3204 1.328 1.906
2026-07-15 10:19:24,385 49738 INFO oca_module_testing odoo.addons.base.models.ir_http: Generating routing map for key None 
2026-07-15 10:19:24,668 49738 INFO oca_module_testing werkzeug: 127.0.0.1 - - [15/Jul/2026 10:19:24] "GET /odoo HTTP/1.1" 200 - 78 0.024 0.261
2026-07-15 10:19:24,729 49738 INFO oca_module_testing werkzeug: 127.0.0.1 - - [15/Jul/2026 10:19:24] "GET /web/webclient/load_menus HTTP/1.1" 200 - 13 0.009 0.023
2026-07-15 10:19:24,920 49738 INFO oca_module_testing werkzeug: 127.0.0.1 - - [15/Jul/2026 10:19:24] "GET /web/webclient/translations?hash=&lang=en_US HTTP/1.1" 200 - 2 0.001 0.003
2026-07-15 10:19:25,040 49738 INFO oca_module_testing werkzeug: 127.0.0.1 - - [15/Jul/2026 10:19:25] "POST /web/action/load HTTP/1.1" 200 - 7 0.007 0.006
2026-07-15 10:19:25,054 49738 INFO oca_module_testing werkzeug: 127.0.0.1 - - [15/Jul/2026 10:19:25] "GET /web/image?model=res.users&field=avatar_128&id=2 HTTP/1.1" 304 - 16 0.011 0.015
2026-07-15 10:19:25,106 49738 INFO oca_module_testing werkzeug: 127.0.0.1 - - [15/Jul/2026 10:19:25] "POST /mail/data HTTP/1.1" 200 - 64 0.041 0.034
2026-07-15 10:19:25,162 49738 INFO oca_module_testing werkzeug: 127.0.0.1 - - [15/Jul/2026 10:19:25] "POST /web/dataset/call_kw/account.move/get_analytix_dashboard_data#account.move.get_analytix_dashboard_data HTTP/1.1" 200 - 29 0.009 0.015
2026-07-15 10:19:25,176 49738 INFO oca_module_testing werkzeug: 127.0.0.1 - - [15/Jul/2026 10:19:25] "POST /web/dataset/call_kw/account.move/get_analytix_invoices_data#account.move.get_analytix_invoices_data HTTP/1.1" 200 - 7 0.003 0.007
2026-07-15 10:19:25,696 49738 INFO oca_module_testing werkzeug: 127.0.0.1 - - [15/Jul/2026 10:19:25] "GET /web/service-worker.js HTTP/1.1" 200 - 1 0.000 0.002
2026-07-15 10:19:36,748 49738 INFO oca_module_testing werkzeug: 127.0.0.1 - - [15/Jul/2026 10:19:36] "POST /web/dataset/call_kw/account.move/get_views#account.move.get_views HTTP/1.1" 200 - 77 0.061 0.444
2026-07-15 10:19:36,948 49738 INFO oca_module_testing werkzeug: 127.0.0.1 - - [15/Jul/2026 10:19:36] "POST /web/dataset/call_kw/account.move/web_read#account.move.web_read HTTP/1.1" 200 - 63 0.087 0.068
2026-07-15 10:19:37,169 49738 INFO oca_module_testing werkzeug: 127.0.0.1 - - [15/Jul/2026 10:19:37] "POST /web/dataset/call_kw/ir.http/lazy_session_info#ir.http.lazy_session_info HTTP/1.1" 200 - 2 0.001 0.004
2026-07-15 10:19:37,491 49738 INFO oca_module_testing werkzeug: 127.0.0.1 - - [15/Jul/2026 10:19:37] "POST /mail/thread/messages HTTP/1.1" 200 - 28 0.045 0.031
2026-07-15 10:19:37,502 49738 INFO oca_module_testing werkzeug: 127.0.0.1 - - [15/Jul/2026 10:19:37] "POST /mail/data HTTP/1.1" 200 - 38 0.046 0.041
2026-07-15 10:19:37,566 49738 INFO oca_module_testing werkzeug: 127.0.0.1 - - [15/Jul/2026 10:19:37] "GET /web/bundle/web.assets_emoji?lang=en_US&debug=1 HTTP/1.1" 200 - 2 0.001 0.004
2026-07-15 10:19:37,658 49738 INFO oca_module_testing werkzeug: 127.0.0.1 - - [15/Jul/2026 10:19:37] "GET /web/image/res.partner/3/avatar_128?unique=1784027732000 HTTP/1.1" 200 - 9 0.007 0.026
2026-07-15 10:19:40,353 49738 INFO oca_module_testing werkzeug: 127.0.0.1 - - [15/Jul/2026 10:19:40] "POST /web/dataset/call_kw/ir.actions.report/get_valid_action_reports#ir.actions.report.get_valid_action_reports HTTP/1.1" 200 - 4 0.008 0.016
2026-07-15 10:19:40,360 49738 INFO oca_module_testing werkzeug: 127.0.0.1 - - [15/Jul/2026 10:19:40] "POST /web/dataset/call_kw/account.move/get_extra_print_items#account.move.get_extra_print_items HTTP/1.1" 200 - 9 0.016 0.014
2026-07-15 10:19:44,690 49738 WARNING 19_theme_setting odoo.addons.base.models.ir_cron: Skipping database 19_theme_setting as its base version is not 19.0.1.3. 
2026-07-15 10:19:44,696 49738 WARNING manas odoo.addons.base.models.ir_cron: Skipping database manas as its base version is not 19.0.1.3. 
2026-07-15 10:19:44,702 49738 WARNING odoo_19_test_try odoo.addons.base.models.ir_cron: Skipping database odoo_19_test_try as its base version is not 19.0.1.3. 
2026-07-15 10:19:44,705 49738 WARNING theme_test odoo.addons.base.models.ir_cron: Skipping database theme_test as its base version is not 19.0.1.3. 
2026-07-15 10:19:44,818 49738 INFO oca_module_testing werkzeug: 127.0.0.1 - - [15/Jul/2026 10:19:44] "POST /web/action/load HTTP/1.1" 200 - 10 0.004 0.008
2026-07-15 10:19:45,208 49738 INFO oca_module_testing werkzeug: 127.0.0.1 - - [15/Jul/2026 10:19:45] "POST /web/dataset/call_kw/res.config.settings/get_views#res.config.settings.get_views HTTP/1.1" 200 - 401 0.117 0.244
2026-07-15 10:19:45,344 49738 INFO oca_module_testing werkzeug: 127.0.0.1 - - [15/Jul/2026 10:19:45] "POST /web/dataset/call_kw/res.config.settings/onchange#res.config.settings.onchange HTTP/1.1" 200 - 160 0.046 0.058
2026-07-15 10:19:45,514 49738 INFO oca_module_testing werkzeug: 127.0.0.1 - - [15/Jul/2026 10:19:45] "POST /base_setup/demo_active HTTP/1.1" 200 - 3 0.002 0.003
2026-07-15 10:19:45,541 49738 INFO oca_module_testing werkzeug: 127.0.0.1 - - [15/Jul/2026 10:19:45] "POST /base_setup/data HTTP/1.1" 200 - 6 0.002 0.003
2026-07-15 10:19:49,270 49738 INFO oca_module_testing werkzeug: 127.0.0.1 - - [15/Jul/2026 10:19:49] "POST /web/action/load HTTP/1.1" 200 - 10 0.005 0.010
2026-07-15 10:19:49,348 49738 INFO oca_module_testing werkzeug: 127.0.0.1 - - [15/Jul/2026 10:19:49] "POST /web/dataset/call_kw/odoo.ocr.ai.config/get_views#odoo.ocr.ai.config.get_views HTTP/1.1" 200 - 32 0.020 0.032
2026-07-15 10:19:49,369 49738 INFO oca_module_testing werkzeug: 127.0.0.1 - - [15/Jul/2026 10:19:49] "POST /web/dataset/call_kw/odoo.ocr.ai.config/web_search_read#odoo.ocr.ai.config.web_search_read HTTP/1.1" 200 - 3 0.003 0.004
2026-07-15 10:19:51,158 49738 INFO oca_module_testing werkzeug: 127.0.0.1 - - [15/Jul/2026 10:19:51] "POST /web/dataset/call_kw/odoo.ocr.ai.config/onchange#odoo.ocr.ai.config.onchange HTTP/1.1" 200 - 2 0.001 0.003
2026-07-15 10:19:53,782 49738 INFO oca_module_testing werkzeug: 127.0.0.1 - - [15/Jul/2026 10:19:53] "POST /web/dataset/call_kw/ir.model/web_name_search#ir.model.web_name_search HTTP/1.1" 200 - 3 0.002 0.003
2026-07-15 10:20:02,354 49738 INFO oca_module_testing werkzeug: 127.0.0.1 - - [15/Jul/2026 10:20:02] "POST /web/dataset/call_kw/odoo.ocr.ai.config/web_search_read#odoo.ocr.ai.config.web_search_read HTTP/1.1" 200 - 2 0.002 0.004
2026-07-15 10:20:03,648 49738 WARNING 19_theme_setting odoo.addons.base.models.ir_cron: Skipping database 19_theme_setting as its base version is not 19.0.1.3. 
2026-07-15 10:20:03,655 49738 WARNING manas odoo.addons.base.models.ir_cron: Skipping database manas as its base version is not 19.0.1.3. 
2026-07-15 10:20:03,660 49738 WARNING odoo_19_test_try odoo.addons.base.models.ir_cron: Skipping database odoo_19_test_try as its base version is not 19.0.1.3. 
2026-07-15 10:20:03,664 49738 WARNING theme_test odoo.addons.base.models.ir_cron: Skipping database theme_test as its base version is not 19.0.1.3. 
2026-07-15 10:20:04,178 49738 INFO oca_module_testing werkzeug: 127.0.0.1 - - [15/Jul/2026 10:20:04] "GET /odoo/action-480?debug=1 HTTP/1.1" 200 - 22 0.011 0.022
2026-07-15 10:20:04,284 49738 INFO oca_module_testing werkzeug: 127.0.0.1 - - [15/Jul/2026 10:20:04] "GET /web/webclient/load_menus HTTP/1.1" 200 - 1 0.001 0.005
2026-07-15 10:20:04,636 49738 INFO oca_module_testing werkzeug: 127.0.0.1 - - [15/Jul/2026 10:20:04] "GET /web/webclient/translations?hash=309395e7b381598b2edc4f4c75a99a6d285ecbd8&lang=en_US HTTP/1.1" 200 - 1 0.001 0.004
2026-07-15 10:20:04,863 49738 INFO oca_module_testing werkzeug: 127.0.0.1 - - [15/Jul/2026 10:20:04] "GET /web/image?model=res.users&field=avatar_128&id=2 HTTP/1.1" 304 - 9 0.007 0.015
2026-07-15 10:20:04,872 49738 INFO oca_module_testing werkzeug: 127.0.0.1 - - [15/Jul/2026 10:20:04] "POST /web/dataset/call_kw/odoo.ocr.ai.config/get_views#odoo.ocr.ai.config.get_views HTTP/1.1" 200 - 2 0.004 0.021
2026-07-15 10:20:04,897 49738 INFO oca_module_testing werkzeug: 127.0.0.1 - - [15/Jul/2026 10:20:04] "POST /web/dataset/call_kw/odoo.ocr.ai.config/web_search_read#odoo.ocr.ai.config.web_search_read HTTP/1.1" 200 - 2 0.002 0.005
2026-07-15 10:20:04,926 49738 INFO oca_module_testing werkzeug: 127.0.0.1 - - [15/Jul/2026 10:20:04] "POST /mail/data HTTP/1.1" 200 - 39 0.028 0.039
2026-07-15 10:20:05,189 49738 INFO oca_module_testing werkzeug: 127.0.0.1 - - [15/Jul/2026 10:20:05] "GET /web/service-worker.js HTTP/1.1" 200 - 1 0.001 0.002
2026-07-15 10:20:06,876 49738 INFO oca_module_testing werkzeug: 127.0.0.1 - - [15/Jul/2026 10:20:06] "POST /web/dataset/call_kw/odoo.ocr.ai.config/onchange#odoo.ocr.ai.config.onchange HTTP/1.1" 200 - 1 0.004 0.005
2026-07-15 10:20:45,798 49738 WARNING 19_theme_setting odoo.addons.base.models.ir_cron: Skipping database 19_theme_setting as its base version is not 19.0.1.3. 
2026-07-15 10:20:45,804 49738 WARNING manas odoo.addons.base.models.ir_cron: Skipping database manas as its base version is not 19.0.1.3. 
2026-07-15 10:20:45,814 49738 INFO oca_module_testing odoo.addons.base.models.ir_cron: Job 'Base: Auto-vacuum internal data' (1) starting 
2026-07-15 10:20:46,262 49738 INFO oca_module_testing odoo.addons.base.models.res_users: GC'd 2 user log entries 
2026-07-15 10:20:46,395 49738 INFO oca_module_testing odoo.addons.api_doc.models.ir_attachment: GC'd 0 /doc cached index 
2026-07-15 10:20:46,564 49738 INFO oca_module_testing odoo.addons.base.models.res_users: GC 'res.users.apikeys' delete 0 entries 
2026-07-15 10:20:46,790 49738 INFO oca_module_testing odoo.addons.base.models.ir_attachment: filestore gc 0 checked, 0 removed 
2026-07-15 10:20:46,957 49738 INFO oca_module_testing odoo.addons.base.models.res_device: GC device logs delete 0 entries 
2026-07-15 10:20:46,973 49738 INFO oca_module_testing odoo.addons.base.models.res_users: GC 'auth_totp.device' delete 0 entries 
2026-07-15 10:20:46,976 49738 INFO oca_module_testing odoo.addons.base.models.res_device: GC device logs delete 0 entries 
2026-07-15 10:20:47,001 49738 INFO oca_module_testing odoo.addons.sms.models.sms_sms: GC'd 0 sms marked for deletion 
2026-07-15 10:20:47,113 49738 INFO oca_module_testing odoo.addons.base.models.ir_cron: Job 'Base: Auto-vacuum internal data' (1) fully done (#loop 1; done 129; remaining 0; duration 1.30s) 
2026-07-15 10:20:47,118 49738 WARNING odoo_19_test_try odoo.addons.base.models.ir_cron: Skipping database odoo_19_test_try as its base version is not 19.0.1.3. 
2026-07-15 10:20:47,121 49738 WARNING theme_test odoo.addons.base.models.ir_cron: Skipping database theme_test as its base version is not 19.0.1.3. 
2026-07-15 10:21:03,740 49738 WARNING 19_theme_setting odoo.addons.base.models.ir_cron: Skipping database 19_theme_setting as its base version is not 19.0.1.3. 
2026-07-15 10:21:03,746 49738 WARNING manas odoo.addons.base.models.ir_cron: Skipping database manas as its base version is not 19.0.1.3. 
2026-07-15 10:21:03,753 49738 WARNING odoo_19_test_try odoo.addons.base.models.ir_cron: Skipping database odoo_19_test_try as its base version is not 19.0.1.3. 
2026-07-15 10:21:03,757 49738 WARNING theme_test odoo.addons.base.models.ir_cron: Skipping database theme_test as its base version is not 19.0.1.3. 
2026-07-15 10:21:48,212 49738 WARNING 19_theme_setting odoo.addons.base.models.ir_cron: Skipping database 19_theme_setting as its base version is not 19.0.1.3. 
2026-07-15 10:21:48,219 49738 WARNING manas odoo.addons.base.models.ir_cron: Skipping database manas as its base version is not 19.0.1.3. 
2026-07-15 10:21:48,226 49738 WARNING odoo_19_test_try odoo.addons.base.models.ir_cron: Skipping database odoo_19_test_try as its base version is not 19.0.1.3. 
2026-07-15 10:21:48,229 49738 WARNING theme_test odoo.addons.base.models.ir_cron: Skipping database theme_test as its base version is not 19.0.1.3. 
2026-07-15 10:22:03,836 49738 WARNING 19_theme_setting odoo.addons.base.models.ir_cron: Skipping database 19_theme_setting as its base version is not 19.0.1.3. 
2026-07-15 10:22:03,842 49738 WARNING manas odoo.addons.base.models.ir_cron: Skipping database manas as its base version is not 19.0.1.3. 
2026-07-15 10:22:03,848 49738 WARNING odoo_19_test_try odoo.addons.base.models.ir_cron: Skipping database odoo_19_test_try as its base version is not 19.0.1.3. 
2026-07-15 10:22:03,851 49738 WARNING theme_test odoo.addons.base.models.ir_cron: Skipping database theme_test as its base version is not 19.0.1.3. 
2026-07-15 10:22:49,322 49738 WARNING 19_theme_setting odoo.addons.base.models.ir_cron: Skipping database 19_theme_setting as its base version is not 19.0.1.3. 
2026-07-15 10:22:49,328 49738 WARNING manas odoo.addons.base.models.ir_cron: Skipping database manas as its base version is not 19.0.1.3. 
2026-07-15 10:22:49,334 49738 WARNING odoo_19_test_try odoo.addons.base.models.ir_cron: Skipping database odoo_19_test_try as its base version is not 19.0.1.3. 
2026-07-15 10:22:49,338 49738 WARNING theme_test odoo.addons.base.models.ir_cron: Skipping database theme_test as its base version is not 19.0.1.3. 
2026-07-15 10:23:03,934 49738 WARNING 19_theme_setting odoo.addons.base.models.ir_cron: Skipping database 19_theme_setting as its base version is not 19.0.1.3. 
2026-07-15 10:23:03,940 49738 WARNING manas odoo.addons.base.models.ir_cron: Skipping database manas as its base version is not 19.0.1.3. 
2026-07-15 10:23:03,945 49738 WARNING odoo_19_test_try odoo.addons.base.models.ir_cron: Skipping database odoo_19_test_try as its base version is not 19.0.1.3. 
2026-07-15 10:23:03,949 49738 WARNING theme_test odoo.addons.base.models.ir_cron: Skipping database theme_test as its base version is not 19.0.1.3. 
2026-07-15 10:23:50,432 49738 WARNING 19_theme_setting odoo.addons.base.models.ir_cron: Skipping database 19_theme_setting as its base version is not 19.0.1.3. 
2026-07-15 10:23:50,438 49738 WARNING manas odoo.addons.base.models.ir_cron: Skipping database manas as its base version is not 19.0.1.3. 
2026-07-15 10:23:50,444 49738 WARNING odoo_19_test_try odoo.addons.base.models.ir_cron: Skipping database odoo_19_test_try as its base version is not 19.0.1.3. 
2026-07-15 10:23:50,447 49738 WARNING theme_test odoo.addons.base.models.ir_cron: Skipping database theme_test as its base version is not 19.0.1.3. 
2026-07-15 10:24:04,028 49738 WARNING 19_theme_setting odoo.addons.base.models.ir_cron: Skipping database 19_theme_setting as its base version is not 19.0.1.3. 
2026-07-15 10:24:04,035 49738 WARNING manas odoo.addons.base.models.ir_cron: Skipping database manas as its base version is not 19.0.1.3. 
2026-07-15 10:24:04,042 49738 WARNING odoo_19_test_try odoo.addons.base.models.ir_cron: Skipping database odoo_19_test_try as its base version is not 19.0.1.3. 
2026-07-15 10:24:04,046 49738 WARNING theme_test odoo.addons.base.models.ir_cron: Skipping database theme_test as its base version is not 19.0.1.3. 
2026-07-15 10:24:51,540 49738 WARNING 19_theme_setting odoo.addons.base.models.ir_cron: Skipping database 19_theme_setting as its base version is not 19.0.1.3. 
2026-07-15 10:24:51,546 49738 WARNING manas odoo.addons.base.models.ir_cron: Skipping database manas as its base version is not 19.0.1.3. 
2026-07-15 10:24:51,551 49738 WARNING odoo_19_test_try odoo.addons.base.models.ir_cron: Skipping database odoo_19_test_try as its base version is not 19.0.1.3. 
2026-07-15 10:24:51,555 49738 WARNING theme_test odoo.addons.base.models.ir_cron: Skipping database theme_test as its base version is not 19.0.1.3. 
2026-07-15 10:25:04,129 49738 WARNING 19_theme_setting odoo.addons.base.models.ir_cron: Skipping database 19_theme_setting as its base version is not 19.0.1.3. 
2026-07-15 10:25:04,137 49738 WARNING manas odoo.addons.base.models.ir_cron: Skipping database manas as its base version is not 19.0.1.3. 
2026-07-15 10:25:04,142 49738 WARNING odoo_19_test_try odoo.addons.base.models.ir_cron: Skipping database odoo_19_test_try as its base version is not 19.0.1.3. 
2026-07-15 10:25:04,145 49738 WARNING theme_test odoo.addons.base.models.ir_cron: Skipping database theme_test as its base version is not 19.0.1.3. 
2026-07-15 10:25:52,648 49738 WARNING 19_theme_setting odoo.addons.base.models.ir_cron: Skipping database 19_theme_setting as its base version is not 19.0.1.3. 
2026-07-15 10:25:52,655 49738 WARNING manas odoo.addons.base.models.ir_cron: Skipping database manas as its base version is not 19.0.1.3. 
2026-07-15 10:25:52,660 49738 WARNING odoo_19_test_try odoo.addons.base.models.ir_cron: Skipping database odoo_19_test_try as its base version is not 19.0.1.3. 
2026-07-15 10:25:52,663 49738 WARNING theme_test odoo.addons.base.models.ir_cron: Skipping database theme_test as its base version is not 19.0.1.3. 
2026-07-15 10:26:04,227 49738 WARNING 19_theme_setting odoo.addons.base.models.ir_cron: Skipping database 19_theme_setting as its base version is not 19.0.1.3. 
2026-07-15 10:26:04,233 49738 WARNING manas odoo.addons.base.models.ir_cron: Skipping database manas as its base version is not 19.0.1.3. 
2026-07-15 10:26:04,239 49738 WARNING odoo_19_test_try odoo.addons.base.models.ir_cron: Skipping database odoo_19_test_try as its base version is not 19.0.1.3. 
2026-07-15 10:26:04,242 49738 WARNING theme_test odoo.addons.base.models.ir_cron: Skipping database theme_test as its base version is not 19.0.1.3. 
2026-07-15 10:26:53,756 49738 WARNING 19_theme_setting odoo.addons.base.models.ir_cron: Skipping database 19_theme_setting as its base version is not 19.0.1.3. 
2026-07-15 10:26:53,761 49738 INFO 360_dash_analytix odoo.addons.base.models.ir_cron: Job 'Notification: Notify scheduled messages' (8) starting 
2026-07-15 10:26:53,794 49738 INFO 360_dash_analytix odoo.addons.base.models.ir_cron: Job 'Notification: Notify scheduled messages' (8) fully done (#loop 1; done 0; remaining 0; duration 0.03s) 
2026-07-15 10:26:53,803 49738 INFO 360_dash_analytix odoo.addons.base.models.ir_cron: Job 'Mail: Email Queue Manager' (3) starting 
2026-07-15 10:26:53,831 49738 INFO 360_dash_analytix odoo.addons.base.models.ir_cron: Job 'Mail: Email Queue Manager' (3) fully done (#loop 1; done 0; remaining 0; duration 0.03s) 
2026-07-15 10:26:53,838 49738 WARNING manas odoo.addons.base.models.ir_cron: Skipping database manas as its base version is not 19.0.1.3. 
2026-07-15 10:26:53,844 49738 WARNING odoo_19_test_try odoo.addons.base.models.ir_cron: Skipping database odoo_19_test_try as its base version is not 19.0.1.3. 
2026-07-15 10:26:53,847 49738 WARNING theme_test odoo.addons.base.models.ir_cron: Skipping database theme_test as its base version is not 19.0.1.3. 
2026-07-15 10:27:04,322 49738 WARNING 19_theme_setting odoo.addons.base.models.ir_cron: Skipping database 19_theme_setting as its base version is not 19.0.1.3. 
2026-07-15 10:27:04,329 49738 WARNING manas odoo.addons.base.models.ir_cron: Skipping database manas as its base version is not 19.0.1.3. 
2026-07-15 10:27:04,335 49738 WARNING odoo_19_test_try odoo.addons.base.models.ir_cron: Skipping database odoo_19_test_try as its base version is not 19.0.1.3. 
2026-07-15 10:27:04,338 49738 WARNING theme_test odoo.addons.base.models.ir_cron: Skipping database theme_test as its base version is not 19.0.1.3. 
2026-07-15 10:27:54,938 49738 WARNING 19_theme_setting odoo.addons.base.models.ir_cron: Skipping database 19_theme_setting as its base version is not 19.0.1.3. 
2026-07-15 10:27:54,943 49738 WARNING manas odoo.addons.base.models.ir_cron: Skipping database manas as its base version is not 19.0.1.3. 
2026-07-15 10:27:54,949 49738 WARNING odoo_19_test_try odoo.addons.base.models.ir_cron: Skipping database odoo_19_test_try as its base version is not 19.0.1.3. 
2026-07-15 10:27:54,974 49738 INFO tezzzzzzzzzzzzzzzzzzzzz odoo.addons.base.models.ir_cron: Job 'Payment: Post-process transactions' (15) starting 
2026-07-15 10:27:55,016 49738 INFO tezzzzzzzzzzzzzzzzzzzzz odoo.addons.base.models.ir_cron: Job 'Payment: Post-process transactions' (15) fully done (#loop 1; done 0; remaining 0; duration 0.04s) 
2026-07-15 10:27:55,023 49738 WARNING theme_test odoo.addons.base.models.ir_cron: Skipping database theme_test as its base version is not 19.0.1.3. 
2026-07-15 10:28:04,421 49738 WARNING 19_theme_setting odoo.addons.base.models.ir_cron: Skipping database 19_theme_setting as its base version is not 19.0.1.3. 
2026-07-15 10:28:04,428 49738 WARNING manas odoo.addons.base.models.ir_cron: Skipping database manas as its base version is not 19.0.1.3. 
2026-07-15 10:28:04,434 49738 WARNING odoo_19_test_try odoo.addons.base.models.ir_cron: Skipping database odoo_19_test_try as its base version is not 19.0.1.3. 
2026-07-15 10:28:04,437 49738 WARNING theme_test odoo.addons.base.models.ir_cron: Skipping database theme_test as its base version is not 19.0.1.3. 
2026-07-15 10:28:56,116 49738 WARNING 19_theme_setting odoo.addons.base.models.ir_cron: Skipping database 19_theme_setting as its base version is not 19.0.1.3. 
2026-07-15 10:28:56,123 49738 WARNING manas odoo.addons.base.models.ir_cron: Skipping database manas as its base version is not 19.0.1.3. 
2026-07-15 10:28:56,129 49738 WARNING odoo_19_test_try odoo.addons.base.models.ir_cron: Skipping database odoo_19_test_try as its base version is not 19.0.1.3. 
2026-07-15 10:28:56,133 49738 WARNING theme_test odoo.addons.base.models.ir_cron: Skipping database theme_test as its base version is not 19.0.1.3. 
2026-07-15 10:29:04,518 49738 WARNING 19_theme_setting odoo.addons.base.models.ir_cron: Skipping database 19_theme_setting as its base version is not 19.0.1.3. 
2026-07-15 10:29:04,526 49738 WARNING manas odoo.addons.base.models.ir_cron: Skipping database manas as its base version is not 19.0.1.3. 
2026-07-15 10:29:04,531 49738 WARNING odoo_19_test_try odoo.addons.base.models.ir_cron: Skipping database odoo_19_test_try as its base version is not 19.0.1.3. 
2026-07-15 10:29:04,535 49738 WARNING theme_test odoo.addons.base.models.ir_cron: Skipping database theme_test as its base version is not 19.0.1.3. 
2026-07-15 10:29:57,223 49738 WARNING 19_theme_setting odoo.addons.base.models.ir_cron: Skipping database 19_theme_setting as its base version is not 19.0.1.3. 
2026-07-15 10:29:57,230 49738 WARNING manas odoo.addons.base.models.ir_cron: Skipping database manas as its base version is not 19.0.1.3. 
2026-07-15 10:29:57,236 49738 WARNING odoo_19_test_try odoo.addons.base.models.ir_cron: Skipping database odoo_19_test_try as its base version is not 19.0.1.3. 
2026-07-15 10:29:57,239 49738 WARNING theme_test odoo.addons.base.models.ir_cron: Skipping database theme_test as its base version is not 19.0.1.3. 
2026-07-15 10:30:04,616 49738 WARNING 19_theme_setting odoo.addons.base.models.ir_cron: Skipping database 19_theme_setting as its base version is not 19.0.1.3. 
2026-07-15 10:30:04,623 49738 WARNING manas odoo.addons.base.models.ir_cron: Skipping database manas as its base version is not 19.0.1.3. 
2026-07-15 10:30:04,629 49738 WARNING odoo_19_test_try odoo.addons.base.models.ir_cron: Skipping database odoo_19_test_try as its base version is not 19.0.1.3. 
2026-07-15 10:30:04,633 49738 WARNING theme_test odoo.addons.base.models.ir_cron: Skipping database theme_test as its base version is not 19.0.1.3. 
2026-07-15 10:30:58,313 49738 WARNING 19_theme_setting odoo.addons.base.models.ir_cron: Skipping database 19_theme_setting as its base version is not 19.0.1.3. 
2026-07-15 10:30:58,318 49738 WARNING manas odoo.addons.base.models.ir_cron: Skipping database manas as its base version is not 19.0.1.3. 
2026-07-15 10:30:58,323 49738 WARNING odoo_19_test_try odoo.addons.base.models.ir_cron: Skipping database odoo_19_test_try as its base version is not 19.0.1.3. 
2026-07-15 10:30:58,327 49738 WARNING theme_test odoo.addons.base.models.ir_cron: Skipping database theme_test as its base version is not 19.0.1.3. 
2026-07-15 10:31:04,716 49738 WARNING 19_theme_setting odoo.addons.base.models.ir_cron: Skipping database 19_theme_setting as its base version is not 19.0.1.3. 
2026-07-15 10:31:04,724 49738 WARNING manas odoo.addons.base.models.ir_cron: Skipping database manas as its base version is not 19.0.1.3. 
2026-07-15 10:31:04,730 49738 WARNING odoo_19_test_try odoo.addons.base.models.ir_cron: Skipping database odoo_19_test_try as its base version is not 19.0.1.3. 
2026-07-15 10:31:04,735 49738 WARNING theme_test odoo.addons.base.models.ir_cron: Skipping database theme_test as its base version is not 19.0.1.3. 
2026-07-15 10:31:59,363 49738 WARNING 19_theme_setting odoo.addons.base.models.ir_cron: Skipping database 19_theme_setting as its base version is not 19.0.1.3. 
2026-07-15 10:31:59,372 49738 WARNING manas odoo.addons.base.models.ir_cron: Skipping database manas as its base version is not 19.0.1.3. 
2026-07-15 10:31:59,378 49738 WARNING odoo_19_test_try odoo.addons.base.models.ir_cron: Skipping database odoo_19_test_try as its base version is not 19.0.1.3. 
2026-07-15 10:31:59,382 49738 WARNING theme_test odoo.addons.base.models.ir_cron: Skipping database theme_test as its base version is not 19.0.1.3. 
2026-07-15 10:32:04,816 49738 WARNING 19_theme_setting odoo.addons.base.models.ir_cron: Skipping database 19_theme_setting as its base version is not 19.0.1.3. 
2026-07-15 10:32:04,822 49738 WARNING manas odoo.addons.base.models.ir_cron: Skipping database manas as its base version is not 19.0.1.3. 
2026-07-15 10:32:04,828 49738 WARNING odoo_19_test_try odoo.addons.base.models.ir_cron: Skipping database odoo_19_test_try as its base version is not 19.0.1.3. 
2026-07-15 10:32:04,831 49738 WARNING theme_test odoo.addons.base.models.ir_cron: Skipping database theme_test as its base version is not 19.0.1.3. 
2026-07-15 10:33:00,473 49738 WARNING 19_theme_setting odoo.addons.base.models.ir_cron: Skipping database 19_theme_setting as its base version is not 19.0.1.3. 
2026-07-15 10:33:00,478 49738 WARNING manas odoo.addons.base.models.ir_cron: Skipping database manas as its base version is not 19.0.1.3. 
2026-07-15 10:33:00,485 49738 WARNING odoo_19_test_try odoo.addons.base.models.ir_cron: Skipping database odoo_19_test_try as its base version is not 19.0.1.3. 
2026-07-15 10:33:00,488 49738 WARNING theme_test odoo.addons.base.models.ir_cron: Skipping database theme_test as its base version is not 19.0.1.3. 
2026-07-15 10:33:04,896 49738 WARNING 19_theme_setting odoo.addons.base.models.ir_cron: Skipping database 19_theme_setting as its base version is not 19.0.1.3. 
2026-07-15 10:33:04,902 49738 WARNING manas odoo.addons.base.models.ir_cron: Skipping database manas as its base version is not 19.0.1.3. 
2026-07-15 10:33:04,907 49738 WARNING odoo_19_test_try odoo.addons.base.models.ir_cron: Skipping database odoo_19_test_try as its base version is not 19.0.1.3. 
2026-07-15 10:33:04,911 49738 WARNING theme_test odoo.addons.base.models.ir_cron: Skipping database theme_test as its base version is not 19.0.1.3. 
2026-07-15 10:34:01,575 49738 WARNING 19_theme_setting odoo.addons.base.models.ir_cron: Skipping database 19_theme_setting as its base version is not 19.0.1.3. 
2026-07-15 10:34:01,706 49738 INFO demo_testing odoo.modules.loading: loading 1 modules... 
2026-07-15 10:34:01,711 49738 INFO demo_testing odoo.modules.loading: 1 modules loaded in 0.01s, 0 queries (+0 extra) 
2026-07-15 10:34:01,724 49738 INFO demo_testing odoo.modules.loading: loading 60 modules... 
2026-07-15 10:34:01,768 49738 INFO demo_testing odoo.modules.loading: 60 modules loaded in 0.04s, 0 queries (+0 extra) 
2026-07-15 10:34:01,996 49738 INFO demo_testing odoo.modules.loading: Modules loaded. 
2026-07-15 10:34:02,029 49738 INFO demo_testing odoo.registry: Registry loaded in 0.390s 
2026-07-15 10:34:02,034 49738 INFO demo_testing odoo.addons.base.models.ir_cron: Job 'Notification: Notify scheduled messages' (8) starting 
2026-07-15 10:34:02,139 49738 INFO demo_testing odoo.addons.base.models.ir_cron: Job 'Notification: Notify scheduled messages' (8) fully done (#loop 1; done 0; remaining 0; duration 0.11s) 
2026-07-15 10:34:02,171 49738 INFO demo_testing odoo.addons.base.models.ir_cron: Job 'Mail: Email Queue Manager' (3) starting 
2026-07-15 10:34:02,190 49738 INFO demo_testing odoo.addons.base.models.ir_cron: Job 'Mail: Email Queue Manager' (3) fully done (#loop 1; done 0; remaining 0; duration 0.02s) 
2026-07-15 10:34:02,192 49738 WARNING manas odoo.addons.base.models.ir_cron: Skipping database manas as its base version is not 19.0.1.3. 
2026-07-15 10:34:02,199 49738 WARNING odoo_19_test_try odoo.addons.base.models.ir_cron: Skipping database odoo_19_test_try as its base version is not 19.0.1.3. 
2026-07-15 10:34:02,206 49738 INFO tezzzzzzzzzzzzzzzzzzzzz odoo.addons.base.models.ir_cron: Job 'eCommerce: send email to customers about their abandoned cart' (32) starting 
2026-07-15 10:34:02,226 49738 INFO tezzzzzzzzzzzzzzzzzzzzz odoo.addons.base.models.ir_cron: Job 'eCommerce: send email to customers about their abandoned cart' (32) fully done (#loop 1; done 0; remaining 0; duration 0.02s) 
2026-07-15 10:34:02,235 49738 INFO tezzzzzzzzzzzzzzzzzzzzz odoo.addons.base.models.ir_cron: Job 'Product: send email regarding products availability' (33) starting 
2026-07-15 10:34:02,280 49738 INFO tezzzzzzzzzzzzzzzzzzzzz odoo.addons.base.models.ir_cron: Job 'Product: send email regarding products availability' (33) fully done (#loop 1; done 0; remaining 0; duration 0.05s) 
2026-07-15 10:34:02,284 49738 WARNING theme_test odoo.addons.base.models.ir_cron: Skipping database theme_test as its base version is not 19.0.1.3. 
2026-07-15 10:34:04,992 49738 WARNING 19_theme_setting odoo.addons.base.models.ir_cron: Skipping database 19_theme_setting as its base version is not 19.0.1.3. 
2026-07-15 10:34:04,998 49738 WARNING manas odoo.addons.base.models.ir_cron: Skipping database manas as its base version is not 19.0.1.3. 
2026-07-15 10:34:05,006 49738 WARNING odoo_19_test_try odoo.addons.base.models.ir_cron: Skipping database odoo_19_test_try as its base version is not 19.0.1.3. 
2026-07-15 10:34:05,010 49738 WARNING theme_test odoo.addons.base.models.ir_cron: Skipping database theme_test as its base version is not 19.0.1.3. 
2026-07-15 10:35:03,372 49738 WARNING 19_theme_setting odoo.addons.base.models.ir_cron: Skipping database 19_theme_setting as its base version is not 19.0.1.3. 
2026-07-15 10:35:03,379 49738 WARNING manas odoo.addons.base.models.ir_cron: Skipping database manas as its base version is not 19.0.1.3. 
2026-07-15 10:35:03,386 49738 WARNING odoo_19_test_try odoo.addons.base.models.ir_cron: Skipping database odoo_19_test_try as its base version is not 19.0.1.3. 
2026-07-15 10:35:03,389 49738 WARNING theme_test odoo.addons.base.models.ir_cron: Skipping database theme_test as its base version is not 19.0.1.3. 
2026-07-15 10:35:05,090 49738 WARNING 19_theme_setting odoo.addons.base.models.ir_cron: Skipping database 19_theme_setting as its base version is not 19.0.1.3. 
2026-07-15 10:35:05,096 49738 WARNING manas odoo.addons.base.models.ir_cron: Skipping database manas as its base version is not 19.0.1.3. 
2026-07-15 10:35:05,103 49738 WARNING odoo_19_test_try odoo.addons.base.models.ir_cron: Skipping database odoo_19_test_try as its base version is not 19.0.1.3. 
2026-07-15 10:35:05,106 49738 WARNING theme_test odoo.addons.base.models.ir_cron: Skipping database theme_test as its base version is not 19.0.1.3. 
2026-07-15 10:35:24,754 49738 INFO oca_module_testing werkzeug: 127.0.0.1 - - [15/Jul/2026 10:35:24] "POST /web/dataset/call_kw/odoo.ocr.ai.config/web_save#odoo.ocr.ai.config.web_save HTTP/1.1" 200 - 4 0.003 0.005
2026-07-15 10:36:04,478 49738 WARNING 19_theme_setting odoo.addons.base.models.ir_cron: Skipping database 19_theme_setting as its base version is not 19.0.1.3. 
2026-07-15 10:36:04,484 49738 WARNING manas odoo.addons.base.models.ir_cron: Skipping database manas as its base version is not 19.0.1.3. 
2026-07-15 10:36:04,489 49738 WARNING odoo_19_test_try odoo.addons.base.models.ir_cron: Skipping database odoo_19_test_try as its base version is not 19.0.1.3. 
2026-07-15 10:36:04,492 49738 WARNING theme_test odoo.addons.base.models.ir_cron: Skipping database theme_test as its base version is not 19.0.1.3. 
2026-07-15 10:36:05,178 49738 WARNING 19_theme_setting odoo.addons.base.models.ir_cron: Skipping database 19_theme_setting as its base version is not 19.0.1.3. 
2026-07-15 10:36:05,181 49738 WARNING manas odoo.addons.base.models.ir_cron: Skipping database manas as its base version is not 19.0.1.3. 
2026-07-15 10:36:05,185 49738 WARNING odoo_19_test_try odoo.addons.base.models.ir_cron: Skipping database odoo_19_test_try as its base version is not 19.0.1.3. 
2026-07-15 10:36:05,187 49738 WARNING theme_test odoo.addons.base.models.ir_cron: Skipping database theme_test as its base version is not 19.0.1.3. 
2026-07-15 10:36:18,762 49738 INFO oca_module_testing werkzeug: 127.0.0.1 - - [15/Jul/2026 10:36:18] "GET / HTTP/1.1" 303 - 1 0.001 0.003
2026-07-15 10:36:18,826 49738 INFO oca_module_testing werkzeug: 127.0.0.1 - - [15/Jul/2026 10:36:18] "GET /odoo HTTP/1.1" 200 - 22 0.010 0.023
2026-07-15 10:36:18,934 49738 INFO oca_module_testing werkzeug: 127.0.0.1 - - [15/Jul/2026 10:36:18] "GET /web/webclient/load_menus HTTP/1.1" 200 - 1 0.001 0.006
2026-07-15 10:36:19,319 49738 INFO oca_module_testing werkzeug: 127.0.0.1 - - [15/Jul/2026 10:36:19] "GET /web/webclient/translations?hash=309395e7b381598b2edc4f4c75a99a6d285ecbd8&lang=en_US HTTP/1.1" 200 - 1 0.001 0.003
2026-07-15 10:36:19,551 49738 INFO oca_module_testing werkzeug: 127.0.0.1 - - [15/Jul/2026 10:36:19] "GET /web/image?model=res.users&field=avatar_128&id=2 HTTP/1.1" 304 - 9 0.006 0.014
2026-07-15 10:36:19,569 49738 INFO oca_module_testing werkzeug: 127.0.0.1 - - [15/Jul/2026 10:36:19] "POST /web/action/load HTTP/1.1" 200 - 7 0.013 0.025
2026-07-15 10:36:19,600 49738 INFO oca_module_testing werkzeug: 127.0.0.1 - - [15/Jul/2026 10:36:19] "GET /bus/websocket_worker_bundle?v=19.0-2 HTTP/1.1" 304 - 4 0.006 0.012
2026-07-15 10:36:19,653 49738 INFO oca_module_testing werkzeug: 127.0.0.1 - - [15/Jul/2026 10:36:19] "POST /mail/data HTTP/1.1" 200 - 39 0.028 0.044
2026-07-15 10:36:19,780 49738 INFO oca_module_testing werkzeug: 127.0.0.1 - - [15/Jul/2026 10:36:19] "GET /websocket?version=19.0-2 HTTP/1.1" 101 - 1 0.001 0.009
2026-07-15 10:36:19,830 49738 INFO oca_module_testing werkzeug: 127.0.0.1 - - [15/Jul/2026 10:36:19] "POST /web/dataset/call_kw/account.move/get_analytix_dashboard_data#account.move.get_analytix_dashboard_data HTTP/1.1" 200 - 29 0.026 0.030
2026-07-15 10:36:19,862 49738 INFO oca_module_testing werkzeug: 127.0.0.1 - - [15/Jul/2026 10:36:19] "GET /web/service-worker.js HTTP/1.1" 200 - 1 0.001 0.002
2026-07-15 10:36:56,089 49738 INFO oca_module_testing werkzeug: 127.0.0.1 - - [15/Jul/2026 10:36:56] "GET / HTTP/1.1" 303 - 1 0.001 0.004
2026-07-15 10:36:56,158 49738 INFO oca_module_testing werkzeug: 127.0.0.1 - - [15/Jul/2026 10:36:56] "GET /odoo HTTP/1.1" 200 - 22 0.012 0.024
2026-07-15 10:36:56,261 49738 INFO oca_module_testing werkzeug: 127.0.0.1 - - [15/Jul/2026 10:36:56] "GET /web/webclient/load_menus HTTP/1.1" 200 - 1 0.001 0.006
2026-07-15 10:36:56,638 49738 INFO oca_module_testing werkzeug: 127.0.0.1 - - [15/Jul/2026 10:36:56] "GET /web/webclient/translations?hash=309395e7b381598b2edc4f4c75a99a6d285ecbd8&lang=en_US HTTP/1.1" 200 - 1 0.001 0.003
2026-07-15 10:36:56,858 49738 INFO oca_module_testing werkzeug: 127.0.0.1 - - [15/Jul/2026 10:36:56] "POST /web/action/load HTTP/1.1" 200 - 7 0.009 0.010
2026-07-15 10:36:56,859 49738 INFO oca_module_testing werkzeug: 127.0.0.1 - - [15/Jul/2026 10:36:56] "GET /web/image?model=res.users&field=avatar_128&id=2 HTTP/1.1" 304 - 9 0.007 0.015
2026-07-15 10:36:56,901 49738 INFO oca_module_testing werkzeug: 127.0.0.1 - - [15/Jul/2026 10:36:56] "GET /bus/websocket_worker_bundle?v=19.0-2 HTTP/1.1" 304 - 3 0.004 0.006
2026-07-15 10:36:56,948 49738 INFO oca_module_testing werkzeug: 127.0.0.1 - - [15/Jul/2026 10:36:56] "POST /mail/data HTTP/1.1" 200 - 39 0.026 0.038
2026-07-15 10:36:57,080 49738 INFO oca_module_testing werkzeug: 127.0.0.1 - - [15/Jul/2026 10:36:57] "GET /websocket?version=19.0-2 HTTP/1.1" 101 - 1 0.003 0.006
2026-07-15 10:36:57,117 49738 INFO oca_module_testing werkzeug: 127.0.0.1 - - [15/Jul/2026 10:36:57] "POST /web/dataset/call_kw/account.move/get_analytix_dashboard_data#account.move.get_analytix_dashboard_data HTTP/1.1" 200 - 29 0.020 0.027
2026-07-15 10:36:57,202 49738 INFO oca_module_testing werkzeug: 127.0.0.1 - - [15/Jul/2026 10:36:57] "GET /web/service-worker.js HTTP/1.1" 200 - 1 0.001 0.003
2026-07-15 10:37:00,559 49738 INFO oca_module_testing werkzeug: 127.0.0.1 - - [15/Jul/2026 10:37:00] "GET /web/session/logout HTTP/1.1" 303 - 3 0.002 0.005
2026-07-15 10:37:00,576 49738 INFO oca_module_testing werkzeug: 127.0.0.1 - - [15/Jul/2026 10:37:00] "GET /odoo HTTP/1.1" 303 - 1 0.001 0.004
2026-07-15 10:37:00,918 49738 INFO oca_module_testing werkzeug: 127.0.0.1 - - [15/Jul/2026 10:37:00] "GET /web/login?redirect=/odoo? HTTP/1.1" 200 - 46 0.026 0.306
2026-07-15 10:37:01,340 49738 INFO oca_module_testing werkzeug: 127.0.0.1 - - [15/Jul/2026 10:37:01] "GET /website/translations?hash=&lang= HTTP/1.1" 200 - 5 0.002 0.005
2026-07-15 10:37:01,442 49738 INFO oca_module_testing werkzeug: 127.0.0.1 - - [15/Jul/2026 10:37:01] "POST /mail/data HTTP/1.1" 200 - 3 0.004 0.005
2026-07-15 10:37:01,624 49738 INFO oca_module_testing werkzeug: 127.0.0.1 - - [15/Jul/2026 10:37:01] "GET /web/service-worker.js HTTP/1.1" 200 - 2 0.002 0.004
2026-07-15 10:37:01,629 49738 INFO oca_module_testing werkzeug: 127.0.0.1 - - [15/Jul/2026 10:37:01] "GET /web/service-worker.js HTTP/1.1" 200 - 2 0.001 0.002
2026-07-15 10:37:01,643 49738 INFO oca_module_testing werkzeug: 127.0.0.1 - - [15/Jul/2026 10:37:01] "GET /odoo HTTP/1.1" 303 - 1 0.001 0.003
2026-07-15 10:37:01,662 49738 INFO oca_module_testing werkzeug: 127.0.0.1 - - [15/Jul/2026 10:37:01] "GET /odoo/offline HTTP/1.1" 200 - 7 0.004 0.017
2026-07-15 10:37:01,667 49738 INFO oca_module_testing werkzeug: 127.0.0.1 - - [15/Jul/2026 10:37:01] "GET /web/login?redirect=/odoo? HTTP/1.1" 200 - 4 0.004 0.018
2026-07-15 10:37:05,261 49738 WARNING 19_theme_setting odoo.addons.base.models.ir_cron: Skipping database 19_theme_setting as its base version is not 19.0.1.3. 
2026-07-15 10:37:05,265 49738 WARNING manas odoo.addons.base.models.ir_cron: Skipping database manas as its base version is not 19.0.1.3. 
2026-07-15 10:37:05,268 49738 WARNING odoo_19_test_try odoo.addons.base.models.ir_cron: Skipping database odoo_19_test_try as its base version is not 19.0.1.3. 
2026-07-15 10:37:05,272 49738 WARNING theme_test odoo.addons.base.models.ir_cron: Skipping database theme_test as its base version is not 19.0.1.3. 
2026-07-15 10:37:05,558 49738 WARNING 19_theme_setting odoo.addons.base.models.ir_cron: Skipping database 19_theme_setting as its base version is not 19.0.1.3. 
2026-07-15 10:37:05,562 49738 WARNING manas odoo.addons.base.models.ir_cron: Skipping database manas as its base version is not 19.0.1.3. 
2026-07-15 10:37:05,565 49738 WARNING odoo_19_test_try odoo.addons.base.models.ir_cron: Skipping database odoo_19_test_try as its base version is not 19.0.1.3. 
2026-07-15 10:37:05,567 49738 WARNING theme_test odoo.addons.base.models.ir_cron: Skipping database theme_test as its base version is not 19.0.1.3. 
2026-07-15 10:37:31,157 49738 INFO 360_dash_analytix werkzeug: 127.0.0.1 - - [15/Jul/2026 10:37:31] "GET / HTTP/1.1" 303 - 1 0.001 0.004
2026-07-15 10:37:31,180 49738 INFO 360_dash_analytix werkzeug: 127.0.0.1 - - [15/Jul/2026 10:37:31] "GET /odoo HTTP/1.1" 303 - 1 0.001 0.002
2026-07-15 10:37:31,217 49738 INFO 360_dash_analytix werkzeug: 127.0.0.1 - - [15/Jul/2026 10:37:31] "GET /web/login?redirect=/odoo? HTTP/1.1" 200 - 4 0.004 0.023
2026-07-15 10:37:31,526 49738 INFO 360_dash_analytix werkzeug: 127.0.0.1 - - [15/Jul/2026 10:37:31] "GET /website/translations?hash=&lang= HTTP/1.1" 200 - 5 0.002 0.005
2026-07-15 10:37:31,576 49738 INFO 360_dash_analytix werkzeug: 127.0.0.1 - - [15/Jul/2026 10:37:31] "POST /mail/data HTTP/1.1" 200 - 2 0.001 0.004
2026-07-15 10:37:33,052 49738 INFO 360_dash_analytix werkzeug: 127.0.0.1 - - [15/Jul/2026 10:37:33] "GET /web/service-worker.js HTTP/1.1" 200 - 2 0.001 0.003
2026-07-15 10:37:33,058 49738 INFO 360_dash_analytix werkzeug: 127.0.0.1 - - [15/Jul/2026 10:37:33] "GET /web/service-worker.js HTTP/1.1" 200 - 2 0.001 0.002
2026-07-15 10:37:42,363 49738 INFO 360_dash_analytix odoo.sql_db: ConnectionPool(read/write;used=3/count=21/max=64): Closed 1 connections to 'user=odoo19 password=xxx dbname=19_theme_setting host=localhost port=5432 application_name=odoo-49738 sslmode=prefer' 
2026-07-15 10:37:42,364 49738 INFO 360_dash_analytix odoo.sql_db: ConnectionPool(read/write;used=3/count=20/max=64): Closed 1 connections to 'user=odoo19 password=xxx dbname=manas host=localhost port=5432 application_name=odoo-49738 sslmode=prefer' 
2026-07-15 10:37:42,364 49738 INFO 360_dash_analytix odoo.sql_db: ConnectionPool(read/write;used=3/count=19/max=64): Closed 1 connections to 'user=odoo19 password=xxx dbname=odoo_19_test_try host=localhost port=5432 application_name=odoo-49738 sslmode=prefer' 
2026-07-15 10:37:42,364 49738 INFO 360_dash_analytix odoo.sql_db: ConnectionPool(read/write;used=3/count=18/max=64): Closed 1 connections to 'user=odoo19 password=xxx dbname=theme_test host=localhost port=5432 application_name=odoo-49738 sslmode=prefer' 
2026-07-15 10:37:42,403 49738 INFO 360_dash_analytix werkzeug: 127.0.0.1 - - [15/Jul/2026 10:37:42] "GET /web/database/selector HTTP/1.1" 200 - 30 0.016 0.756
2026-07-15 10:37:44,425 49738 INFO 360_dash_analytix werkzeug: 127.0.0.1 - - [15/Jul/2026 10:37:44] "GET /web/service-worker.js HTTP/1.1" 200 - 2 0.001 0.003
2026-07-15 10:38:05,367 49738 WARNING 19_theme_setting odoo.addons.base.models.ir_cron: Skipping database 19_theme_setting as its base version is not 19.0.1.3. 
2026-07-15 10:38:05,391 49738 WARNING manas odoo.addons.base.models.ir_cron: Skipping database manas as its base version is not 19.0.1.3. 
2026-07-15 10:38:05,414 49738 WARNING odoo_19_test_try odoo.addons.base.models.ir_cron: Skipping database odoo_19_test_try as its base version is not 19.0.1.3. 
2026-07-15 10:38:05,444 49738 INFO self_login odoo.addons.base.models.ir_cron: Job 'Notification: Notify scheduled messages' (8) starting 
2026-07-15 10:38:05,518 49738 INFO self_login odoo.addons.base.models.ir_cron: Job 'Notification: Notify scheduled messages' (8) fully done (#loop 1; done 0; remaining 0; duration 0.07s) 
2026-07-15 10:38:05,532 49738 INFO self_login odoo.addons.base.models.ir_cron: Job 'Mail: Email Queue Manager' (3) starting 
2026-07-15 10:38:05,554 49738 INFO self_login odoo.addons.base.models.ir_cron: Job 'Mail: Email Queue Manager' (3) fully done (#loop 1; done 0; remaining 0; duration 0.02s) 
2026-07-15 10:38:05,559 49738 INFO tezzzzzzzzzzzzzzzzzzzzz odoo.addons.base.models.ir_cron: Job 'Payment: Post-process transactions' (15) starting 
2026-07-15 10:38:05,572 49738 INFO tezzzzzzzzzzzzzzzzzzzzz odoo.addons.base.models.ir_cron: Job 'Payment: Post-process transactions' (15) fully done (#loop 1; done 0; remaining 0; duration 0.01s) 
2026-07-15 10:38:05,596 49738 WARNING theme_test odoo.addons.base.models.ir_cron: Skipping database theme_test as its base version is not 19.0.1.3. 
2026-07-15 10:38:06,659 49738 WARNING 19_theme_setting odoo.addons.base.models.ir_cron: Skipping database 19_theme_setting as its base version is not 19.0.1.3. 
2026-07-15 10:38:06,666 49738 WARNING manas odoo.addons.base.models.ir_cron: Skipping database manas as its base version is not 19.0.1.3. 
2026-07-15 10:38:06,673 49738 WARNING odoo_19_test_try odoo.addons.base.models.ir_cron: Skipping database odoo_19_test_try as its base version is not 19.0.1.3. 
2026-07-15 10:38:06,677 49738 WARNING theme_test odoo.addons.base.models.ir_cron: Skipping database theme_test as its base version is not 19.0.1.3. 
2026-07-15 10:38:13,424 49738 INFO 360_dash_analytix werkzeug: 127.0.0.1 - - [15/Jul/2026 10:38:13] "GET /web/service-worker.js HTTP/1.1" 200 - 2 0.001 0.002
2026-07-15 10:38:21,163 49738 INFO oca_module_testing werkzeug: 127.0.0.1 - - [15/Jul/2026 10:38:21] "GET / HTTP/1.1" 303 - 1 0.001 0.003
2026-07-15 10:38:21,195 49738 INFO oca_module_testing werkzeug: 127.0.0.1 - - [15/Jul/2026 10:38:21] "GET /odoo HTTP/1.1" 303 - 1 0.001 0.002
2026-07-15 10:38:21,242 49738 INFO oca_module_testing werkzeug: 127.0.0.1 - - [15/Jul/2026 10:38:21] "GET /web/login?redirect=/odoo? HTTP/1.1" 200 - 4 0.004 0.029
2026-07-15 10:38:21,705 49738 INFO oca_module_testing werkzeug: 127.0.0.1 - - [15/Jul/2026 10:38:21] "GET /website/translations?hash=e5f9a729b298a7ad7e63e88e13cd87cef2754133&lang= HTTP/1.1" 200 - 5 0.003 0.006
2026-07-15 10:38:21,790 49738 INFO oca_module_testing werkzeug: 127.0.0.1 - - [15/Jul/2026 10:38:21] "POST /mail/data HTTP/1.1" 200 - 2 0.001 0.004
2026-07-15 10:38:22,204 49738 INFO oca_module_testing werkzeug: 127.0.0.1 - - [15/Jul/2026 10:38:22] "GET /web/service-worker.js HTTP/1.1" 200 - 2 0.001 0.003
2026-07-15 10:38:22,303 49738 INFO oca_module_testing werkzeug: 127.0.0.1 - - [15/Jul/2026 10:38:22] "GET /web/service-worker.js HTTP/1.1" 200 - 2 0.001 0.002
2026-07-15 10:39:05,675 49738 WARNING 19_theme_setting odoo.addons.base.models.ir_cron: Skipping database 19_theme_setting as its base version is not 19.0.1.3. 
2026-07-15 10:39:05,681 49738 WARNING manas odoo.addons.base.models.ir_cron: Skipping database manas as its base version is not 19.0.1.3. 
2026-07-15 10:39:05,686 49738 WARNING odoo_19_test_try odoo.addons.base.models.ir_cron: Skipping database odoo_19_test_try as its base version is not 19.0.1.3. 
2026-07-15 10:39:05,689 49738 WARNING theme_test odoo.addons.base.models.ir_cron: Skipping database theme_test as its base version is not 19.0.1.3. 
2026-07-15 10:39:07,769 49738 WARNING 19_theme_setting odoo.addons.base.models.ir_cron: Skipping database 19_theme_setting as its base version is not 19.0.1.3. 
2026-07-15 10:39:07,775 49738 WARNING manas odoo.addons.base.models.ir_cron: Skipping database manas as its base version is not 19.0.1.3. 
2026-07-15 10:39:07,781 49738 WARNING odoo_19_test_try odoo.addons.base.models.ir_cron: Skipping database odoo_19_test_try as its base version is not 19.0.1.3. 
2026-07-15 10:39:07,784 49738 WARNING theme_test odoo.addons.base.models.ir_cron: Skipping database theme_test as its base version is not 19.0.1.3. 
2026-07-15 10:40:05,786 49738 WARNING 19_theme_setting odoo.addons.base.models.ir_cron: Skipping database 19_theme_setting as its base version is not 19.0.1.3. 
2026-07-15 10:40:05,797 49738 WARNING manas odoo.addons.base.models.ir_cron: Skipping database manas as its base version is not 19.0.1.3. 
2026-07-15 10:40:05,808 49738 WARNING odoo_19_test_try odoo.addons.base.models.ir_cron: Skipping database odoo_19_test_try as its base version is not 19.0.1.3. 
2026-07-15 10:40:05,813 49738 WARNING theme_test odoo.addons.base.models.ir_cron: Skipping database theme_test as its base version is not 19.0.1.3. 
2026-07-15 10:40:08,866 49738 WARNING 19_theme_setting odoo.addons.base.models.ir_cron: Skipping database 19_theme_setting as its base version is not 19.0.1.3. 
2026-07-15 10:40:08,869 49738 WARNING manas odoo.addons.base.models.ir_cron: Skipping database manas as its base version is not 19.0.1.3. 
2026-07-15 10:40:08,873 49738 WARNING odoo_19_test_try odoo.addons.base.models.ir_cron: Skipping database odoo_19_test_try as its base version is not 19.0.1.3. 
2026-07-15 10:40:08,875 49738 WARNING theme_test odoo.addons.base.models.ir_cron: Skipping database theme_test as its base version is not 19.0.1.3. 
2026-07-15 10:41:05,888 49738 WARNING 19_theme_setting odoo.addons.base.models.ir_cron: Skipping database 19_theme_setting as its base version is not 19.0.1.3. 
2026-07-15 10:41:05,892 49738 WARNING manas odoo.addons.base.models.ir_cron: Skipping database manas as its base version is not 19.0.1.3. 
2026-07-15 10:41:05,895 49738 WARNING odoo_19_test_try odoo.addons.base.models.ir_cron: Skipping database odoo_19_test_try as its base version is not 19.0.1.3. 
2026-07-15 10:41:05,898 49738 WARNING theme_test odoo.addons.base.models.ir_cron: Skipping database theme_test as its base version is not 19.0.1.3. 
2026-07-15 10:41:09,907 49738 WARNING 19_theme_setting odoo.addons.base.models.ir_cron: Skipping database 19_theme_setting as its base version is not 19.0.1.3. 
2026-07-15 10:41:09,912 49738 WARNING manas odoo.addons.base.models.ir_cron: Skipping database manas as its base version is not 19.0.1.3. 
2026-07-15 10:41:09,918 49738 WARNING odoo_19_test_try odoo.addons.base.models.ir_cron: Skipping database odoo_19_test_try as its base version is not 19.0.1.3. 
2026-07-15 10:41:09,922 49738 WARNING theme_test odoo.addons.base.models.ir_cron: Skipping database theme_test as its base version is not 19.0.1.3. 
2026-07-15 10:42:05,979 49738 WARNING 19_theme_setting odoo.addons.base.models.ir_cron: Skipping database 19_theme_setting as its base version is not 19.0.1.3. 
2026-07-15 10:42:05,986 49738 WARNING manas odoo.addons.base.models.ir_cron: Skipping database manas as its base version is not 19.0.1.3. 
2026-07-15 10:42:06,004 49738 INFO oca_module_testing odoo.addons.base.models.ir_cron: Job 'Notification: Notify scheduled messages' (9) starting 
2026-07-15 10:42:06,069 49738 INFO oca_module_testing odoo.addons.base.models.ir_cron: Job 'Notification: Notify scheduled messages' (9) fully done (#loop 1; done 0; remaining 0; duration 0.06s) 
2026-07-15 10:42:06,078 49738 INFO oca_module_testing odoo.addons.base.models.ir_cron: Job 'Mail: Email Queue Manager' (4) starting 
2026-07-15 10:42:06,098 49738 INFO oca_module_testing odoo.addons.base.models.ir_cron: Job 'Mail: Email Queue Manager' (4) fully done (#loop 1; done 0; remaining 0; duration 0.02s) 
2026-07-15 10:42:06,103 49738 WARNING odoo_19_test_try odoo.addons.base.models.ir_cron: Skipping database odoo_19_test_try as its base version is not 19.0.1.3. 
2026-07-15 10:42:06,106 49738 WARNING theme_test odoo.addons.base.models.ir_cron: Skipping database theme_test as its base version is not 19.0.1.3. 
2026-07-15 10:42:11,005 49738 WARNING 19_theme_setting odoo.addons.base.models.ir_cron: Skipping database 19_theme_setting as its base version is not 19.0.1.3. 
2026-07-15 10:42:11,008 49738 WARNING manas odoo.addons.base.models.ir_cron: Skipping database manas as its base version is not 19.0.1.3. 
2026-07-15 10:42:11,012 49738 WARNING odoo_19_test_try odoo.addons.base.models.ir_cron: Skipping database odoo_19_test_try as its base version is not 19.0.1.3. 
2026-07-15 10:42:11,014 49738 WARNING theme_test odoo.addons.base.models.ir_cron: Skipping database theme_test as its base version is not 19.0.1.3. 
2026-07-15 10:43:06,189 49738 WARNING 19_theme_setting odoo.addons.base.models.ir_cron: Skipping database 19_theme_setting as its base version is not 19.0.1.3. 
2026-07-15 10:43:06,196 49738 WARNING manas odoo.addons.base.models.ir_cron: Skipping database manas as its base version is not 19.0.1.3. 
2026-07-15 10:43:06,204 49738 WARNING odoo_19_test_try odoo.addons.base.models.ir_cron: Skipping database odoo_19_test_try as its base version is not 19.0.1.3. 
2026-07-15 10:43:06,207 49738 WARNING theme_test odoo.addons.base.models.ir_cron: Skipping database theme_test as its base version is not 19.0.1.3. 
2026-07-15 10:43:12,107 49738 WARNING 19_theme_setting odoo.addons.base.models.ir_cron: Skipping database 19_theme_setting as its base version is not 19.0.1.3. 
2026-07-15 10:43:12,114 49738 WARNING manas odoo.addons.base.models.ir_cron: Skipping database manas as its base version is not 19.0.1.3. 
2026-07-15 10:43:12,119 49738 WARNING odoo_19_test_try odoo.addons.base.models.ir_cron: Skipping database odoo_19_test_try as its base version is not 19.0.1.3. 
2026-07-15 10:43:12,123 49738 WARNING theme_test odoo.addons.base.models.ir_cron: Skipping database theme_test as its base version is not 19.0.1.3. 
2026-07-15 10:44:06,282 49738 WARNING 19_theme_setting odoo.addons.base.models.ir_cron: Skipping database 19_theme_setting as its base version is not 19.0.1.3. 
2026-07-15 10:44:06,286 49738 WARNING manas odoo.addons.base.models.ir_cron: Skipping database manas as its base version is not 19.0.1.3. 
2026-07-15 10:44:06,291 49738 WARNING odoo_19_test_try odoo.addons.base.models.ir_cron: Skipping database odoo_19_test_try as its base version is not 19.0.1.3. 
2026-07-15 10:44:06,293 49738 WARNING theme_test odoo.addons.base.models.ir_cron: Skipping database theme_test as its base version is not 19.0.1.3. 
2026-07-15 10:44:13,214 49738 WARNING 19_theme_setting odoo.addons.base.models.ir_cron: Skipping database 19_theme_setting as its base version is not 19.0.1.3. 
2026-07-15 10:44:13,222 49738 WARNING manas odoo.addons.base.models.ir_cron: Skipping database manas as its base version is not 19.0.1.3. 
2026-07-15 10:44:13,228 49738 WARNING odoo_19_test_try odoo.addons.base.models.ir_cron: Skipping database odoo_19_test_try as its base version is not 19.0.1.3. 
2026-07-15 10:44:13,233 49738 WARNING theme_test odoo.addons.base.models.ir_cron: Skipping database theme_test as its base version is not 19.0.1.3. 
2026-07-15 10:45:06,375 49738 WARNING 19_theme_setting odoo.addons.base.models.ir_cron: Skipping database 19_theme_setting as its base version is not 19.0.1.3. 
2026-07-15 10:45:06,429 49738 INFO 360_dash_analytix odoo.addons.base.models.ir_cron: Job 'Calendar: Event Reminder' (26) starting 
2026-07-15 10:45:06,550 49738 INFO 360_dash_analytix odoo.addons.base.models.ir_cron: Job 'Calendar: Event Reminder' (26) fully done (#loop 1; done 0; remaining 0; duration 0.12s) 
2026-07-15 10:45:06,564 49738 INFO 360_dash_analytix odoo.addons.base.models.ir_cron: Job 'CRM: enrich leads (IAP)' (29) starting 
2026-07-15 10:45:06,598 49738 INFO 360_dash_analytix odoo.addons.base.models.ir_cron: Job 'CRM: enrich leads (IAP)' (29) fully done (#loop 1; done 0; remaining 0; duration 0.03s) 
2026-07-15 10:45:06,605 49738 WARNING manas odoo.addons.base.models.ir_cron: Skipping database manas as its base version is not 19.0.1.3. 
2026-07-15 10:45:06,611 49738 WARNING odoo_19_test_try odoo.addons.base.models.ir_cron: Skipping database odoo_19_test_try as its base version is not 19.0.1.3. 
2026-07-15 10:45:06,615 49738 WARNING theme_test odoo.addons.base.models.ir_cron: Skipping database theme_test as its base version is not 19.0.1.3. 
2026-07-15 10:45:14,324 49738 WARNING 19_theme_setting odoo.addons.base.models.ir_cron: Skipping database 19_theme_setting as its base version is not 19.0.1.3. 
2026-07-15 10:45:14,329 49738 WARNING manas odoo.addons.base.models.ir_cron: Skipping database manas as its base version is not 19.0.1.3. 
2026-07-15 10:45:14,337 49738 WARNING odoo_19_test_try odoo.addons.base.models.ir_cron: Skipping database odoo_19_test_try as its base version is not 19.0.1.3. 
2026-07-15 10:45:14,341 49738 WARNING theme_test odoo.addons.base.models.ir_cron: Skipping database theme_test as its base version is not 19.0.1.3. 
2026-07-15 10:46:06,696 49738 WARNING 19_theme_setting odoo.addons.base.models.ir_cron: Skipping database 19_theme_setting as its base version is not 19.0.1.3. 
2026-07-15 10:46:06,702 49738 WARNING manas odoo.addons.base.models.ir_cron: Skipping database manas as its base version is not 19.0.1.3. 
2026-07-15 10:46:06,709 49738 WARNING odoo_19_test_try odoo.addons.base.models.ir_cron: Skipping database odoo_19_test_try as its base version is not 19.0.1.3. 
2026-07-15 10:46:06,714 49738 WARNING theme_test odoo.addons.base.models.ir_cron: Skipping database theme_test as its base version is not 19.0.1.3. 
2026-07-15 10:46:15,432 49738 WARNING 19_theme_setting odoo.addons.base.models.ir_cron: Skipping database 19_theme_setting as its base version is not 19.0.1.3. 
2026-07-15 10:46:15,438 49738 WARNING manas odoo.addons.base.models.ir_cron: Skipping database manas as its base version is not 19.0.1.3. 
2026-07-15 10:46:15,444 49738 WARNING odoo_19_test_try odoo.addons.base.models.ir_cron: Skipping database odoo_19_test_try as its base version is not 19.0.1.3. 
2026-07-15 10:46:15,448 49738 WARNING theme_test odoo.addons.base.models.ir_cron: Skipping database theme_test as its base version is not 19.0.1.3. 
2026-07-15 10:47:06,793 49738 WARNING 19_theme_setting odoo.addons.base.models.ir_cron: Skipping database 19_theme_setting as its base version is not 19.0.1.3. 
2026-07-15 10:47:06,801 49738 WARNING manas odoo.addons.base.models.ir_cron: Skipping database manas as its base version is not 19.0.1.3. 
2026-07-15 10:47:06,808 49738 WARNING odoo_19_test_try odoo.addons.base.models.ir_cron: Skipping database odoo_19_test_try as its base version is not 19.0.1.3. 
2026-07-15 10:47:06,811 49738 WARNING theme_test odoo.addons.base.models.ir_cron: Skipping database theme_test as its base version is not 19.0.1.3. 
2026-07-15 10:47:16,539 49738 WARNING 19_theme_setting odoo.addons.base.models.ir_cron: Skipping database 19_theme_setting as its base version is not 19.0.1.3. 
2026-07-15 10:47:16,546 49738 WARNING manas odoo.addons.base.models.ir_cron: Skipping database manas as its base version is not 19.0.1.3. 
2026-07-15 10:47:16,552 49738 WARNING odoo_19_test_try odoo.addons.base.models.ir_cron: Skipping database odoo_19_test_try as its base version is not 19.0.1.3. 
2026-07-15 10:47:16,556 49738 WARNING theme_test odoo.addons.base.models.ir_cron: Skipping database theme_test as its base version is not 19.0.1.3. 
2026-07-15 10:48:06,883 49738 WARNING 19_theme_setting odoo.addons.base.models.ir_cron: Skipping database 19_theme_setting as its base version is not 19.0.1.3. 
2026-07-15 10:48:06,886 49738 WARNING manas odoo.addons.base.models.ir_cron: Skipping database manas as its base version is not 19.0.1.3. 
2026-07-15 10:48:06,890 49738 WARNING odoo_19_test_try odoo.addons.base.models.ir_cron: Skipping database odoo_19_test_try as its base version is not 19.0.1.3. 
2026-07-15 10:48:06,964 49738 INFO tezzzzzzzzzzzzzzzzzzzzz odoo.addons.base.models.ir_cron: Job 'Payment: Post-process transactions' (15) starting 
2026-07-15 10:48:07,065 49738 INFO tezzzzzzzzzzzzzzzzzzzzz odoo.addons.base.models.ir_cron: Job 'Payment: Post-process transactions' (15) fully done (#loop 1; done 0; remaining 0; duration 0.10s) 
2026-07-15 10:48:07,073 49738 WARNING theme_test odoo.addons.base.models.ir_cron: Skipping database theme_test as its base version is not 19.0.1.3. 
2026-07-15 10:48:17,649 49738 WARNING 19_theme_setting odoo.addons.base.models.ir_cron: Skipping database 19_theme_setting as its base version is not 19.0.1.3. 
2026-07-15 10:48:17,656 49738 WARNING manas odoo.addons.base.models.ir_cron: Skipping database manas as its base version is not 19.0.1.3. 
2026-07-15 10:48:17,664 49738 WARNING odoo_19_test_try odoo.addons.base.models.ir_cron: Skipping database odoo_19_test_try as its base version is not 19.0.1.3. 
2026-07-15 10:48:17,669 49738 WARNING theme_test odoo.addons.base.models.ir_cron: Skipping database theme_test as its base version is not 19.0.1.3. 
2026-07-15 10:49:07,148 49738 WARNING 19_theme_setting odoo.addons.base.models.ir_cron: Skipping database 19_theme_setting as its base version is not 19.0.1.3. 
2026-07-15 10:49:07,152 49738 WARNING manas odoo.addons.base.models.ir_cron: Skipping database manas as its base version is not 19.0.1.3. 
2026-07-15 10:49:07,196 49738 INFO new_360_dashboard odoo.addons.base.models.ir_cron: Job 'Notification: Notify scheduled messages' (8) starting 
2026-07-15 10:49:07,291 49738 INFO new_360_dashboard odoo.addons.base.models.ir_cron: Job 'Notification: Notify scheduled messages' (8) fully done (#loop 1; done 0; remaining 0; duration 0.10s) 
2026-07-15 10:49:07,302 49738 INFO new_360_dashboard odoo.addons.base.models.ir_cron: Job 'Mail: Email Queue Manager' (3) starting 
2026-07-15 10:49:07,324 49738 INFO new_360_dashboard odoo.addons.base.models.ir_cron: Job 'Mail: Email Queue Manager' (3) fully done (#loop 1; done 0; remaining 0; duration 0.02s) 
2026-07-15 10:49:07,328 49738 WARNING odoo_19_test_try odoo.addons.base.models.ir_cron: Skipping database odoo_19_test_try as its base version is not 19.0.1.3. 
2026-07-15 10:49:07,331 49738 WARNING theme_test odoo.addons.base.models.ir_cron: Skipping database theme_test as its base version is not 19.0.1.3. 
2026-07-15 10:49:18,759 49738 WARNING 19_theme_setting odoo.addons.base.models.ir_cron: Skipping database 19_theme_setting as its base version is not 19.0.1.3. 
2026-07-15 10:49:18,767 49738 WARNING manas odoo.addons.base.models.ir_cron: Skipping database manas as its base version is not 19.0.1.3. 
2026-07-15 10:49:18,773 49738 WARNING odoo_19_test_try odoo.addons.base.models.ir_cron: Skipping database odoo_19_test_try as its base version is not 19.0.1.3. 
2026-07-15 10:49:18,778 49738 WARNING theme_test odoo.addons.base.models.ir_cron: Skipping database theme_test as its base version is not 19.0.1.3. 
2026-07-15 10:50:07,413 49738 WARNING 19_theme_setting odoo.addons.base.models.ir_cron: Skipping database 19_theme_setting as its base version is not 19.0.1.3. 
2026-07-15 10:50:07,419 49738 WARNING manas odoo.addons.base.models.ir_cron: Skipping database manas as its base version is not 19.0.1.3. 
2026-07-15 10:50:07,426 49738 WARNING odoo_19_test_try odoo.addons.base.models.ir_cron: Skipping database odoo_19_test_try as its base version is not 19.0.1.3. 
2026-07-15 10:50:07,430 49738 WARNING theme_test odoo.addons.base.models.ir_cron: Skipping database theme_test as its base version is not 19.0.1.3. 
2026-07-15 10:50:19,867 49738 WARNING 19_theme_setting odoo.addons.base.models.ir_cron: Skipping database 19_theme_setting as its base version is not 19.0.1.3. 
2026-07-15 10:50:19,875 49738 WARNING manas odoo.addons.base.models.ir_cron: Skipping database manas as its base version is not 19.0.1.3. 
2026-07-15 10:50:19,881 49738 WARNING odoo_19_test_try odoo.addons.base.models.ir_cron: Skipping database odoo_19_test_try as its base version is not 19.0.1.3. 
2026-07-15 10:50:19,884 49738 WARNING theme_test odoo.addons.base.models.ir_cron: Skipping database theme_test as its base version is not 19.0.1.3. 
2026-07-15 10:51:07,512 49738 WARNING 19_theme_setting odoo.addons.base.models.ir_cron: Skipping database 19_theme_setting as its base version is not 19.0.1.3. 
2026-07-15 10:51:07,519 49738 WARNING manas odoo.addons.base.models.ir_cron: Skipping database manas as its base version is not 19.0.1.3. 
2026-07-15 10:51:07,527 49738 WARNING odoo_19_test_try odoo.addons.base.models.ir_cron: Skipping database odoo_19_test_try as its base version is not 19.0.1.3. 
2026-07-15 10:51:07,531 49738 WARNING theme_test odoo.addons.base.models.ir_cron: Skipping database theme_test as its base version is not 19.0.1.3. 
2026-07-15 10:51:20,969 49738 WARNING 19_theme_setting odoo.addons.base.models.ir_cron: Skipping database 19_theme_setting as its base version is not 19.0.1.3. 
2026-07-15 10:51:20,975 49738 WARNING manas odoo.addons.base.models.ir_cron: Skipping database manas as its base version is not 19.0.1.3. 
2026-07-15 10:51:20,981 49738 WARNING odoo_19_test_try odoo.addons.base.models.ir_cron: Skipping database odoo_19_test_try as its base version is not 19.0.1.3. 
2026-07-15 10:51:20,983 49738 WARNING theme_test odoo.addons.base.models.ir_cron: Skipping database theme_test as its base version is not 19.0.1.3. 
2026-07-15 10:52:07,613 49738 WARNING 19_theme_setting odoo.addons.base.models.ir_cron: Skipping database 19_theme_setting as its base version is not 19.0.1.3. 
2026-07-15 10:52:07,620 49738 WARNING manas odoo.addons.base.models.ir_cron: Skipping database manas as its base version is not 19.0.1.3. 
2026-07-15 10:52:07,628 49738 WARNING odoo_19_test_try odoo.addons.base.models.ir_cron: Skipping database odoo_19_test_try as its base version is not 19.0.1.3. 
2026-07-15 10:52:07,631 49738 WARNING theme_test odoo.addons.base.models.ir_cron: Skipping database theme_test as its base version is not 19.0.1.3. 
2026-07-15 10:52:22,068 49738 WARNING 19_theme_setting odoo.addons.base.models.ir_cron: Skipping database 19_theme_setting as its base version is not 19.0.1.3. 
2026-07-15 10:52:22,073 49738 WARNING manas odoo.addons.base.models.ir_cron: Skipping database manas as its base version is not 19.0.1.3. 
2026-07-15 10:52:22,077 49738 WARNING odoo_19_test_try odoo.addons.base.models.ir_cron: Skipping database odoo_19_test_try as its base version is not 19.0.1.3. 
2026-07-15 10:52:22,079 49738 WARNING theme_test odoo.addons.base.models.ir_cron: Skipping database theme_test as its base version is not 19.0.1.3. 
2026-07-15 10:53:07,713 49738 WARNING 19_theme_setting odoo.addons.base.models.ir_cron: Skipping database 19_theme_setting as its base version is not 19.0.1.3. 
2026-07-15 10:53:07,718 49738 WARNING manas odoo.addons.base.models.ir_cron: Skipping database manas as its base version is not 19.0.1.3. 
2026-07-15 10:53:07,726 49738 WARNING odoo_19_test_try odoo.addons.base.models.ir_cron: Skipping database odoo_19_test_try as its base version is not 19.0.1.3. 
2026-07-15 10:53:07,730 49738 WARNING theme_test odoo.addons.base.models.ir_cron: Skipping database theme_test as its base version is not 19.0.1.3. 
2026-07-15 10:53:23,169 49738 WARNING 19_theme_setting odoo.addons.base.models.ir_cron: Skipping database 19_theme_setting as its base version is not 19.0.1.3. 
2026-07-15 10:53:23,176 49738 WARNING manas odoo.addons.base.models.ir_cron: Skipping database manas as its base version is not 19.0.1.3. 
2026-07-15 10:53:23,184 49738 WARNING odoo_19_test_try odoo.addons.base.models.ir_cron: Skipping database odoo_19_test_try as its base version is not 19.0.1.3. 
2026-07-15 10:53:23,189 49738 WARNING theme_test odoo.addons.base.models.ir_cron: Skipping database theme_test as its base version is not 19.0.1.3. 
2026-07-15 10:54:07,808 49738 WARNING 19_theme_setting odoo.addons.base.models.ir_cron: Skipping database 19_theme_setting as its base version is not 19.0.1.3. 
2026-07-15 10:54:07,816 49738 WARNING manas odoo.addons.base.models.ir_cron: Skipping database manas as its base version is not 19.0.1.3. 
2026-07-15 10:54:07,821 49738 WARNING odoo_19_test_try odoo.addons.base.models.ir_cron: Skipping database odoo_19_test_try as its base version is not 19.0.1.3. 
2026-07-15 10:54:07,825 49738 WARNING theme_test odoo.addons.base.models.ir_cron: Skipping database theme_test as its base version is not 19.0.1.3. 
2026-07-15 10:54:24,271 49738 WARNING 19_theme_setting odoo.addons.base.models.ir_cron: Skipping database 19_theme_setting as its base version is not 19.0.1.3. 
2026-07-15 10:54:24,277 49738 WARNING manas odoo.addons.base.models.ir_cron: Skipping database manas as its base version is not 19.0.1.3. 
2026-07-15 10:54:24,284 49738 WARNING odoo_19_test_try odoo.addons.base.models.ir_cron: Skipping database odoo_19_test_try as its base version is not 19.0.1.3. 
2026-07-15 10:54:24,288 49738 WARNING theme_test odoo.addons.base.models.ir_cron: Skipping database theme_test as its base version is not 19.0.1.3. 
2026-07-15 10:55:07,900 49738 WARNING 19_theme_setting odoo.addons.base.models.ir_cron: Skipping database 19_theme_setting as its base version is not 19.0.1.3. 
2026-07-15 10:55:07,908 49738 WARNING manas odoo.addons.base.models.ir_cron: Skipping database manas as its base version is not 19.0.1.3. 
2026-07-15 10:55:07,914 49738 WARNING odoo_19_test_try odoo.addons.base.models.ir_cron: Skipping database odoo_19_test_try as its base version is not 19.0.1.3. 
2026-07-15 10:55:07,917 49738 WARNING theme_test odoo.addons.base.models.ir_cron: Skipping database theme_test as its base version is not 19.0.1.3. 
2026-07-15 10:55:25,379 49738 WARNING 19_theme_setting odoo.addons.base.models.ir_cron: Skipping database 19_theme_setting as its base version is not 19.0.1.3. 
2026-07-15 10:55:25,387 49738 WARNING manas odoo.addons.base.models.ir_cron: Skipping database manas as its base version is not 19.0.1.3. 
2026-07-15 10:55:25,394 49738 WARNING odoo_19_test_try odoo.addons.base.models.ir_cron: Skipping database odoo_19_test_try as its base version is not 19.0.1.3. 
2026-07-15 10:55:25,398 49738 WARNING theme_test odoo.addons.base.models.ir_cron: Skipping database theme_test as its base version is not 19.0.1.3. 
2026-07-15 10:56:07,997 49738 WARNING 19_theme_setting odoo.addons.base.models.ir_cron: Skipping database 19_theme_setting as its base version is not 19.0.1.3. 
2026-07-15 10:56:08,004 49738 WARNING manas odoo.addons.base.models.ir_cron: Skipping database manas as its base version is not 19.0.1.3. 
2026-07-15 10:56:08,012 49738 WARNING odoo_19_test_try odoo.addons.base.models.ir_cron: Skipping database odoo_19_test_try as its base version is not 19.0.1.3. 
2026-07-15 10:56:08,015 49738 WARNING theme_test odoo.addons.base.models.ir_cron: Skipping database theme_test as its base version is not 19.0.1.3. 
2026-07-15 10:56:26,431 49738 WARNING 19_theme_setting odoo.addons.base.models.ir_cron: Skipping database 19_theme_setting as its base version is not 19.0.1.3. 
2026-07-15 10:56:26,436 49738 WARNING manas odoo.addons.base.models.ir_cron: Skipping database manas as its base version is not 19.0.1.3. 
2026-07-15 10:56:26,442 49738 WARNING odoo_19_test_try odoo.addons.base.models.ir_cron: Skipping database odoo_19_test_try as its base version is not 19.0.1.3. 
2026-07-15 10:56:26,446 49738 WARNING theme_test odoo.addons.base.models.ir_cron: Skipping database theme_test as its base version is not 19.0.1.3. 
2026-07-15 10:57:08,097 49738 WARNING 19_theme_setting odoo.addons.base.models.ir_cron: Skipping database 19_theme_setting as its base version is not 19.0.1.3. 
2026-07-15 10:57:08,103 49738 WARNING manas odoo.addons.base.models.ir_cron: Skipping database manas as its base version is not 19.0.1.3. 
2026-07-15 10:57:08,110 49738 WARNING odoo_19_test_try odoo.addons.base.models.ir_cron: Skipping database odoo_19_test_try as its base version is not 19.0.1.3. 
2026-07-15 10:57:08,115 49738 INFO tezzzzzzzzzzzzzzzzzzzzz odoo.addons.base.models.ir_cron: Job 'Notification: Notify scheduled messages' (8) starting 
2026-07-15 10:57:08,149 49738 INFO tezzzzzzzzzzzzzzzzzzzzz odoo.addons.base.models.ir_cron: Job 'Notification: Notify scheduled messages' (8) fully done (#loop 1; done 0; remaining 0; duration 0.03s) 
2026-07-15 10:57:08,159 49738 INFO tezzzzzzzzzzzzzzzzzzzzz odoo.addons.base.models.ir_cron: Job 'Mail: Email Queue Manager' (3) starting 
2026-07-15 10:57:08,196 49738 INFO tezzzzzzzzzzzzzzzzzzzzz odoo.addons.base.models.ir_cron: Job 'Mail: Email Queue Manager' (3) fully done (#loop 1; done 0; remaining 0; duration 0.04s) 
2026-07-15 10:57:08,200 49738 WARNING theme_test odoo.addons.base.models.ir_cron: Skipping database theme_test as its base version is not 19.0.1.3. 
2026-07-15 10:57:27,531 49738 WARNING 19_theme_setting odoo.addons.base.models.ir_cron: Skipping database 19_theme_setting as its base version is not 19.0.1.3. 
2026-07-15 10:57:27,536 49738 WARNING manas odoo.addons.base.models.ir_cron: Skipping database manas as its base version is not 19.0.1.3. 
2026-07-15 10:57:27,540 49738 WARNING odoo_19_test_try odoo.addons.base.models.ir_cron: Skipping database odoo_19_test_try as its base version is not 19.0.1.3. 
2026-07-15 10:57:27,544 49738 INFO tezzzzzzzzzzzzzzzzzzzzz odoo.addons.base.models.ir_cron: Job 'Payment: Post-process transactions' (15) starting 
2026-07-15 10:57:27,555 49738 INFO tezzzzzzzzzzzzzzzzzzzzz odoo.addons.base.models.ir_cron: Job 'Payment: Post-process transactions' (15) fully done (#loop 1; done 0; remaining 0; duration 0.01s) 
2026-07-15 10:57:27,559 49738 WARNING theme_test odoo.addons.base.models.ir_cron: Skipping database theme_test as its base version is not 19.0.1.3. 
2026-07-15 10:58:08,281 49738 WARNING 19_theme_setting odoo.addons.base.models.ir_cron: Skipping database 19_theme_setting as its base version is not 19.0.1.3. 
2026-07-15 10:58:08,287 49738 WARNING manas odoo.addons.base.models.ir_cron: Skipping database manas as its base version is not 19.0.1.3. 
2026-07-15 10:58:08,294 49738 WARNING odoo_19_test_try odoo.addons.base.models.ir_cron: Skipping database odoo_19_test_try as its base version is not 19.0.1.3. 
2026-07-15 10:58:08,299 49738 WARNING theme_test odoo.addons.base.models.ir_cron: Skipping database theme_test as its base version is not 19.0.1.3. 
2026-07-15 10:58:28,654 49738 WARNING 19_theme_setting odoo.addons.base.models.ir_cron: Skipping database 19_theme_setting as its base version is not 19.0.1.3. 
2026-07-15 10:58:28,661 49738 WARNING manas odoo.addons.base.models.ir_cron: Skipping database manas as its base version is not 19.0.1.3. 
2026-07-15 10:58:28,668 49738 WARNING odoo_19_test_try odoo.addons.base.models.ir_cron: Skipping database odoo_19_test_try as its base version is not 19.0.1.3. 
2026-07-15 10:58:28,673 49738 WARNING theme_test odoo.addons.base.models.ir_cron: Skipping database theme_test as its base version is not 19.0.1.3. 
2026-07-15 10:59:08,380 49738 WARNING 19_theme_setting odoo.addons.base.models.ir_cron: Skipping database 19_theme_setting as its base version is not 19.0.1.3. 
2026-07-15 10:59:08,387 49738 WARNING manas odoo.addons.base.models.ir_cron: Skipping database manas as its base version is not 19.0.1.3. 
2026-07-15 10:59:08,392 49738 WARNING odoo_19_test_try odoo.addons.base.models.ir_cron: Skipping database odoo_19_test_try as its base version is not 19.0.1.3. 
2026-07-15 10:59:08,396 49738 WARNING theme_test odoo.addons.base.models.ir_cron: Skipping database theme_test as its base version is not 19.0.1.3. 
2026-07-15 10:59:29,756 49738 WARNING 19_theme_setting odoo.addons.base.models.ir_cron: Skipping database 19_theme_setting as its base version is not 19.0.1.3. 
2026-07-15 10:59:29,760 49738 WARNING manas odoo.addons.base.models.ir_cron: Skipping database manas as its base version is not 19.0.1.3. 
2026-07-15 10:59:29,764 49738 WARNING odoo_19_test_try odoo.addons.base.models.ir_cron: Skipping database odoo_19_test_try as its base version is not 19.0.1.3. 
2026-07-15 10:59:29,766 49738 WARNING theme_test odoo.addons.base.models.ir_cron: Skipping database theme_test as its base version is not 19.0.1.3. 
2026-07-15 11:00:08,474 49738 WARNING 19_theme_setting odoo.addons.base.models.ir_cron: Skipping database 19_theme_setting as its base version is not 19.0.1.3. 
2026-07-15 11:00:08,480 49738 WARNING manas odoo.addons.base.models.ir_cron: Skipping database manas as its base version is not 19.0.1.3. 
2026-07-15 11:00:08,489 49738 WARNING odoo_19_test_try odoo.addons.base.models.ir_cron: Skipping database odoo_19_test_try as its base version is not 19.0.1.3. 
2026-07-15 11:00:08,493 49738 WARNING theme_test odoo.addons.base.models.ir_cron: Skipping database theme_test as its base version is not 19.0.1.3. 
2026-07-15 11:00:30,848 49738 WARNING 19_theme_setting odoo.addons.base.models.ir_cron: Skipping database 19_theme_setting as its base version is not 19.0.1.3. 
2026-07-15 11:00:30,852 49738 WARNING manas odoo.addons.base.models.ir_cron: Skipping database manas as its base version is not 19.0.1.3. 
2026-07-15 11:00:30,857 49738 WARNING odoo_19_test_try odoo.addons.base.models.ir_cron: Skipping database odoo_19_test_try as its base version is not 19.0.1.3. 
2026-07-15 11:00:30,859 49738 WARNING theme_test odoo.addons.base.models.ir_cron: Skipping database theme_test as its base version is not 19.0.1.3. 
2026-07-15 11:01:08,571 49738 WARNING 19_theme_setting odoo.addons.base.models.ir_cron: Skipping database 19_theme_setting as its base version is not 19.0.1.3. 
2026-07-15 11:01:08,578 49738 WARNING manas odoo.addons.base.models.ir_cron: Skipping database manas as its base version is not 19.0.1.3. 
2026-07-15 11:01:08,584 49738 WARNING odoo_19_test_try odoo.addons.base.models.ir_cron: Skipping database odoo_19_test_try as its base version is not 19.0.1.3. 
2026-07-15 11:01:08,588 49738 WARNING theme_test odoo.addons.base.models.ir_cron: Skipping database theme_test as its base version is not 19.0.1.3. 
2026-07-15 11:01:31,953 49738 WARNING 19_theme_setting odoo.addons.base.models.ir_cron: Skipping database 19_theme_setting as its base version is not 19.0.1.3. 
2026-07-15 11:01:31,959 49738 WARNING manas odoo.addons.base.models.ir_cron: Skipping database manas as its base version is not 19.0.1.3. 
2026-07-15 11:01:31,966 49738 WARNING odoo_19_test_try odoo.addons.base.models.ir_cron: Skipping database odoo_19_test_try as its base version is not 19.0.1.3. 
2026-07-15 11:01:31,969 49738 WARNING theme_test odoo.addons.base.models.ir_cron: Skipping database theme_test as its base version is not 19.0.1.3. 
2026-07-15 11:02:08,671 49738 WARNING 19_theme_setting odoo.addons.base.models.ir_cron: Skipping database 19_theme_setting as its base version is not 19.0.1.3. 
2026-07-15 11:02:08,677 49738 WARNING manas odoo.addons.base.models.ir_cron: Skipping database manas as its base version is not 19.0.1.3. 
2026-07-15 11:02:08,684 49738 WARNING odoo_19_test_try odoo.addons.base.models.ir_cron: Skipping database odoo_19_test_try as its base version is not 19.0.1.3. 
2026-07-15 11:02:08,687 49738 WARNING theme_test odoo.addons.base.models.ir_cron: Skipping database theme_test as its base version is not 19.0.1.3. 
2026-07-15 11:02:33,063 49738 WARNING 19_theme_setting odoo.addons.base.models.ir_cron: Skipping database 19_theme_setting as its base version is not 19.0.1.3. 
2026-07-15 11:02:33,069 49738 WARNING manas odoo.addons.base.models.ir_cron: Skipping database manas as its base version is not 19.0.1.3. 
2026-07-15 11:02:33,152 49738 INFO odoo19_demo odoo.addons.base.models.ir_cron: Job 'Notification: Notify scheduled messages' (8) starting 
2026-07-15 11:02:33,262 49738 INFO odoo19_demo odoo.addons.base.models.ir_cron: Job 'Notification: Notify scheduled messages' (8) fully done (#loop 1; done 0; remaining 0; duration 0.11s) 
2026-07-15 11:02:33,276 49738 INFO odoo19_demo odoo.addons.base.models.ir_cron: Job 'Mail: Email Queue Manager' (3) starting 
2026-07-15 11:02:33,315 49738 INFO odoo19_demo odoo.addons.base.models.ir_cron: Job 'Mail: Email Queue Manager' (3) fully done (#loop 1; done 0; remaining 0; duration 0.04s) 
2026-07-15 11:02:33,317 49738 WARNING odoo_19_test_try odoo.addons.base.models.ir_cron: Skipping database odoo_19_test_try as its base version is not 19.0.1.3. 
2026-07-15 11:02:33,321 49738 WARNING theme_test odoo.addons.base.models.ir_cron: Skipping database theme_test as its base version is not 19.0.1.3. 
2026-07-15 11:03:08,769 49738 WARNING 19_theme_setting odoo.addons.base.models.ir_cron: Skipping database 19_theme_setting as its base version is not 19.0.1.3. 
2026-07-15 11:03:08,775 49738 WARNING manas odoo.addons.base.models.ir_cron: Skipping database manas as its base version is not 19.0.1.3. 
2026-07-15 11:03:08,787 49738 INFO odoo19_demo odoo.addons.base.models.ir_cron: Job 'Digest Emails' (14) starting 
2026-07-15 11:03:08,826 49738 INFO odoo19_demo odoo.addons.base.models.ir_cron: Job 'Digest Emails' (14) fully done (#loop 1; done 0; remaining 0; duration 0.04s) 
2026-07-15 11:03:08,833 49738 WARNING odoo_19_test_try odoo.addons.base.models.ir_cron: Skipping database odoo_19_test_try as its base version is not 19.0.1.3. 
2026-07-15 11:03:08,839 49738 WARNING theme_test odoo.addons.base.models.ir_cron: Skipping database theme_test as its base version is not 19.0.1.3. 
2026-07-15 11:03:34,358 49738 WARNING 19_theme_setting odoo.addons.base.models.ir_cron: Skipping database 19_theme_setting as its base version is not 19.0.1.3. 
2026-07-15 11:03:34,363 49738 WARNING manas odoo.addons.base.models.ir_cron: Skipping database manas as its base version is not 19.0.1.3. 
2026-07-15 11:03:34,368 49738 WARNING odoo_19_test_try odoo.addons.base.models.ir_cron: Skipping database odoo_19_test_try as its base version is not 19.0.1.3. 
2026-07-15 11:03:34,373 49738 WARNING theme_test odoo.addons.base.models.ir_cron: Skipping database theme_test as its base version is not 19.0.1.3. 
2026-07-15 11:04:08,904 49738 WARNING 19_theme_setting odoo.addons.base.models.ir_cron: Skipping database 19_theme_setting as its base version is not 19.0.1.3. 
2026-07-15 11:04:08,911 49738 WARNING manas odoo.addons.base.models.ir_cron: Skipping database manas as its base version is not 19.0.1.3. 
2026-07-15 11:04:08,916 49738 WARNING odoo_19_test_try odoo.addons.base.models.ir_cron: Skipping database odoo_19_test_try as its base version is not 19.0.1.3. 
2026-07-15 11:04:08,918 49738 WARNING theme_test odoo.addons.base.models.ir_cron: Skipping database theme_test as its base version is not 19.0.1.3. 
2026-07-15 11:04:35,466 49738 WARNING 19_theme_setting odoo.addons.base.models.ir_cron: Skipping database 19_theme_setting as its base version is not 19.0.1.3. 
2026-07-15 11:04:35,472 49738 WARNING manas odoo.addons.base.models.ir_cron: Skipping database manas as its base version is not 19.0.1.3. 
2026-07-15 11:04:35,478 49738 WARNING odoo_19_test_try odoo.addons.base.models.ir_cron: Skipping database odoo_19_test_try as its base version is not 19.0.1.3. 
2026-07-15 11:04:35,482 49738 WARNING theme_test odoo.addons.base.models.ir_cron: Skipping database theme_test as its base version is not 19.0.1.3. 
2026-07-15 11:05:03,596 49738 INFO ? werkzeug: 127.0.0.1 - - [15/Jul/2026 11:05:03] "POST /web/login HTTP/1.1" 303 - 1 0.003 0.038
2026-07-15 11:05:04,424 49738 INFO ? odoo.sql_db: ConnectionPool(read/write;used=3/count=20/max=64): Closed 1 connections to 'user=odoo19 password=xxx dbname=19_theme_setting host=localhost port=5432 application_name=odoo-49738 sslmode=prefer' 
2026-07-15 11:05:04,425 49738 INFO ? odoo.sql_db: ConnectionPool(read/write;used=3/count=19/max=64): Closed 1 connections to 'user=odoo19 password=xxx dbname=manas host=localhost port=5432 application_name=odoo-49738 sslmode=prefer' 
2026-07-15 11:05:04,425 49738 INFO ? odoo.sql_db: ConnectionPool(read/write;used=3/count=18/max=64): Closed 1 connections to 'user=odoo19 password=xxx dbname=odoo_19_test_try host=localhost port=5432 application_name=odoo-49738 sslmode=prefer' 
2026-07-15 11:05:04,426 49738 INFO ? odoo.sql_db: ConnectionPool(read/write;used=3/count=17/max=64): Closed 1 connections to 'user=odoo19 password=xxx dbname=theme_test host=localhost port=5432 application_name=odoo-49738 sslmode=prefer' 
2026-07-15 11:05:04,465 49738 INFO ? werkzeug: 127.0.0.1 - - [15/Jul/2026 11:05:04] "GET /web/database/selector HTTP/1.1" 200 - 30 0.071 0.792
2026-07-15 11:05:04,695 49738 INFO ? werkzeug: 127.0.0.1 - - [15/Jul/2026 11:05:04] "GET /web/service-worker.js HTTP/1.1" 404 - 1 0.003 0.019
2026-07-15 11:05:05,706 49738 INFO ? werkzeug: 127.0.0.1 - - [15/Jul/2026 11:05:05] "GET /web/service-worker.js HTTP/1.1" 404 - 1 0.004 0.018
2026-07-15 11:05:09,029 49738 WARNING 19_theme_setting odoo.addons.base.models.ir_cron: Skipping database 19_theme_setting as its base version is not 19.0.1.3. 
2026-07-15 11:05:09,061 49738 WARNING manas odoo.addons.base.models.ir_cron: Skipping database manas as its base version is not 19.0.1.3. 
2026-07-15 11:05:09,092 49738 WARNING odoo_19_test_try odoo.addons.base.models.ir_cron: Skipping database odoo_19_test_try as its base version is not 19.0.1.3. 
2026-07-15 11:05:09,118 49738 WARNING theme_test odoo.addons.base.models.ir_cron: Skipping database theme_test as its base version is not 19.0.1.3. 
2026-07-15 11:05:36,574 49738 WARNING 19_theme_setting odoo.addons.base.models.ir_cron: Skipping database 19_theme_setting as its base version is not 19.0.1.3. 
2026-07-15 11:05:36,580 49738 WARNING manas odoo.addons.base.models.ir_cron: Skipping database manas as its base version is not 19.0.1.3. 
2026-07-15 11:05:36,585 49738 WARNING odoo_19_test_try odoo.addons.base.models.ir_cron: Skipping database odoo_19_test_try as its base version is not 19.0.1.3. 
2026-07-15 11:05:36,588 49738 WARNING theme_test odoo.addons.base.models.ir_cron: Skipping database theme_test as its base version is not 19.0.1.3. 
2026-07-15 11:06:09,191 49738 WARNING 19_theme_setting odoo.addons.base.models.ir_cron: Skipping database 19_theme_setting as its base version is not 19.0.1.3. 
2026-07-15 11:06:09,196 49738 WARNING manas odoo.addons.base.models.ir_cron: Skipping database manas as its base version is not 19.0.1.3. 
2026-07-15 11:06:09,206 49738 WARNING odoo_19_test_try odoo.addons.base.models.ir_cron: Skipping database odoo_19_test_try as its base version is not 19.0.1.3. 
2026-07-15 11:06:09,209 49738 WARNING theme_test odoo.addons.base.models.ir_cron: Skipping database theme_test as its base version is not 19.0.1.3. 
2026-07-15 11:06:37,677 49738 WARNING 19_theme_setting odoo.addons.base.models.ir_cron: Skipping database 19_theme_setting as its base version is not 19.0.1.3. 
2026-07-15 11:06:37,683 49738 WARNING manas odoo.addons.base.models.ir_cron: Skipping database manas as its base version is not 19.0.1.3. 
2026-07-15 11:06:37,690 49738 WARNING odoo_19_test_try odoo.addons.base.models.ir_cron: Skipping database odoo_19_test_try as its base version is not 19.0.1.3. 
2026-07-15 11:06:37,694 49738 WARNING theme_test odoo.addons.base.models.ir_cron: Skipping database theme_test as its base version is not 19.0.1.3. 
2026-07-15 11:07:09,291 49738 WARNING 19_theme_setting odoo.addons.base.models.ir_cron: Skipping database 19_theme_setting as its base version is not 19.0.1.3. 
2026-07-15 11:07:09,298 49738 WARNING manas odoo.addons.base.models.ir_cron: Skipping database manas as its base version is not 19.0.1.3. 
2026-07-15 11:07:09,305 49738 WARNING odoo_19_test_try odoo.addons.base.models.ir_cron: Skipping database odoo_19_test_try as its base version is not 19.0.1.3. 
2026-07-15 11:07:09,309 49738 WARNING theme_test odoo.addons.base.models.ir_cron: Skipping database theme_test as its base version is not 19.0.1.3. 
2026-07-15 11:07:17,615 49738 INFO ? werkzeug: 127.0.0.1 - - [15/Jul/2026 11:07:17] "GET / HTTP/1.1" 303 - 1 0.003 0.018
2026-07-15 11:07:17,672 49738 INFO ? werkzeug: 127.0.0.1 - - [15/Jul/2026 11:07:17] "GET /odoo HTTP/1.1" 303 - 2 0.005 0.035
2026-07-15 11:07:18,437 49738 INFO ? odoo.sql_db: ConnectionPool(read/write;used=3/count=20/max=64): Closed 1 connections to 'user=odoo19 password=xxx dbname=19_theme_setting host=localhost port=5432 application_name=odoo-49738 sslmode=prefer' 
2026-07-15 11:07:18,438 49738 INFO ? odoo.sql_db: ConnectionPool(read/write;used=3/count=19/max=64): Closed 1 connections to 'user=odoo19 password=xxx dbname=manas host=localhost port=5432 application_name=odoo-49738 sslmode=prefer' 
2026-07-15 11:07:18,439 49738 INFO ? odoo.sql_db: ConnectionPool(read/write;used=3/count=18/max=64): Closed 1 connections to 'user=odoo19 password=xxx dbname=odoo_19_test_try host=localhost port=5432 application_name=odoo-49738 sslmode=prefer' 
2026-07-15 11:07:18,442 49738 INFO ? odoo.sql_db: ConnectionPool(read/write;used=3/count=17/max=64): Closed 1 connections to 'user=odoo19 password=xxx dbname=theme_test host=localhost port=5432 application_name=odoo-49738 sslmode=prefer' 
2026-07-15 11:07:18,489 49738 INFO ? werkzeug: 127.0.0.1 - - [15/Jul/2026 11:07:18] "GET /web/database/selector HTTP/1.1" 200 - 30 0.019 0.785
2026-07-15 11:07:18,721 49738 INFO ? werkzeug: 127.0.0.1 - - [15/Jul/2026 11:07:18] "GET /web/service-worker.js HTTP/1.1" 404 - 1 0.002 0.016
2026-07-15 11:07:19,516 49738 INFO ? werkzeug: 127.0.0.1 - - [15/Jul/2026 11:07:19] "GET /web/service-worker.js HTTP/1.1" 404 - 1 0.003 0.018
2026-07-15 11:07:32,823 49738 INFO ? werkzeug: 127.0.0.1 - - [15/Jul/2026 11:07:32] "GET /odoo?db=oca_module_testing HTTP/1.1" 302 - 1 0.002 0.017
2026-07-15 11:07:32,837 49738 INFO oca_module_testing werkzeug: 127.0.0.1 - - [15/Jul/2026 11:07:32] "GET /odoo?db=oca_module_testing HTTP/1.1" 303 - 1 0.005 0.003
2026-07-15 11:07:32,867 49738 INFO oca_module_testing werkzeug: 127.0.0.1 - - [15/Jul/2026 11:07:32] "GET /web/login?redirect=/odoo?db%3Doca_module_testing HTTP/1.1" 200 - 4 0.005 0.021
2026-07-15 11:07:33,291 49738 INFO oca_module_testing werkzeug: 127.0.0.1 - - [15/Jul/2026 11:07:33] "GET /website/translations?hash=e5f9a729b298a7ad7e63e88e13cd87cef2754133&lang= HTTP/1.1" 200 - 5 0.007 0.006
2026-07-15 11:07:33,364 49738 INFO oca_module_testing werkzeug: 127.0.0.1 - - [15/Jul/2026 11:07:33] "POST /mail/data HTTP/1.1" 200 - 2 0.001 0.003
2026-07-15 11:07:33,855 49738 INFO oca_module_testing werkzeug: 127.0.0.1 - - [15/Jul/2026 11:07:33] "GET /web/service-worker.js HTTP/1.1" 200 - 2 0.001 0.003
2026-07-15 11:07:33,876 49738 INFO oca_module_testing werkzeug: 127.0.0.1 - - [15/Jul/2026 11:07:33] "GET /web/service-worker.js HTTP/1.1" 200 - 2 0.001 0.002
2026-07-15 11:07:38,803 49738 WARNING 19_theme_setting odoo.addons.base.models.ir_cron: Skipping database 19_theme_setting as its base version is not 19.0.1.3. 
2026-07-15 11:07:38,827 49738 WARNING manas odoo.addons.base.models.ir_cron: Skipping database manas as its base version is not 19.0.1.3. 
2026-07-15 11:07:38,851 49738 WARNING odoo_19_test_try odoo.addons.base.models.ir_cron: Skipping database odoo_19_test_try as its base version is not 19.0.1.3. 
2026-07-15 11:07:38,876 49738 INFO tezzzzzzzzzzzzzzzzzzzzz odoo.addons.base.models.ir_cron: Job 'Payment: Post-process transactions' (15) starting 
2026-07-15 11:07:38,920 49738 INFO tezzzzzzzzzzzzzzzzzzzzz odoo.addons.base.models.ir_cron: Job 'Payment: Post-process transactions' (15) fully done (#loop 1; done 0; remaining 0; duration 0.04s) 
2026-07-15 11:07:38,943 49738 WARNING theme_test odoo.addons.base.models.ir_cron: Skipping database theme_test as its base version is not 19.0.1.3. 
2026-07-15 11:07:42,237 49738 INFO oca_module_testing odoo.addons.base.models.res_users: Login successful for login:admin from 127.0.0.1 
2026-07-15 11:07:42,251 49738 INFO oca_module_testing werkzeug: 127.0.0.1 - - [15/Jul/2026 11:07:42] "POST /web/login HTTP/1.1" 303 - 22 0.034 0.714
2026-07-15 11:07:42,260 49738 INFO oca_module_testing odoo.addons.base.models.res_device: User 2 inserts device log (szRVIPGR5whxaLpDy6ibUgBMVmYiMwRS7ibuLJPcwH) 
2026-07-15 11:07:42,304 49738 INFO oca_module_testing werkzeug: 127.0.0.1 - - [15/Jul/2026 11:07:42] "GET /odoo?db=oca_module_testing HTTP/1.1" 200 - 23 0.026 0.022
2026-07-15 11:07:42,451 49738 INFO oca_module_testing werkzeug: 127.0.0.1 - - [15/Jul/2026 11:07:42] "GET /web/webclient/load_menus HTTP/1.1" 200 - 12 0.051 0.027
2026-07-15 11:07:42,699 49738 INFO oca_module_testing werkzeug: 127.0.0.1 - - [15/Jul/2026 11:07:42] "GET /web/webclient/translations?hash=309395e7b381598b2edc4f4c75a99a6d285ecbd8&lang=en_US HTTP/1.1" 200 - 1 0.001 0.005
2026-07-15 11:07:42,971 49738 INFO oca_module_testing werkzeug: 127.0.0.1 - - [15/Jul/2026 11:07:42] "POST /web/action/load HTTP/1.1" 200 - 7 0.009 0.009
2026-07-15 11:07:43,023 49738 INFO oca_module_testing werkzeug: 127.0.0.1 - - [15/Jul/2026 11:07:43] "GET /bus/websocket_worker_bundle?v=19.0-2 HTTP/1.1" 304 - 3 0.014 0.025
2026-07-15 11:07:43,045 49738 INFO oca_module_testing werkzeug: 127.0.0.1 - - [15/Jul/2026 11:07:43] "GET /web/image?model=res.users&field=avatar_128&id=2 HTTP/1.1" 304 - 9 0.061 0.030
2026-07-15 11:07:43,068 49738 INFO oca_module_testing werkzeug: 127.0.0.1 - - [15/Jul/2026 11:07:43] "POST /mail/data HTTP/1.1" 200 - 39 0.055 0.037
2026-07-15 11:07:43,172 49738 INFO oca_module_testing werkzeug: 127.0.0.1 - - [15/Jul/2026 11:07:43] "GET /websocket?version=19.0-2 HTTP/1.1" 101 - 1 0.001 0.006
2026-07-15 11:07:43,206 49738 INFO oca_module_testing werkzeug: 127.0.0.1 - - [15/Jul/2026 11:07:43] "POST /web/dataset/call_kw/account.move/get_analytix_dashboard_data#account.move.get_analytix_dashboard_data HTTP/1.1" 200 - 29 0.018 0.023
2026-07-15 11:07:43,279 49738 INFO oca_module_testing werkzeug: 127.0.0.1 - - [15/Jul/2026 11:07:43] "GET /web/service-worker.js HTTP/1.1" 200 - 1 0.001 0.002
2026-07-15 11:07:43,328 49738 INFO oca_module_testing werkzeug: 127.0.0.1 - - [15/Jul/2026 11:07:43] "GET /web/service-worker.js HTTP/1.1" 200 - 1 0.001 0.003
2026-07-15 11:07:43,353 49738 INFO oca_module_testing werkzeug: 127.0.0.1 - - [15/Jul/2026 11:07:43] "GET /odoo/offline HTTP/1.1" 200 - 2 0.001 0.006
2026-07-15 11:07:43,385 49738 INFO oca_module_testing werkzeug: 127.0.0.1 - - [15/Jul/2026 11:07:43] "GET /odoo HTTP/1.1" 200 - 22 0.023 0.018
2026-07-15 11:07:45,961 49738 INFO oca_module_testing werkzeug: 127.0.0.1 - - [15/Jul/2026 11:07:45] "POST /web/action/load HTTP/1.1" 200 - 10 0.008 0.009
2026-07-15 11:07:46,148 49738 INFO oca_module_testing werkzeug: 127.0.0.1 - - [15/Jul/2026 11:07:46] "POST /web/dataset/call_kw/res.config.settings/onchange#res.config.settings.onchange HTTP/1.1" 200 - 49 0.079 0.049
2026-07-15 11:07:46,298 49738 INFO oca_module_testing werkzeug: 127.0.0.1 - - [15/Jul/2026 11:07:46] "POST /web/dataset/call_kw/res.config.settings/get_views#res.config.settings.get_views HTTP/1.1" 200 - 275 0.122 0.191
2026-07-15 11:07:46,343 49738 INFO oca_module_testing werkzeug: 127.0.0.1 - - [15/Jul/2026 11:07:46] "POST /base_setup/demo_active HTTP/1.1" 200 - 2 0.005 0.003
2026-07-15 11:07:46,367 49738 INFO oca_module_testing werkzeug: 127.0.0.1 - - [15/Jul/2026 11:07:46] "POST /base_setup/data HTTP/1.1" 200 - 5 0.003 0.003
2026-07-15 11:07:47,879 49738 INFO oca_module_testing werkzeug: 127.0.0.1 - - [15/Jul/2026 11:07:47] "POST /web/action/load HTTP/1.1" 200 - 10 0.006 0.009
2026-07-15 11:07:47,942 49738 INFO oca_module_testing werkzeug: 127.0.0.1 - - [15/Jul/2026 11:07:47] "POST /web/dataset/call_kw/odoo.ocr.api.config/get_views#odoo.ocr.api.config.get_views HTTP/1.1" 200 - 15 0.011 0.013
2026-07-15 11:07:47,963 49738 INFO oca_module_testing werkzeug: 127.0.0.1 - - [15/Jul/2026 11:07:47] "POST /web/dataset/call_kw/odoo.ocr.api.config/web_search_read#odoo.ocr.api.config.web_search_read HTTP/1.1" 200 - 3 0.003 0.003
2026-07-15 11:07:49,604 49738 INFO oca_module_testing werkzeug: 127.0.0.1 - - [15/Jul/2026 11:07:49] "POST /web/dataset/call_kw/odoo.ocr.api.config/onchange#odoo.ocr.api.config.onchange HTTP/1.1" 200 - 2 0.002 0.003
2026-07-15 11:07:53,980 49738 INFO oca_module_testing werkzeug: 127.0.0.1 - - [15/Jul/2026 11:07:53] "POST /web/dataset/call_kw/res.company/web_name_search#res.company.web_name_search HTTP/1.1" 200 - 2 0.002 0.004
2026-07-15 11:08:09,390 49738 WARNING 19_theme_setting odoo.addons.base.models.ir_cron: Skipping database 19_theme_setting as its base version is not 19.0.1.3. 
2026-07-15 11:08:09,398 49738 WARNING manas odoo.addons.base.models.ir_cron: Skipping database manas as its base version is not 19.0.1.3. 
2026-07-15 11:08:09,418 49738 WARNING odoo_19_test_try odoo.addons.base.models.ir_cron: Skipping database odoo_19_test_try as its base version is not 19.0.1.3. 
2026-07-15 11:08:09,421 49738 WARNING theme_test odoo.addons.base.models.ir_cron: Skipping database theme_test as its base version is not 19.0.1.3. 
2026-07-15 11:08:40,025 49738 WARNING 19_theme_setting odoo.addons.base.models.ir_cron: Skipping database 19_theme_setting as its base version is not 19.0.1.3. 
2026-07-15 11:08:40,029 49738 WARNING manas odoo.addons.base.models.ir_cron: Skipping database manas as its base version is not 19.0.1.3. 
2026-07-15 11:08:40,032 49738 WARNING odoo_19_test_try odoo.addons.base.models.ir_cron: Skipping database odoo_19_test_try as its base version is not 19.0.1.3. 
2026-07-15 11:08:40,035 49738 WARNING theme_test odoo.addons.base.models.ir_cron: Skipping database theme_test as its base version is not 19.0.1.3. 
2026-07-15 11:08:46,425 49738 INFO oca_module_testing werkzeug: 127.0.0.1 - - [15/Jul/2026 11:08:46] "POST /web/dataset/call_kw/odoo.ocr.api.config/web_save#odoo.ocr.api.config.web_save HTTP/1.1" 200 - 7 0.005 0.007
2026-07-15 11:08:48,070 49738 INFO oca_module_testing werkzeug: 127.0.0.1 - - [15/Jul/2026 11:08:48] "POST /web/dataset/call_button/odoo.ocr.api.config/test_connection#odoo.ocr.api.config.test_connection HTTP/1.1" 200 - 2 0.002 0.003
2026-07-15 11:08:48,162 49738 INFO oca_module_testing werkzeug: 127.0.0.1 - - [15/Jul/2026 11:08:48] "POST /web/dataset/call_kw/odoo.ocr.api.config/web_search_read#odoo.ocr.api.config.web_search_read HTTP/1.1" 200 - 3 0.001 0.004
2026-07-15 11:09:09,448 49738 WARNING 19_theme_setting odoo.addons.base.models.ir_cron: Skipping database 19_theme_setting as its base version is not 19.0.1.3. 
2026-07-15 11:09:09,454 49738 WARNING manas odoo.addons.base.models.ir_cron: Skipping database manas as its base version is not 19.0.1.3. 
2026-07-15 11:09:09,460 49738 WARNING odoo_19_test_try odoo.addons.base.models.ir_cron: Skipping database odoo_19_test_try as its base version is not 19.0.1.3. 
2026-07-15 11:09:09,464 49738 WARNING theme_test odoo.addons.base.models.ir_cron: Skipping database theme_test as its base version is not 19.0.1.3. 
2026-07-15 11:09:12,318 49738 INFO oca_module_testing werkzeug: 127.0.0.1 - - [15/Jul/2026 11:09:12] "POST /web/action/load HTTP/1.1" 200 - 10 0.006 0.010
2026-07-15 11:09:12,337 49738 INFO oca_module_testing werkzeug: 127.0.0.1 - - [15/Jul/2026 11:09:12] "POST /web/dataset/call_kw/odoo.ocr.ai.config/get_views#odoo.ocr.ai.config.get_views HTTP/1.1" 200 - 2 0.002 0.008
2026-07-15 11:09:12,344 49738 INFO oca_module_testing werkzeug: 127.0.0.1 - - [15/Jul/2026 11:09:12] "POST /web/dataset/call_kw/odoo.ocr.ai.config/web_search_read#odoo.ocr.ai.config.web_search_read HTTP/1.1" 200 - 2 0.005 0.004
2026-07-15 11:09:13,544 49738 INFO oca_module_testing werkzeug: 127.0.0.1 - - [15/Jul/2026 11:09:13] "POST /web/dataset/call_kw/odoo.ocr.ai.config/onchange#odoo.ocr.ai.config.onchange HTTP/1.1" 200 - 1 0.001 0.004
2026-07-15 11:09:14,557 49738 INFO oca_module_testing werkzeug: 127.0.0.1 - - [15/Jul/2026 11:09:14] "POST /web/dataset/call_kw/ir.model/web_name_search#ir.model.web_name_search HTTP/1.1" 200 - 2 0.001 0.003
2026-07-15 11:09:32,124 49738 INFO oca_module_testing werkzeug: 127.0.0.1 - - [15/Jul/2026 11:09:32] "POST /web/dataset/call_kw/odoo.ocr.ai.config.line/onchange#odoo.ocr.ai.config.line.onchange HTTP/1.1" 200 - 2 0.001 0.003
2026-07-15 11:09:34,220 49738 INFO oca_module_testing werkzeug: 127.0.0.1 - - [15/Jul/2026 11:09:34] "POST /web/dataset/call_kw/ir.model.fields/web_name_search#ir.model.fields.web_name_search HTTP/1.1" 200 - 1 0.001 0.003
2026-07-15 11:09:35,691 49738 INFO oca_module_testing werkzeug: 127.0.0.1 - - [15/Jul/2026 11:09:35] "POST /web/dataset/call_kw/ir.model.fields/web_name_search#ir.model.fields.web_name_search HTTP/1.1" 200 - 2 0.004 0.006
2026-07-15 11:09:40,413 49738 INFO oca_module_testing werkzeug: 127.0.0.1 - - [15/Jul/2026 11:09:40] "POST /web/dataset/call_kw/odoo.ocr.ai.config/web_save#odoo.ocr.ai.config.web_save HTTP/1.1" 200 - 3 0.004 0.004
2026-07-15 11:09:41,125 49738 WARNING 19_theme_setting odoo.addons.base.models.ir_cron: Skipping database 19_theme_setting as its base version is not 19.0.1.3. 
2026-07-15 11:09:41,132 49738 WARNING manas odoo.addons.base.models.ir_cron: Skipping database manas as its base version is not 19.0.1.3. 
2026-07-15 11:09:41,138 49738 WARNING odoo_19_test_try odoo.addons.base.models.ir_cron: Skipping database odoo_19_test_try as its base version is not 19.0.1.3. 
2026-07-15 11:09:41,141 49738 WARNING theme_test odoo.addons.base.models.ir_cron: Skipping database theme_test as its base version is not 19.0.1.3. 
2026-07-15 11:09:42,915 49738 INFO oca_module_testing werkzeug: 127.0.0.1 - - [15/Jul/2026 11:09:42] "POST /web/dataset/call_kw/odoo.ocr.ai.config/web_search_read#odoo.ocr.ai.config.web_search_read HTTP/1.1" 200 - 2 0.001 0.004
2026-07-15 11:09:44,182 49738 INFO oca_module_testing werkzeug: 127.0.0.1 - - [15/Jul/2026 11:09:44] "POST /web/dataset/call_kw/odoo.ocr.ai.config/web_read#odoo.ocr.ai.config.web_read HTTP/1.1" 200 - 4 0.003 0.004
2026-07-15 11:09:45,133 49738 INFO oca_module_testing werkzeug: 127.0.0.1 - - [15/Jul/2026 11:09:45] "POST /web/dataset/call_kw/ir.model/web_name_search#ir.model.web_name_search HTTP/1.1" 200 - 2 0.002 0.003
2026-07-15 11:09:47,995 49738 INFO oca_module_testing werkzeug: 127.0.0.1 - - [15/Jul/2026 11:09:47] "POST /web/dataset/call_kw/odoo.ocr.ai.config/web_search_read#odoo.ocr.ai.config.web_search_read HTTP/1.1" 200 - 2 0.001 0.003
2026-07-15 11:09:48,947 49738 INFO oca_module_testing werkzeug: 127.0.0.1 - - [15/Jul/2026 11:09:48] "POST /web/dataset/call_kw/odoo.ocr.ai.config/web_read#odoo.ocr.ai.config.web_read HTTP/1.1" 200 - 3 0.002 0.004
2026-07-15 11:09:50,260 49738 INFO oca_module_testing werkzeug: 127.0.0.1 - - [15/Jul/2026 11:09:50] "POST /web/dataset/call_kw/ir.model/web_name_search#ir.model.web_name_search HTTP/1.1" 200 - 2 0.001 0.003
2026-07-15 11:09:52,332 49738 INFO oca_module_testing werkzeug: 127.0.0.1 - - [15/Jul/2026 11:09:52] "POST /web/dataset/call_kw/odoo.ocr.ai.config/web_save#odoo.ocr.ai.config.web_save HTTP/1.1" 200 - 6 0.005 0.019
2026-07-15 11:09:53,478 49738 INFO oca_module_testing werkzeug: 127.0.0.1 - - [15/Jul/2026 11:09:53] "POST /web/dataset/call_kw/odoo.ocr.ai.config/web_search_read#odoo.ocr.ai.config.web_search_read HTTP/1.1" 200 - 2 0.001 0.003
2026-07-15 11:09:55,125 49738 INFO oca_module_testing werkzeug: 127.0.0.1 - - [15/Jul/2026 11:09:55] "POST /web/dataset/call_kw/odoo.ocr.ai.config/onchange#odoo.ocr.ai.config.onchange HTTP/1.1" 200 - 1 0.001 0.003
2026-07-15 11:09:56,559 49738 INFO oca_module_testing werkzeug: 127.0.0.1 - - [15/Jul/2026 11:09:56] "POST /web/dataset/call_kw/ir.model/web_name_search#ir.model.web_name_search HTTP/1.1" 200 - 2 0.004 0.004
2026-07-15 11:09:57,164 49738 INFO oca_module_testing werkzeug: 127.0.0.1 - - [15/Jul/2026 11:09:57] "POST /web/dataset/call_kw/odoo.ocr.ai.config/web_save#odoo.ocr.ai.config.web_save HTTP/1.1" 200 - 3 0.002 0.006
2026-07-15 11:09:59,116 49738 INFO oca_module_testing werkzeug: 127.0.0.1 - - [15/Jul/2026 11:09:59] "POST /web/dataset/call_kw/odoo.ocr.ai.config/web_search_read#odoo.ocr.ai.config.web_search_read HTTP/1.1" 200 - 2 0.001 0.004
2026-07-15 11:10:00,603 49738 INFO oca_module_testing werkzeug: 127.0.0.1 - - [15/Jul/2026 11:10:00] "POST /web/dataset/call_kw/odoo.ocr.ai.config/web_read#odoo.ocr.ai.config.web_read HTTP/1.1" 200 - 3 0.001 0.003
2026-07-15 11:10:01,680 49738 INFO oca_module_testing werkzeug: 127.0.0.1 - - [15/Jul/2026 11:10:01] "POST /web/dataset/call_kw/ir.model/web_name_search#ir.model.web_name_search HTTP/1.1" 200 - 2 0.001 0.003
2026-07-15 11:10:03,944 49738 INFO oca_module_testing werkzeug: 127.0.0.1 - - [15/Jul/2026 11:10:03] "POST /web/dataset/call_kw/odoo.ocr.api.config/web_search_read#odoo.ocr.api.config.web_search_read HTTP/1.1" 200 - 3 0.004 0.005
2026-07-15 11:10:05,795 49738 INFO oca_module_testing werkzeug: 127.0.0.1 - - [15/Jul/2026 11:10:05] "POST /web/dataset/call_button/odoo.ocr.api.config/test_connection#odoo.ocr.api.config.test_connection HTTP/1.1" 200 - 2 0.001 0.004
2026-07-15 11:10:05,893 49738 INFO oca_module_testing werkzeug: 127.0.0.1 - - [15/Jul/2026 11:10:05] "POST /web/dataset/call_kw/odoo.ocr.api.config/web_search_read#odoo.ocr.api.config.web_search_read HTTP/1.1" 200 - 3 0.002 0.005
2026-07-15 11:10:09,512 49738 WARNING 19_theme_setting odoo.addons.base.models.ir_cron: Skipping database 19_theme_setting as its base version is not 19.0.1.3. 
2026-07-15 11:10:09,518 49738 WARNING manas odoo.addons.base.models.ir_cron: Skipping database manas as its base version is not 19.0.1.3. 
2026-07-15 11:10:09,569 49738 INFO manas_test odoo.addons.base.models.ir_cron: Job 'Notification: Notify scheduled messages' (8) starting 
2026-07-15 11:10:09,657 49738 INFO manas_test odoo.addons.base.models.ir_cron: Job 'Notification: Notify scheduled messages' (8) fully done (#loop 1; done 0; remaining 0; duration 0.09s) 
2026-07-15 11:10:09,673 49738 INFO manas_test odoo.addons.base.models.ir_cron: Job 'Mail: Email Queue Manager' (3) starting 
2026-07-15 11:10:09,699 49738 INFO manas_test odoo.addons.base.models.ir_cron: Job 'Mail: Email Queue Manager' (3) fully done (#loop 1; done 0; remaining 0; duration 0.03s) 
2026-07-15 11:10:09,705 49738 WARNING odoo_19_test_try odoo.addons.base.models.ir_cron: Skipping database odoo_19_test_try as its base version is not 19.0.1.3. 
2026-07-15 11:10:09,709 49738 WARNING theme_test odoo.addons.base.models.ir_cron: Skipping database theme_test as its base version is not 19.0.1.3. 
2026-07-15 11:10:25,489 49738 INFO oca_module_testing werkzeug: 127.0.0.1 - - [15/Jul/2026 11:10:25] "GET /odoo/action-481?debug=1 HTTP/1.1" 200 - 22 0.011 0.023
2026-07-15 11:10:25,571 49738 INFO oca_module_testing werkzeug: 127.0.0.1 - - [15/Jul/2026 11:10:25] "GET /web/webclient/load_menus HTTP/1.1" 200 - 1 0.001 0.005
2026-07-15 11:10:25,896 49738 INFO oca_module_testing werkzeug: 127.0.0.1 - - [15/Jul/2026 11:10:25] "GET /web/webclient/translations?hash=309395e7b381598b2edc4f4c75a99a6d285ecbd8&lang=en_US HTTP/1.1" 200 - 1 0.001 0.003
2026-07-15 11:10:26,112 49738 INFO oca_module_testing werkzeug: 127.0.0.1 - - [15/Jul/2026 11:10:26] "GET /web/image?model=res.users&field=avatar_128&id=2 HTTP/1.1" 304 - 9 0.008 0.012
2026-07-15 11:10:26,112 49738 INFO oca_module_testing werkzeug: 127.0.0.1 - - [15/Jul/2026 11:10:26] "POST /web/dataset/call_kw/odoo.ocr.api.config/get_views#odoo.ocr.api.config.get_views HTTP/1.1" 200 - 2 0.003 0.007
2026-07-15 11:10:26,159 49738 INFO oca_module_testing werkzeug: 127.0.0.1 - - [15/Jul/2026 11:10:26] "POST /web/dataset/call_kw/odoo.ocr.api.config/web_search_read#odoo.ocr.api.config.web_search_read HTTP/1.1" 200 - 3 0.004 0.018
2026-07-15 11:10:26,196 49738 INFO oca_module_testing werkzeug: 127.0.0.1 - - [15/Jul/2026 11:10:26] "POST /mail/data HTTP/1.1" 200 - 39 0.035 0.038
2026-07-15 11:10:26,262 49738 INFO oca_module_testing werkzeug: 127.0.0.1 - - [15/Jul/2026 11:10:26] "GET /bus/websocket_worker_bundle?v=19.0-2 HTTP/1.1" 304 - 3 0.002 0.004
2026-07-15 11:10:26,328 49738 INFO oca_module_testing werkzeug: 127.0.0.1 - - [15/Jul/2026 11:10:26] "GET /websocket?version=19.0-2 HTTP/1.1" 101 - 1 0.001 0.003
2026-07-15 11:10:26,545 49738 INFO oca_module_testing werkzeug: 127.0.0.1 - - [15/Jul/2026 11:10:26] "GET /web/service-worker.js HTTP/1.1" 200 - 1 0.001 0.003
2026-07-15 11:10:42,233 49738 WARNING 19_theme_setting odoo.addons.base.models.ir_cron: Skipping database 19_theme_setting as its base version is not 19.0.1.3. 
2026-07-15 11:10:42,239 49738 WARNING manas odoo.addons.base.models.ir_cron: Skipping database manas as its base version is not 19.0.1.3. 
2026-07-15 11:10:42,247 49738 WARNING odoo_19_test_try odoo.addons.base.models.ir_cron: Skipping database odoo_19_test_try as its base version is not 19.0.1.3. 
2026-07-15 11:10:42,251 49738 WARNING theme_test odoo.addons.base.models.ir_cron: Skipping database theme_test as its base version is not 19.0.1.3. 
2026-07-15 11:11:09,776 49738 WARNING 19_theme_setting odoo.addons.base.models.ir_cron: Skipping database 19_theme_setting as its base version is not 19.0.1.3. 
2026-07-15 11:11:09,783 49738 WARNING manas odoo.addons.base.models.ir_cron: Skipping database manas as its base version is not 19.0.1.3. 
2026-07-15 11:11:09,790 49738 WARNING odoo_19_test_try odoo.addons.base.models.ir_cron: Skipping database odoo_19_test_try as its base version is not 19.0.1.3. 
2026-07-15 11:11:09,793 49738 WARNING theme_test odoo.addons.base.models.ir_cron: Skipping database theme_test as its base version is not 19.0.1.3. 
2026-07-15 11:11:43,316 49738 WARNING 19_theme_setting odoo.addons.base.models.ir_cron: Skipping database 19_theme_setting as its base version is not 19.0.1.3. 
2026-07-15 11:11:43,392 49738 INFO 360_r_test odoo.addons.base.models.ir_cron: Job 'Notification: Notify scheduled messages' (8) starting 
2026-07-15 11:11:43,484 49738 INFO 360_r_test odoo.addons.base.models.ir_cron: Job 'Notification: Notify scheduled messages' (8) fully done (#loop 1; done 0; remaining 0; duration 0.09s) 
2026-07-15 11:11:43,498 49738 INFO 360_r_test odoo.addons.base.models.ir_cron: Job 'Mail: Email Queue Manager' (3) starting 
2026-07-15 11:11:43,522 49738 INFO 360_r_test odoo.addons.base.models.ir_cron: Job 'Mail: Email Queue Manager' (3) fully done (#loop 1; done 0; remaining 0; duration 0.02s) 
2026-07-15 11:11:43,530 49738 WARNING manas odoo.addons.base.models.ir_cron: Skipping database manas as its base version is not 19.0.1.3. 
2026-07-15 11:11:43,536 49738 WARNING odoo_19_test_try odoo.addons.base.models.ir_cron: Skipping database odoo_19_test_try as its base version is not 19.0.1.3. 
2026-07-15 11:11:43,539 49738 WARNING theme_test odoo.addons.base.models.ir_cron: Skipping database theme_test as its base version is not 19.0.1.3. 
2026-07-15 11:12:09,875 49738 WARNING 19_theme_setting odoo.addons.base.models.ir_cron: Skipping database 19_theme_setting as its base version is not 19.0.1.3. 
2026-07-15 11:12:09,882 49738 WARNING manas odoo.addons.base.models.ir_cron: Skipping database manas as its base version is not 19.0.1.3. 
2026-07-15 11:12:09,887 49738 WARNING odoo_19_test_try odoo.addons.base.models.ir_cron: Skipping database odoo_19_test_try as its base version is not 19.0.1.3. 
2026-07-15 11:12:09,890 49738 WARNING theme_test odoo.addons.base.models.ir_cron: Skipping database theme_test as its base version is not 19.0.1.3. 
2026-07-15 11:12:21,112 49738 INFO oca_module_testing werkzeug: 127.0.0.1 - - [15/Jul/2026 11:12:21] "POST /web/action/load HTTP/1.1" 200 - 7 0.004 0.007
2026-07-15 11:12:21,135 49738 INFO oca_module_testing werkzeug: 127.0.0.1 - - [15/Jul/2026 11:12:21] "GET /web/bundle/spreadsheet.o_spreadsheet?lang=en_US&debug=1 HTTP/1.1" 200 - 3 0.001 0.015
2026-07-15 11:12:21,621 49738 INFO oca_module_testing werkzeug: 127.0.0.1 - - [15/Jul/2026 11:12:21] "POST /web/dataset/call_kw/spreadsheet.dashboard.group/web_search_read#spreadsheet.dashboard.group.web_search_read HTTP/1.1" 200 - 16 0.020 0.016
2026-07-15 11:12:21,674 49738 INFO oca_module_testing werkzeug: 127.0.0.1 - - [15/Jul/2026 11:12:21] "GET /spreadsheet/dashboard/data/4 HTTP/1.1" 200 - 23 0.019 0.027
2026-07-15 11:12:21,759 49738 INFO oca_module_testing werkzeug: 127.0.0.1 - - [15/Jul/2026 11:12:21] "POST /web/dataset/call_kw/sale.report/fields_get#sale.report.fields_get HTTP/1.1" 200 - 6 0.008 0.010
2026-07-15 11:12:21,809 49738 INFO oca_module_testing werkzeug: 127.0.0.1 - - [15/Jul/2026 11:12:21] "POST /web/dataset/call_kw/sale.order/fields_get#sale.order.fields_get HTTP/1.1" 200 - 16 0.023 0.030
2026-07-15 11:12:21,937 49738 INFO oca_module_testing werkzeug: 127.0.0.1 - - [15/Jul/2026 11:12:21] "POST /web/dataset/call_kw/sale.report/formatted_read_grouping_sets#sale.report.formatted_read_grouping_sets HTTP/1.1" 200 - 4 0.037 0.029
2026-07-15 11:12:21,938 49738 INFO oca_module_testing werkzeug: 127.0.0.1 - - [15/Jul/2026 11:12:21] "POST /web/dataset/call_kw/sale.report/formatted_read_grouping_sets#sale.report.formatted_read_grouping_sets HTTP/1.1" 200 - 4 0.033 0.029
2026-07-15 11:12:21,938 49738 INFO oca_module_testing werkzeug: 127.0.0.1 - - [15/Jul/2026 11:12:21] "POST /web/dataset/call_kw/sale.report/formatted_read_grouping_sets#sale.report.formatted_read_grouping_sets HTTP/1.1" 200 - 4 0.021 0.036
2026-07-15 11:12:21,951 49738 INFO oca_module_testing werkzeug: 127.0.0.1 - - [15/Jul/2026 11:12:21] "POST /web/dataset/call_kw/sale.report/formatted_read_grouping_sets#sale.report.formatted_read_grouping_sets HTTP/1.1" 200 - 4 0.025 0.041
2026-07-15 11:12:21,993 49738 INFO oca_module_testing werkzeug: 127.0.0.1 - - [15/Jul/2026 11:12:21] "POST /web/dataset/call_kw/sale.report/formatted_read_grouping_sets#sale.report.formatted_read_grouping_sets HTTP/1.1" 200 - 4 0.016 0.023
2026-07-15 11:12:22,002 49738 INFO oca_module_testing werkzeug: 127.0.0.1 - - [15/Jul/2026 11:12:22] "POST /web/dataset/call_kw/sale.report/formatted_read_grouping_sets#sale.report.formatted_read_grouping_sets HTTP/1.1" 200 - 4 0.035 0.019
2026-07-15 11:12:22,007 49738 INFO oca_module_testing werkzeug: 127.0.0.1 - - [15/Jul/2026 11:12:22] "POST /web/dataset/call_kw/sale.report/formatted_read_group#sale.report.formatted_read_group HTTP/1.1" 200 - 7 0.032 0.112
2026-07-15 11:12:22,008 49738 INFO oca_module_testing werkzeug: 127.0.0.1 - - [15/Jul/2026 11:12:22] "POST /web/dataset/call_kw/sale.report/formatted_read_grouping_sets#sale.report.formatted_read_grouping_sets HTTP/1.1" 200 - 3 0.013 0.037
2026-07-15 11:12:22,008 49738 INFO oca_module_testing werkzeug: 127.0.0.1 - - [15/Jul/2026 11:12:22] "POST /web/dataset/call_kw/sale.report/formatted_read_grouping_sets#sale.report.formatted_read_grouping_sets HTTP/1.1" 200 - 6 0.033 0.023
2026-07-15 11:12:22,018 49738 INFO oca_module_testing werkzeug: 127.0.0.1 - - [15/Jul/2026 11:12:22] "POST /web/dataset/call_kw/sale.report/formatted_read_grouping_sets#sale.report.formatted_read_grouping_sets HTTP/1.1" 200 - 11 0.067 0.060
2026-07-15 11:12:22,035 49738 INFO oca_module_testing werkzeug: 127.0.0.1 - - [15/Jul/2026 11:12:22] "POST /web/dataset/call_kw/sale.report/formatted_read_grouping_sets#sale.report.formatted_read_grouping_sets HTTP/1.1" 200 - 3 0.009 0.021
2026-07-15 11:12:22,041 49738 INFO oca_module_testing werkzeug: 127.0.0.1 - - [15/Jul/2026 11:12:22] "POST /web/dataset/call_kw/sale.order/web_search_read#sale.order.web_search_read HTTP/1.1" 200 - 8 0.013 0.019
2026-07-15 11:12:22,041 49738 INFO oca_module_testing werkzeug: 127.0.0.1 - - [15/Jul/2026 11:12:22] "POST /web/dataset/call_kw/sale.order/web_search_read#sale.order.web_search_read HTTP/1.1" 200 - 9 0.011 0.017
2026-07-15 11:12:36,795 49738 INFO oca_module_testing werkzeug: 127.0.0.1 - - [15/Jul/2026 11:12:36] "POST /web/action/load HTTP/1.1" 200 - 7 0.003 0.006
2026-07-15 11:12:36,953 49738 INFO oca_module_testing werkzeug: 127.0.0.1 - - [15/Jul/2026 11:12:36] "POST /web/dataset/call_kw/account.move/get_analytix_dashboard_data#account.move.get_analytix_dashboard_data HTTP/1.1" 200 - 29 0.017 0.024
2026-07-15 11:12:44,634 49738 WARNING 19_theme_setting odoo.addons.base.models.ir_cron: Skipping database 19_theme_setting as its base version is not 19.0.1.3. 
2026-07-15 11:12:44,641 49738 WARNING manas odoo.addons.base.models.ir_cron: Skipping database manas as its base version is not 19.0.1.3. 
2026-07-15 11:12:44,648 49738 WARNING odoo_19_test_try odoo.addons.base.models.ir_cron: Skipping database odoo_19_test_try as its base version is not 19.0.1.3. 
2026-07-15 11:12:44,652 49738 WARNING theme_test odoo.addons.base.models.ir_cron: Skipping database theme_test as its base version is not 19.0.1.3. 
2026-07-15 11:13:09,964 49738 WARNING 19_theme_setting odoo.addons.base.models.ir_cron: Skipping database 19_theme_setting as its base version is not 19.0.1.3. 
2026-07-15 11:13:09,970 49738 WARNING manas odoo.addons.base.models.ir_cron: Skipping database manas as its base version is not 19.0.1.3. 
2026-07-15 11:13:09,976 49738 WARNING odoo_19_test_try odoo.addons.base.models.ir_cron: Skipping database odoo_19_test_try as its base version is not 19.0.1.3. 
2026-07-15 11:13:09,979 49738 WARNING theme_test odoo.addons.base.models.ir_cron: Skipping database theme_test as its base version is not 19.0.1.3. 
2026-07-15 11:13:45,715 49738 WARNING 19_theme_setting odoo.addons.base.models.ir_cron: Skipping database 19_theme_setting as its base version is not 19.0.1.3. 
2026-07-15 11:13:45,721 49738 WARNING manas odoo.addons.base.models.ir_cron: Skipping database manas as its base version is not 19.0.1.3. 
2026-07-15 11:13:45,726 49738 WARNING odoo_19_test_try odoo.addons.base.models.ir_cron: Skipping database odoo_19_test_try as its base version is not 19.0.1.3. 
2026-07-15 11:13:45,730 49738 WARNING theme_test odoo.addons.base.models.ir_cron: Skipping database theme_test as its base version is not 19.0.1.3. 
2026-07-15 11:14:10,027 49738 WARNING 19_theme_setting odoo.addons.base.models.ir_cron: Skipping database 19_theme_setting as its base version is not 19.0.1.3. 
2026-07-15 11:14:10,035 49738 WARNING manas odoo.addons.base.models.ir_cron: Skipping database manas as its base version is not 19.0.1.3. 
2026-07-15 11:14:10,040 49738 WARNING odoo_19_test_try odoo.addons.base.models.ir_cron: Skipping database odoo_19_test_try as its base version is not 19.0.1.3. 
2026-07-15 11:14:10,043 49738 WARNING theme_test odoo.addons.base.models.ir_cron: Skipping database theme_test as its base version is not 19.0.1.3. 
2026-07-15 11:14:46,775 49738 WARNING 19_theme_setting odoo.addons.base.models.ir_cron: Skipping database 19_theme_setting as its base version is not 19.0.1.3. 
2026-07-15 11:14:46,781 49738 WARNING manas odoo.addons.base.models.ir_cron: Skipping database manas as its base version is not 19.0.1.3. 
2026-07-15 11:14:46,788 49738 WARNING odoo_19_test_try odoo.addons.base.models.ir_cron: Skipping database odoo_19_test_try as its base version is not 19.0.1.3. 
2026-07-15 11:14:46,793 49738 WARNING theme_test odoo.addons.base.models.ir_cron: Skipping database theme_test as its base version is not 19.0.1.3. 
2026-07-15 11:15:10,091 49738 WARNING 19_theme_setting odoo.addons.base.models.ir_cron: Skipping database 19_theme_setting as its base version is not 19.0.1.3. 
2026-07-15 11:15:10,099 49738 WARNING manas odoo.addons.base.models.ir_cron: Skipping database manas as its base version is not 19.0.1.3. 
2026-07-15 11:15:10,105 49738 WARNING odoo_19_test_try odoo.addons.base.models.ir_cron: Skipping database odoo_19_test_try as its base version is not 19.0.1.3. 
2026-07-15 11:15:10,108 49738 WARNING theme_test odoo.addons.base.models.ir_cron: Skipping database theme_test as its base version is not 19.0.1.3. 
2026-07-15 11:15:47,885 49738 WARNING 19_theme_setting odoo.addons.base.models.ir_cron: Skipping database 19_theme_setting as its base version is not 19.0.1.3. 
2026-07-15 11:15:47,890 49738 WARNING manas odoo.addons.base.models.ir_cron: Skipping database manas as its base version is not 19.0.1.3. 
2026-07-15 11:15:47,896 49738 WARNING odoo_19_test_try odoo.addons.base.models.ir_cron: Skipping database odoo_19_test_try as its base version is not 19.0.1.3. 
2026-07-15 11:15:47,899 49738 WARNING theme_test odoo.addons.base.models.ir_cron: Skipping database theme_test as its base version is not 19.0.1.3. 
2026-07-15 11:16:10,191 49738 WARNING 19_theme_setting odoo.addons.base.models.ir_cron: Skipping database 19_theme_setting as its base version is not 19.0.1.3. 
2026-07-15 11:16:10,199 49738 WARNING manas odoo.addons.base.models.ir_cron: Skipping database manas as its base version is not 19.0.1.3. 
2026-07-15 11:16:10,205 49738 WARNING odoo_19_test_try odoo.addons.base.models.ir_cron: Skipping database odoo_19_test_try as its base version is not 19.0.1.3. 
2026-07-15 11:16:10,209 49738 WARNING theme_test odoo.addons.base.models.ir_cron: Skipping database theme_test as its base version is not 19.0.1.3. 
2026-07-15 11:16:48,993 49738 WARNING 19_theme_setting odoo.addons.base.models.ir_cron: Skipping database 19_theme_setting as its base version is not 19.0.1.3. 
2026-07-15 11:16:49,000 49738 WARNING manas odoo.addons.base.models.ir_cron: Skipping database manas as its base version is not 19.0.1.3. 
2026-07-15 11:16:49,006 49738 WARNING odoo_19_test_try odoo.addons.base.models.ir_cron: Skipping database odoo_19_test_try as its base version is not 19.0.1.3. 
2026-07-15 11:16:49,010 49738 WARNING theme_test odoo.addons.base.models.ir_cron: Skipping database theme_test as its base version is not 19.0.1.3. 
2026-07-15 11:17:10,293 49738 WARNING 19_theme_setting odoo.addons.base.models.ir_cron: Skipping database 19_theme_setting as its base version is not 19.0.1.3. 
2026-07-15 11:17:10,300 49738 WARNING manas odoo.addons.base.models.ir_cron: Skipping database manas as its base version is not 19.0.1.3. 
2026-07-15 11:17:10,307 49738 WARNING odoo_19_test_try odoo.addons.base.models.ir_cron: Skipping database odoo_19_test_try as its base version is not 19.0.1.3. 
2026-07-15 11:17:10,311 49738 WARNING theme_test odoo.addons.base.models.ir_cron: Skipping database theme_test as its base version is not 19.0.1.3. 
2026-07-15 11:17:50,102 49738 WARNING 19_theme_setting odoo.addons.base.models.ir_cron: Skipping database 19_theme_setting as its base version is not 19.0.1.3. 
2026-07-15 11:17:50,108 49738 WARNING manas odoo.addons.base.models.ir_cron: Skipping database manas as its base version is not 19.0.1.3. 
2026-07-15 11:17:50,115 49738 WARNING odoo_19_test_try odoo.addons.base.models.ir_cron: Skipping database odoo_19_test_try as its base version is not 19.0.1.3. 
2026-07-15 11:17:50,139 49738 INFO tezzzzzzzzzzzzzzzzzzzzz odoo.addons.base.models.ir_cron: Job 'Payment: Post-process transactions' (15) starting 
2026-07-15 11:17:50,181 49738 INFO tezzzzzzzzzzzzzzzzzzzzz odoo.addons.base.models.ir_cron: Job 'Payment: Post-process transactions' (15) fully done (#loop 1; done 0; remaining 0; duration 0.04s) 
2026-07-15 11:17:50,187 49738 WARNING theme_test odoo.addons.base.models.ir_cron: Skipping database theme_test as its base version is not 19.0.1.3. 
2026-07-15 11:18:10,394 49738 WARNING 19_theme_setting odoo.addons.base.models.ir_cron: Skipping database 19_theme_setting as its base version is not 19.0.1.3. 
2026-07-15 11:18:10,401 49738 WARNING manas odoo.addons.base.models.ir_cron: Skipping database manas as its base version is not 19.0.1.3. 
2026-07-15 11:18:10,407 49738 WARNING odoo_19_test_try odoo.addons.base.models.ir_cron: Skipping database odoo_19_test_try as its base version is not 19.0.1.3. 
2026-07-15 11:18:10,411 49738 WARNING theme_test odoo.addons.base.models.ir_cron: Skipping database theme_test as its base version is not 19.0.1.3. 
2026-07-15 11:18:51,242 49738 WARNING 19_theme_setting odoo.addons.base.models.ir_cron: Skipping database 19_theme_setting as its base version is not 19.0.1.3. 
2026-07-15 11:18:51,250 49738 WARNING manas odoo.addons.base.models.ir_cron: Skipping database manas as its base version is not 19.0.1.3. 
2026-07-15 11:18:51,256 49738 WARNING odoo_19_test_try odoo.addons.base.models.ir_cron: Skipping database odoo_19_test_try as its base version is not 19.0.1.3. 
2026-07-15 11:18:51,259 49738 WARNING theme_test odoo.addons.base.models.ir_cron: Skipping database theme_test as its base version is not 19.0.1.3. 
2026-07-15 11:19:10,490 49738 WARNING 19_theme_setting odoo.addons.base.models.ir_cron: Skipping database 19_theme_setting as its base version is not 19.0.1.3. 
2026-07-15 11:19:10,498 49738 WARNING manas odoo.addons.base.models.ir_cron: Skipping database manas as its base version is not 19.0.1.3. 
2026-07-15 11:19:10,505 49738 WARNING odoo_19_test_try odoo.addons.base.models.ir_cron: Skipping database odoo_19_test_try as its base version is not 19.0.1.3. 
2026-07-15 11:19:10,508 49738 WARNING theme_test odoo.addons.base.models.ir_cron: Skipping database theme_test as its base version is not 19.0.1.3. 
2026-07-15 11:19:52,352 49738 WARNING 19_theme_setting odoo.addons.base.models.ir_cron: Skipping database 19_theme_setting as its base version is not 19.0.1.3. 
2026-07-15 11:19:52,359 49738 WARNING manas odoo.addons.base.models.ir_cron: Skipping database manas as its base version is not 19.0.1.3. 
2026-07-15 11:19:52,366 49738 WARNING odoo_19_test_try odoo.addons.base.models.ir_cron: Skipping database odoo_19_test_try as its base version is not 19.0.1.3. 
2026-07-15 11:19:52,370 49738 WARNING theme_test odoo.addons.base.models.ir_cron: Skipping database theme_test as its base version is not 19.0.1.3. 
2026-07-15 11:20:10,587 49738 WARNING 19_theme_setting odoo.addons.base.models.ir_cron: Skipping database 19_theme_setting as its base version is not 19.0.1.3. 
2026-07-15 11:20:10,594 49738 WARNING manas odoo.addons.base.models.ir_cron: Skipping database manas as its base version is not 19.0.1.3. 
2026-07-15 11:20:10,600 49738 WARNING odoo_19_test_try odoo.addons.base.models.ir_cron: Skipping database odoo_19_test_try as its base version is not 19.0.1.3. 
2026-07-15 11:20:10,604 49738 WARNING theme_test odoo.addons.base.models.ir_cron: Skipping database theme_test as its base version is not 19.0.1.3. 
2026-07-15 11:20:53,427 49738 WARNING 19_theme_setting odoo.addons.base.models.ir_cron: Skipping database 19_theme_setting as its base version is not 19.0.1.3. 
2026-07-15 11:20:53,434 49738 WARNING manas odoo.addons.base.models.ir_cron: Skipping database manas as its base version is not 19.0.1.3. 
2026-07-15 11:20:53,439 49738 WARNING odoo_19_test_try odoo.addons.base.models.ir_cron: Skipping database odoo_19_test_try as its base version is not 19.0.1.3. 
2026-07-15 11:20:53,442 49738 WARNING theme_test odoo.addons.base.models.ir_cron: Skipping database theme_test as its base version is not 19.0.1.3. 
2026-07-15 11:21:10,687 49738 WARNING 19_theme_setting odoo.addons.base.models.ir_cron: Skipping database 19_theme_setting as its base version is not 19.0.1.3. 
2026-07-15 11:21:10,695 49738 WARNING manas odoo.addons.base.models.ir_cron: Skipping database manas as its base version is not 19.0.1.3. 
2026-07-15 11:21:10,701 49738 WARNING odoo_19_test_try odoo.addons.base.models.ir_cron: Skipping database odoo_19_test_try as its base version is not 19.0.1.3. 
2026-07-15 11:21:10,705 49738 WARNING theme_test odoo.addons.base.models.ir_cron: Skipping database theme_test as its base version is not 19.0.1.3. 
2026-07-15 11:21:54,523 49738 WARNING 19_theme_setting odoo.addons.base.models.ir_cron: Skipping database 19_theme_setting as its base version is not 19.0.1.3. 
2026-07-15 11:21:54,530 49738 WARNING manas odoo.addons.base.models.ir_cron: Skipping database manas as its base version is not 19.0.1.3. 
2026-07-15 11:21:54,536 49738 WARNING odoo_19_test_try odoo.addons.base.models.ir_cron: Skipping database odoo_19_test_try as its base version is not 19.0.1.3. 
2026-07-15 11:21:54,539 49738 WARNING theme_test odoo.addons.base.models.ir_cron: Skipping database theme_test as its base version is not 19.0.1.3. 
2026-07-15 11:22:10,785 49738 WARNING 19_theme_setting odoo.addons.base.models.ir_cron: Skipping database 19_theme_setting as its base version is not 19.0.1.3. 
2026-07-15 11:22:10,791 49738 WARNING manas odoo.addons.base.models.ir_cron: Skipping database manas as its base version is not 19.0.1.3. 
2026-07-15 11:22:10,796 49738 WARNING odoo_19_test_try odoo.addons.base.models.ir_cron: Skipping database odoo_19_test_try as its base version is not 19.0.1.3. 
2026-07-15 11:22:10,799 49738 WARNING theme_test odoo.addons.base.models.ir_cron: Skipping database theme_test as its base version is not 19.0.1.3. 
2026-07-15 11:22:55,634 49738 WARNING 19_theme_setting odoo.addons.base.models.ir_cron: Skipping database 19_theme_setting as its base version is not 19.0.1.3. 
2026-07-15 11:22:55,641 49738 WARNING manas odoo.addons.base.models.ir_cron: Skipping database manas as its base version is not 19.0.1.3. 
2026-07-15 11:22:55,647 49738 WARNING odoo_19_test_try odoo.addons.base.models.ir_cron: Skipping database odoo_19_test_try as its base version is not 19.0.1.3. 
2026-07-15 11:22:55,650 49738 WARNING theme_test odoo.addons.base.models.ir_cron: Skipping database theme_test as its base version is not 19.0.1.3. 
2026-07-15 11:23:10,851 49738 WARNING 19_theme_setting odoo.addons.base.models.ir_cron: Skipping database 19_theme_setting as its base version is not 19.0.1.3. 
2026-07-15 11:23:10,857 49738 WARNING manas odoo.addons.base.models.ir_cron: Skipping database manas as its base version is not 19.0.1.3. 
2026-07-15 11:23:10,863 49738 WARNING odoo_19_test_try odoo.addons.base.models.ir_cron: Skipping database odoo_19_test_try as its base version is not 19.0.1.3. 
2026-07-15 11:23:10,868 49738 WARNING theme_test odoo.addons.base.models.ir_cron: Skipping database theme_test as its base version is not 19.0.1.3. 
2026-07-15 11:23:56,744 49738 WARNING 19_theme_setting odoo.addons.base.models.ir_cron: Skipping database 19_theme_setting as its base version is not 19.0.1.3. 
2026-07-15 11:23:56,751 49738 WARNING manas odoo.addons.base.models.ir_cron: Skipping database manas as its base version is not 19.0.1.3. 
2026-07-15 11:23:56,755 49738 WARNING odoo_19_test_try odoo.addons.base.models.ir_cron: Skipping database odoo_19_test_try as its base version is not 19.0.1.3. 
2026-07-15 11:23:56,760 49738 WARNING theme_test odoo.addons.base.models.ir_cron: Skipping database theme_test as its base version is not 19.0.1.3. 
2026-07-15 11:24:10,951 49738 WARNING 19_theme_setting odoo.addons.base.models.ir_cron: Skipping database 19_theme_setting as its base version is not 19.0.1.3. 
2026-07-15 11:24:10,957 49738 WARNING manas odoo.addons.base.models.ir_cron: Skipping database manas as its base version is not 19.0.1.3. 
2026-07-15 11:24:10,962 49738 WARNING odoo_19_test_try odoo.addons.base.models.ir_cron: Skipping database odoo_19_test_try as its base version is not 19.0.1.3. 
2026-07-15 11:24:10,966 49738 WARNING theme_test odoo.addons.base.models.ir_cron: Skipping database theme_test as its base version is not 19.0.1.3. 
2026-07-15 11:24:57,851 49738 WARNING 19_theme_setting odoo.addons.base.models.ir_cron: Skipping database 19_theme_setting as its base version is not 19.0.1.3. 
2026-07-15 11:24:57,858 49738 WARNING manas odoo.addons.base.models.ir_cron: Skipping database manas as its base version is not 19.0.1.3. 
2026-07-15 11:24:57,864 49738 WARNING odoo_19_test_try odoo.addons.base.models.ir_cron: Skipping database odoo_19_test_try as its base version is not 19.0.1.3. 
2026-07-15 11:24:57,868 49738 WARNING theme_test odoo.addons.base.models.ir_cron: Skipping database theme_test as its base version is not 19.0.1.3. 
2026-07-15 11:25:11,032 49738 WARNING 19_theme_setting odoo.addons.base.models.ir_cron: Skipping database 19_theme_setting as its base version is not 19.0.1.3. 
2026-07-15 11:25:11,057 49738 INFO 360_dash_analytix odoo.addons.base.models.ir_cron: Job 'Auto-generate date ranges' (30) starting 
2026-07-15 11:25:11,158 49738 INFO 360_dash_analytix odoo.addons.base.models.ir_cron: Job 'Auto-generate date ranges' (30) fully done (#loop 1; done 0; remaining 0; duration 0.10s) 
2026-07-15 11:25:11,169 49738 WARNING manas odoo.addons.base.models.ir_cron: Skipping database manas as its base version is not 19.0.1.3. 
2026-07-15 11:25:11,175 49738 WARNING odoo_19_test_try odoo.addons.base.models.ir_cron: Skipping database odoo_19_test_try as its base version is not 19.0.1.3. 
2026-07-15 11:25:11,178 49738 WARNING theme_test odoo.addons.base.models.ir_cron: Skipping database theme_test as its base version is not 19.0.1.3. 
2026-07-15 11:25:58,902 49738 WARNING 19_theme_setting odoo.addons.base.models.ir_cron: Skipping database 19_theme_setting as its base version is not 19.0.1.3. 
2026-07-15 11:25:58,909 49738 WARNING manas odoo.addons.base.models.ir_cron: Skipping database manas as its base version is not 19.0.1.3. 
2026-07-15 11:25:58,917 49738 WARNING odoo_19_test_try odoo.addons.base.models.ir_cron: Skipping database odoo_19_test_try as its base version is not 19.0.1.3. 
2026-07-15 11:25:58,920 49738 WARNING theme_test odoo.addons.base.models.ir_cron: Skipping database theme_test as its base version is not 19.0.1.3. 
2026-07-15 11:26:11,261 49738 WARNING 19_theme_setting odoo.addons.base.models.ir_cron: Skipping database 19_theme_setting as its base version is not 19.0.1.3. 
2026-07-15 11:26:11,268 49738 WARNING manas odoo.addons.base.models.ir_cron: Skipping database manas as its base version is not 19.0.1.3. 
2026-07-15 11:26:11,273 49738 WARNING odoo_19_test_try odoo.addons.base.models.ir_cron: Skipping database odoo_19_test_try as its base version is not 19.0.1.3. 
2026-07-15 11:26:11,277 49738 WARNING theme_test odoo.addons.base.models.ir_cron: Skipping database theme_test as its base version is not 19.0.1.3. 
2026-07-15 11:26:59,972 49738 WARNING 19_theme_setting odoo.addons.base.models.ir_cron: Skipping database 19_theme_setting as its base version is not 19.0.1.3. 
2026-07-15 11:26:59,977 49738 INFO 360_dash_analytix odoo.addons.base.models.ir_cron: Job 'Notification: Notify scheduled messages' (8) starting 
2026-07-15 11:26:59,996 49738 INFO 360_dash_analytix odoo.addons.base.models.ir_cron: Job 'Notification: Notify scheduled messages' (8) fully done (#loop 1; done 0; remaining 0; duration 0.02s) 
2026-07-15 11:27:00,005 49738 INFO 360_dash_analytix odoo.addons.base.models.ir_cron: Job 'Mail: Email Queue Manager' (3) starting 
2026-07-15 11:27:00,039 49738 INFO 360_dash_analytix odoo.addons.base.models.ir_cron: Job 'Mail: Email Queue Manager' (3) fully done (#loop 1; done 0; remaining 0; duration 0.03s) 
2026-07-15 11:27:00,046 49738 WARNING manas odoo.addons.base.models.ir_cron: Skipping database manas as its base version is not 19.0.1.3. 
2026-07-15 11:27:00,052 49738 WARNING odoo_19_test_try odoo.addons.base.models.ir_cron: Skipping database odoo_19_test_try as its base version is not 19.0.1.3. 
2026-07-15 11:27:00,056 49738 WARNING theme_test odoo.addons.base.models.ir_cron: Skipping database theme_test as its base version is not 19.0.1.3. 
2026-07-15 11:27:11,344 49738 WARNING 19_theme_setting odoo.addons.base.models.ir_cron: Skipping database 19_theme_setting as its base version is not 19.0.1.3. 
2026-07-15 11:27:11,352 49738 WARNING manas odoo.addons.base.models.ir_cron: Skipping database manas as its base version is not 19.0.1.3. 
2026-07-15 11:27:11,358 49738 WARNING odoo_19_test_try odoo.addons.base.models.ir_cron: Skipping database odoo_19_test_try as its base version is not 19.0.1.3. 
2026-07-15 11:27:11,361 49738 WARNING theme_test odoo.addons.base.models.ir_cron: Skipping database theme_test as its base version is not 19.0.1.3. 
2026-07-15 11:28:01,117 49738 WARNING 19_theme_setting odoo.addons.base.models.ir_cron: Skipping database 19_theme_setting as its base version is not 19.0.1.3. 
2026-07-15 11:28:01,124 49738 WARNING manas odoo.addons.base.models.ir_cron: Skipping database manas as its base version is not 19.0.1.3. 
2026-07-15 11:28:01,130 49738 WARNING odoo_19_test_try odoo.addons.base.models.ir_cron: Skipping database odoo_19_test_try as its base version is not 19.0.1.3. 
2026-07-15 11:28:01,152 49738 INFO tezzzzzzzzzzzzzzzzzzzzz odoo.addons.base.models.ir_cron: Job 'Payment: Post-process transactions' (15) starting 
2026-07-15 11:28:01,213 49738 INFO tezzzzzzzzzzzzzzzzzzzzz odoo.addons.base.models.ir_cron: Job 'Payment: Post-process transactions' (15) fully done (#loop 1; done 0; remaining 0; duration 0.06s) 
2026-07-15 11:28:01,221 49738 WARNING theme_test odoo.addons.base.models.ir_cron: Skipping database theme_test as its base version is not 19.0.1.3. 
2026-07-15 11:28:11,442 49738 WARNING 19_theme_setting odoo.addons.base.models.ir_cron: Skipping database 19_theme_setting as its base version is not 19.0.1.3. 
2026-07-15 11:28:11,449 49738 WARNING manas odoo.addons.base.models.ir_cron: Skipping database manas as its base version is not 19.0.1.3. 
2026-07-15 11:28:11,469 49738 WARNING odoo_19_test_try odoo.addons.base.models.ir_cron: Skipping database odoo_19_test_try as its base version is not 19.0.1.3. 
2026-07-15 11:28:11,473 49738 WARNING theme_test odoo.addons.base.models.ir_cron: Skipping database theme_test as its base version is not 19.0.1.3. 
2026-07-15 11:29:02,314 49738 WARNING 19_theme_setting odoo.addons.base.models.ir_cron: Skipping database 19_theme_setting as its base version is not 19.0.1.3. 
2026-07-15 11:29:02,320 49738 WARNING manas odoo.addons.base.models.ir_cron: Skipping database manas as its base version is not 19.0.1.3. 
2026-07-15 11:29:02,325 49738 WARNING odoo_19_test_try odoo.addons.base.models.ir_cron: Skipping database odoo_19_test_try as its base version is not 19.0.1.3. 
2026-07-15 11:29:02,328 49738 WARNING theme_test odoo.addons.base.models.ir_cron: Skipping database theme_test as its base version is not 19.0.1.3. 
2026-07-15 11:29:11,551 49738 WARNING 19_theme_setting odoo.addons.base.models.ir_cron: Skipping database 19_theme_setting as its base version is not 19.0.1.3. 
2026-07-15 11:29:11,558 49738 WARNING manas odoo.addons.base.models.ir_cron: Skipping database manas as its base version is not 19.0.1.3. 
2026-07-15 11:29:11,564 49738 WARNING odoo_19_test_try odoo.addons.base.models.ir_cron: Skipping database odoo_19_test_try as its base version is not 19.0.1.3. 
2026-07-15 11:29:11,568 49738 WARNING theme_test odoo.addons.base.models.ir_cron: Skipping database theme_test as its base version is not 19.0.1.3. 
2026-07-15 11:30:03,409 49738 WARNING 19_theme_setting odoo.addons.base.models.ir_cron: Skipping database 19_theme_setting as its base version is not 19.0.1.3. 
2026-07-15 11:30:03,416 49738 WARNING manas odoo.addons.base.models.ir_cron: Skipping database manas as its base version is not 19.0.1.3. 
2026-07-15 11:30:03,422 49738 WARNING odoo_19_test_try odoo.addons.base.models.ir_cron: Skipping database odoo_19_test_try as its base version is not 19.0.1.3. 
2026-07-15 11:30:03,426 49738 WARNING theme_test odoo.addons.base.models.ir_cron: Skipping database theme_test as its base version is not 19.0.1.3. 
2026-07-15 11:30:11,625 49738 WARNING 19_theme_setting odoo.addons.base.models.ir_cron: Skipping database 19_theme_setting as its base version is not 19.0.1.3. 
2026-07-15 11:30:11,632 49738 WARNING manas odoo.addons.base.models.ir_cron: Skipping database manas as its base version is not 19.0.1.3. 
2026-07-15 11:30:11,638 49738 WARNING odoo_19_test_try odoo.addons.base.models.ir_cron: Skipping database odoo_19_test_try as its base version is not 19.0.1.3. 
2026-07-15 11:30:11,641 49738 WARNING theme_test odoo.addons.base.models.ir_cron: Skipping database theme_test as its base version is not 19.0.1.3. 
2026-07-15 11:31:04,521 49738 WARNING 19_theme_setting odoo.addons.base.models.ir_cron: Skipping database 19_theme_setting as its base version is not 19.0.1.3. 
2026-07-15 11:31:04,528 49738 WARNING manas odoo.addons.base.models.ir_cron: Skipping database manas as its base version is not 19.0.1.3. 
2026-07-15 11:31:04,534 49738 WARNING odoo_19_test_try odoo.addons.base.models.ir_cron: Skipping database odoo_19_test_try as its base version is not 19.0.1.3. 
2026-07-15 11:31:04,537 49738 WARNING theme_test odoo.addons.base.models.ir_cron: Skipping database theme_test as its base version is not 19.0.1.3. 
2026-07-15 11:31:11,723 49738 WARNING 19_theme_setting odoo.addons.base.models.ir_cron: Skipping database 19_theme_setting as its base version is not 19.0.1.3. 
2026-07-15 11:31:11,731 49738 WARNING manas odoo.addons.base.models.ir_cron: Skipping database manas as its base version is not 19.0.1.3. 
2026-07-15 11:31:11,737 49738 WARNING odoo_19_test_try odoo.addons.base.models.ir_cron: Skipping database odoo_19_test_try as its base version is not 19.0.1.3. 
2026-07-15 11:31:11,741 49738 WARNING theme_test odoo.addons.base.models.ir_cron: Skipping database theme_test as its base version is not 19.0.1.3. 
2026-07-15 11:32:05,609 49738 WARNING 19_theme_setting odoo.addons.base.models.ir_cron: Skipping database 19_theme_setting as its base version is not 19.0.1.3. 
2026-07-15 11:32:05,617 49738 WARNING manas odoo.addons.base.models.ir_cron: Skipping database manas as its base version is not 19.0.1.3. 
2026-07-15 11:32:05,623 49738 WARNING odoo_19_test_try odoo.addons.base.models.ir_cron: Skipping database odoo_19_test_try as its base version is not 19.0.1.3. 
2026-07-15 11:32:05,626 49738 WARNING theme_test odoo.addons.base.models.ir_cron: Skipping database theme_test as its base version is not 19.0.1.3. 
2026-07-15 11:32:11,823 49738 WARNING 19_theme_setting odoo.addons.base.models.ir_cron: Skipping database 19_theme_setting as its base version is not 19.0.1.3. 
2026-07-15 11:32:11,830 49738 WARNING manas odoo.addons.base.models.ir_cron: Skipping database manas as its base version is not 19.0.1.3. 
2026-07-15 11:32:11,836 49738 WARNING odoo_19_test_try odoo.addons.base.models.ir_cron: Skipping database odoo_19_test_try as its base version is not 19.0.1.3. 
2026-07-15 11:32:11,840 49738 WARNING theme_test odoo.addons.base.models.ir_cron: Skipping database theme_test as its base version is not 19.0.1.3. 
2026-07-15 11:33:06,713 49738 WARNING 19_theme_setting odoo.addons.base.models.ir_cron: Skipping database 19_theme_setting as its base version is not 19.0.1.3. 
2026-07-15 11:33:06,720 49738 WARNING manas odoo.addons.base.models.ir_cron: Skipping database manas as its base version is not 19.0.1.3. 
2026-07-15 11:33:06,726 49738 WARNING odoo_19_test_try odoo.addons.base.models.ir_cron: Skipping database odoo_19_test_try as its base version is not 19.0.1.3. 
2026-07-15 11:33:06,729 49738 WARNING theme_test odoo.addons.base.models.ir_cron: Skipping database theme_test as its base version is not 19.0.1.3. 
2026-07-15 11:33:11,878 49738 WARNING 19_theme_setting odoo.addons.base.models.ir_cron: Skipping database 19_theme_setting as its base version is not 19.0.1.3. 
2026-07-15 11:33:11,887 49738 WARNING manas odoo.addons.base.models.ir_cron: Skipping database manas as its base version is not 19.0.1.3. 
2026-07-15 11:33:11,897 49738 WARNING odoo_19_test_try odoo.addons.base.models.ir_cron: Skipping database odoo_19_test_try as its base version is not 19.0.1.3. 
2026-07-15 11:33:11,900 49738 WARNING theme_test odoo.addons.base.models.ir_cron: Skipping database theme_test as its base version is not 19.0.1.3. 
2026-07-15 11:34:07,777 49738 WARNING 19_theme_setting odoo.addons.base.models.ir_cron: Skipping database 19_theme_setting as its base version is not 19.0.1.3. 
2026-07-15 11:34:07,900 49738 INFO demo_testing odoo.addons.base.models.ir_cron: Job 'Notification: Notify scheduled messages' (8) starting 
2026-07-15 11:34:07,996 49738 INFO demo_testing odoo.addons.base.models.ir_cron: Job 'Notification: Notify scheduled messages' (8) fully done (#loop 1; done 0; remaining 0; duration 0.10s) 
2026-07-15 11:34:08,017 49738 INFO demo_testing odoo.addons.base.models.ir_cron: Job 'Mail: Email Queue Manager' (3) starting 
2026-07-15 11:34:08,041 49738 INFO demo_testing odoo.addons.base.models.ir_cron: Job 'Mail: Email Queue Manager' (3) fully done (#loop 1; done 0; remaining 0; duration 0.02s) 
2026-07-15 11:34:08,044 49738 WARNING manas odoo.addons.base.models.ir_cron: Skipping database manas as its base version is not 19.0.1.3. 
2026-07-15 11:34:08,050 49738 WARNING odoo_19_test_try odoo.addons.base.models.ir_cron: Skipping database odoo_19_test_try as its base version is not 19.0.1.3. 
2026-07-15 11:34:08,055 49738 INFO tezzzzzzzzzzzzzzzzzzzzz odoo.addons.base.models.ir_cron: Job 'eCommerce: send email to customers about their abandoned cart' (32) starting 
2026-07-15 11:34:08,075 49738 INFO tezzzzzzzzzzzzzzzzzzzzz odoo.addons.base.models.ir_cron: Job 'eCommerce: send email to customers about their abandoned cart' (32) fully done (#loop 1; done 0; remaining 0; duration 0.02s) 
2026-07-15 11:34:08,084 49738 INFO tezzzzzzzzzzzzzzzzzzzzz odoo.addons.base.models.ir_cron: Job 'Product: send email regarding products availability' (33) starting 
2026-07-15 11:34:08,129 49738 INFO tezzzzzzzzzzzzzzzzzzzzz odoo.addons.base.models.ir_cron: Job 'Product: send email regarding products availability' (33) fully done (#loop 1; done 0; remaining 0; duration 0.04s) 
2026-07-15 11:34:08,132 49738 WARNING theme_test odoo.addons.base.models.ir_cron: Skipping database theme_test as its base version is not 19.0.1.3. 
2026-07-15 11:34:11,983 49738 WARNING 19_theme_setting odoo.addons.base.models.ir_cron: Skipping database 19_theme_setting as its base version is not 19.0.1.3. 
2026-07-15 11:34:11,990 49738 WARNING manas odoo.addons.base.models.ir_cron: Skipping database manas as its base version is not 19.0.1.3. 
2026-07-15 11:34:11,995 49738 WARNING odoo_19_test_try odoo.addons.base.models.ir_cron: Skipping database odoo_19_test_try as its base version is not 19.0.1.3. 
2026-07-15 11:34:11,998 49738 WARNING theme_test odoo.addons.base.models.ir_cron: Skipping database theme_test as its base version is not 19.0.1.3. 
2026-07-15 11:35:09,220 49738 WARNING 19_theme_setting odoo.addons.base.models.ir_cron: Skipping database 19_theme_setting as its base version is not 19.0.1.3. 
2026-07-15 11:35:09,226 49738 WARNING manas odoo.addons.base.models.ir_cron: Skipping database manas as its base version is not 19.0.1.3. 
2026-07-15 11:35:09,232 49738 WARNING odoo_19_test_try odoo.addons.base.models.ir_cron: Skipping database odoo_19_test_try as its base version is not 19.0.1.3. 
2026-07-15 11:35:09,236 49738 WARNING theme_test odoo.addons.base.models.ir_cron: Skipping database theme_test as its base version is not 19.0.1.3. 
2026-07-15 11:35:12,044 49738 WARNING 19_theme_setting odoo.addons.base.models.ir_cron: Skipping database 19_theme_setting as its base version is not 19.0.1.3. 
2026-07-15 11:35:12,052 49738 WARNING manas odoo.addons.base.models.ir_cron: Skipping database manas as its base version is not 19.0.1.3. 
2026-07-15 11:35:12,058 49738 WARNING odoo_19_test_try odoo.addons.base.models.ir_cron: Skipping database odoo_19_test_try as its base version is not 19.0.1.3. 
2026-07-15 11:35:12,062 49738 WARNING theme_test odoo.addons.base.models.ir_cron: Skipping database theme_test as its base version is not 19.0.1.3. 
2026-07-15 11:36:10,293 49738 WARNING 19_theme_setting odoo.addons.base.models.ir_cron: Skipping database 19_theme_setting as its base version is not 19.0.1.3. 
2026-07-15 11:36:10,300 49738 WARNING manas odoo.addons.base.models.ir_cron: Skipping database manas as its base version is not 19.0.1.3. 
2026-07-15 11:36:10,308 49738 WARNING odoo_19_test_try odoo.addons.base.models.ir_cron: Skipping database odoo_19_test_try as its base version is not 19.0.1.3. 
2026-07-15 11:36:10,312 49738 WARNING theme_test odoo.addons.base.models.ir_cron: Skipping database theme_test as its base version is not 19.0.1.3. 
2026-07-15 11:36:12,145 49738 WARNING 19_theme_setting odoo.addons.base.models.ir_cron: Skipping database 19_theme_setting as its base version is not 19.0.1.3. 
2026-07-15 11:36:12,153 49738 WARNING manas odoo.addons.base.models.ir_cron: Skipping database manas as its base version is not 19.0.1.3. 
2026-07-15 11:36:12,162 49738 WARNING odoo_19_test_try odoo.addons.base.models.ir_cron: Skipping database odoo_19_test_try as its base version is not 19.0.1.3. 
2026-07-15 11:36:12,166 49738 WARNING theme_test odoo.addons.base.models.ir_cron: Skipping database theme_test as its base version is not 19.0.1.3. 
2026-07-15 11:37:11,405 49738 WARNING 19_theme_setting odoo.addons.base.models.ir_cron: Skipping database 19_theme_setting as its base version is not 19.0.1.3. 
2026-07-15 11:37:11,414 49738 WARNING manas odoo.addons.base.models.ir_cron: Skipping database manas as its base version is not 19.0.1.3. 
2026-07-15 11:37:11,420 49738 WARNING odoo_19_test_try odoo.addons.base.models.ir_cron: Skipping database odoo_19_test_try as its base version is not 19.0.1.3. 
2026-07-15 11:37:11,423 49738 WARNING theme_test odoo.addons.base.models.ir_cron: Skipping database theme_test as its base version is not 19.0.1.3. 
2026-07-15 11:37:12,251 49738 WARNING 19_theme_setting odoo.addons.base.models.ir_cron: Skipping database 19_theme_setting as its base version is not 19.0.1.3. 
2026-07-15 11:37:12,258 49738 WARNING manas odoo.addons.base.models.ir_cron: Skipping database manas as its base version is not 19.0.1.3. 
2026-07-15 11:37:12,264 49738 WARNING odoo_19_test_try odoo.addons.base.models.ir_cron: Skipping database odoo_19_test_try as its base version is not 19.0.1.3. 
2026-07-15 11:37:12,268 49738 WARNING theme_test odoo.addons.base.models.ir_cron: Skipping database theme_test as its base version is not 19.0.1.3. 
2026-07-15 11:38:12,351 49738 WARNING 19_theme_setting odoo.addons.base.models.ir_cron: Skipping database 19_theme_setting as its base version is not 19.0.1.3. 
2026-07-15 11:38:12,357 49738 WARNING manas odoo.addons.base.models.ir_cron: Skipping database manas as its base version is not 19.0.1.3. 
2026-07-15 11:38:12,362 49738 WARNING odoo_19_test_try odoo.addons.base.models.ir_cron: Skipping database odoo_19_test_try as its base version is not 19.0.1.3. 
2026-07-15 11:38:12,467 49738 INFO self_login odoo.addons.base.models.ir_cron: Job 'Notification: Notify scheduled messages' (8) starting 
2026-07-15 11:38:12,531 49738 WARNING 19_theme_setting odoo.addons.base.models.ir_cron: Skipping database 19_theme_setting as its base version is not 19.0.1.3. 
2026-07-15 11:38:12,539 49738 WARNING manas odoo.addons.base.models.ir_cron: Skipping database manas as its base version is not 19.0.1.3. 
2026-07-15 11:38:12,545 49738 WARNING odoo_19_test_try odoo.addons.base.models.ir_cron: Skipping database odoo_19_test_try as its base version is not 19.0.1.3. 
2026-07-15 11:38:12,567 49738 INFO self_login odoo.addons.base.models.ir_cron: Job 'Notification: Notify scheduled messages' (8) fully done (#loop 1; done 0; remaining 0; duration 0.10s) 
2026-07-15 11:38:12,572 49738 INFO self_login odoo.addons.base.models.ir_cron: Job 'Mail: Email Queue Manager' (3) starting 
2026-07-15 11:38:12,597 49738 INFO tezzzzzzzzzzzzzzzzzzzzz odoo.addons.base.models.ir_cron: Job 'Payment: Post-process transactions' (15) starting 
2026-07-15 11:38:12,611 49738 INFO self_login odoo.addons.base.models.ir_cron: Job 'Mail: Email Queue Manager' (3) fully done (#loop 1; done 0; remaining 0; duration 0.04s) 
2026-07-15 11:38:12,612 49738 INFO tezzzzzzzzzzzzzzzzzzzzz odoo.addons.base.models.ir_cron: Job 'Payment: Post-process transactions' (15) fully done (#loop 1; done 0; remaining 0; duration 0.01s) 
2026-07-15 11:38:12,619 49738 WARNING theme_test odoo.addons.base.models.ir_cron: Skipping database theme_test as its base version is not 19.0.1.3. 
2026-07-15 11:38:12,635 49738 WARNING theme_test odoo.addons.base.models.ir_cron: Skipping database theme_test as its base version is not 19.0.1.3. 
2026-07-15 11:39:12,657 49738 WARNING 19_theme_setting odoo.addons.base.models.ir_cron: Skipping database 19_theme_setting as its base version is not 19.0.1.3. 
2026-07-15 11:39:12,665 49738 WARNING manas odoo.addons.base.models.ir_cron: Skipping database manas as its base version is not 19.0.1.3. 
2026-07-15 11:39:12,672 49738 WARNING odoo_19_test_try odoo.addons.base.models.ir_cron: Skipping database odoo_19_test_try as its base version is not 19.0.1.3. 
2026-07-15 11:39:12,676 49738 WARNING theme_test odoo.addons.base.models.ir_cron: Skipping database theme_test as its base version is not 19.0.1.3. 
2026-07-15 11:39:13,677 49738 WARNING 19_theme_setting odoo.addons.base.models.ir_cron: Skipping database 19_theme_setting as its base version is not 19.0.1.3. 
2026-07-15 11:39:13,684 49738 WARNING manas odoo.addons.base.models.ir_cron: Skipping database manas as its base version is not 19.0.1.3. 
2026-07-15 11:39:13,689 49738 WARNING odoo_19_test_try odoo.addons.base.models.ir_cron: Skipping database odoo_19_test_try as its base version is not 19.0.1.3. 
2026-07-15 11:39:13,694 49738 WARNING theme_test odoo.addons.base.models.ir_cron: Skipping database theme_test as its base version is not 19.0.1.3. 
2026-07-15 11:40:12,738 49738 WARNING 19_theme_setting odoo.addons.base.models.ir_cron: Skipping database 19_theme_setting as its base version is not 19.0.1.3. 
2026-07-15 11:40:12,743 49738 WARNING manas odoo.addons.base.models.ir_cron: Skipping database manas as its base version is not 19.0.1.3. 
2026-07-15 11:40:12,750 49738 WARNING odoo_19_test_try odoo.addons.base.models.ir_cron: Skipping database odoo_19_test_try as its base version is not 19.0.1.3. 
2026-07-15 11:40:12,753 49738 WARNING theme_test odoo.addons.base.models.ir_cron: Skipping database theme_test as its base version is not 19.0.1.3. 
2026-07-15 11:40:14,784 49738 WARNING 19_theme_setting odoo.addons.base.models.ir_cron: Skipping database 19_theme_setting as its base version is not 19.0.1.3. 
2026-07-15 11:40:14,789 49738 WARNING manas odoo.addons.base.models.ir_cron: Skipping database manas as its base version is not 19.0.1.3. 
2026-07-15 11:40:14,814 49738 WARNING odoo_19_test_try odoo.addons.base.models.ir_cron: Skipping database odoo_19_test_try as its base version is not 19.0.1.3. 
2026-07-15 11:40:14,817 49738 WARNING theme_test odoo.addons.base.models.ir_cron: Skipping database theme_test as its base version is not 19.0.1.3. 
2026-07-15 11:41:12,835 49738 WARNING 19_theme_setting odoo.addons.base.models.ir_cron: Skipping database 19_theme_setting as its base version is not 19.0.1.3. 
2026-07-15 11:41:12,840 49738 WARNING manas odoo.addons.base.models.ir_cron: Skipping database manas as its base version is not 19.0.1.3. 
2026-07-15 11:41:12,847 49738 WARNING odoo_19_test_try odoo.addons.base.models.ir_cron: Skipping database odoo_19_test_try as its base version is not 19.0.1.3. 
2026-07-15 11:41:12,850 49738 WARNING theme_test odoo.addons.base.models.ir_cron: Skipping database theme_test as its base version is not 19.0.1.3. 
2026-07-15 11:41:15,909 49738 WARNING 19_theme_setting odoo.addons.base.models.ir_cron: Skipping database 19_theme_setting as its base version is not 19.0.1.3. 
2026-07-15 11:41:15,916 49738 WARNING manas odoo.addons.base.models.ir_cron: Skipping database manas as its base version is not 19.0.1.3. 
2026-07-15 11:41:15,922 49738 WARNING odoo_19_test_try odoo.addons.base.models.ir_cron: Skipping database odoo_19_test_try as its base version is not 19.0.1.3. 
2026-07-15 11:41:15,925 49738 WARNING theme_test odoo.addons.base.models.ir_cron: Skipping database theme_test as its base version is not 19.0.1.3. 
2026-07-15 11:41:49,993 49738 INFO oca_module_testing werkzeug: 127.0.0.1 - - [15/Jul/2026 11:41:49] "POST /web/dataset/call_kw/analytix.document/get_analytix_documents_list#analytix.document.get_analytix_documents_list HTTP/1.1" 200 - 7 0.005 0.008
2026-07-15 11:42:12,934 49738 WARNING 19_theme_setting odoo.addons.base.models.ir_cron: Skipping database 19_theme_setting as its base version is not 19.0.1.3. 
2026-07-15 11:42:12,940 49738 WARNING manas odoo.addons.base.models.ir_cron: Skipping database manas as its base version is not 19.0.1.3. 
2026-07-15 11:42:12,965 49738 INFO oca_module_testing odoo.addons.base.models.ir_cron: Job 'Notification: Notify scheduled messages' (9) starting 
2026-07-15 11:42:13,005 49738 INFO oca_module_testing odoo.addons.base.models.ir_cron: Job 'Notification: Notify scheduled messages' (9) fully done (#loop 1; done 0; remaining 0; duration 0.04s) 
2026-07-15 11:42:13,014 49738 INFO oca_module_testing odoo.addons.base.models.ir_cron: Job 'Mail: Email Queue Manager' (4) starting 
2026-07-15 11:42:13,026 49738 INFO oca_module_testing odoo.addons.base.models.ir_cron: Job 'Mail: Email Queue Manager' (4) fully done (#loop 1; done 0; remaining 0; duration 0.01s) 
2026-07-15 11:42:13,031 49738 WARNING odoo_19_test_try odoo.addons.base.models.ir_cron: Skipping database odoo_19_test_try as its base version is not 19.0.1.3. 
2026-07-15 11:42:13,035 49738 WARNING theme_test odoo.addons.base.models.ir_cron: Skipping database theme_test as its base version is not 19.0.1.3. 
2026-07-15 11:42:16,961 49738 WARNING 19_theme_setting odoo.addons.base.models.ir_cron: Skipping database 19_theme_setting as its base version is not 19.0.1.3. 
2026-07-15 11:42:16,968 49738 WARNING manas odoo.addons.base.models.ir_cron: Skipping database manas as its base version is not 19.0.1.3. 
2026-07-15 11:42:16,974 49738 WARNING odoo_19_test_try odoo.addons.base.models.ir_cron: Skipping database odoo_19_test_try as its base version is not 19.0.1.3. 
2026-07-15 11:42:16,978 49738 WARNING theme_test odoo.addons.base.models.ir_cron: Skipping database theme_test as its base version is not 19.0.1.3. 
2026-07-15 11:43:13,092 49738 WARNING 19_theme_setting odoo.addons.base.models.ir_cron: Skipping database 19_theme_setting as its base version is not 19.0.1.3. 
2026-07-15 11:43:13,100 49738 WARNING manas odoo.addons.base.models.ir_cron: Skipping database manas as its base version is not 19.0.1.3. 
2026-07-15 11:43:13,106 49738 WARNING odoo_19_test_try odoo.addons.base.models.ir_cron: Skipping database odoo_19_test_try as its base version is not 19.0.1.3. 
2026-07-15 11:43:13,110 49738 WARNING theme_test odoo.addons.base.models.ir_cron: Skipping database theme_test as its base version is not 19.0.1.3. 
2026-07-15 11:43:18,029 49738 WARNING 19_theme_setting odoo.addons.base.models.ir_cron: Skipping database 19_theme_setting as its base version is not 19.0.1.3. 
2026-07-15 11:43:18,037 49738 WARNING manas odoo.addons.base.models.ir_cron: Skipping database manas as its base version is not 19.0.1.3. 
2026-07-15 11:43:18,043 49738 WARNING odoo_19_test_try odoo.addons.base.models.ir_cron: Skipping database odoo_19_test_try as its base version is not 19.0.1.3. 
2026-07-15 11:43:18,046 49738 WARNING theme_test odoo.addons.base.models.ir_cron: Skipping database theme_test as its base version is not 19.0.1.3. 
2026-07-15 11:44:13,191 49738 WARNING 19_theme_setting odoo.addons.base.models.ir_cron: Skipping database 19_theme_setting as its base version is not 19.0.1.3. 
2026-07-15 11:44:13,199 49738 WARNING manas odoo.addons.base.models.ir_cron: Skipping database manas as its base version is not 19.0.1.3. 
2026-07-15 11:44:13,206 49738 WARNING odoo_19_test_try odoo.addons.base.models.ir_cron: Skipping database odoo_19_test_try as its base version is not 19.0.1.3. 
2026-07-15 11:44:13,210 49738 WARNING theme_test odoo.addons.base.models.ir_cron: Skipping database theme_test as its base version is not 19.0.1.3. 
2026-07-15 11:44:19,143 49738 WARNING 19_theme_setting odoo.addons.base.models.ir_cron: Skipping database 19_theme_setting as its base version is not 19.0.1.3. 
2026-07-15 11:44:19,150 49738 WARNING manas odoo.addons.base.models.ir_cron: Skipping database manas as its base version is not 19.0.1.3. 
2026-07-15 11:44:19,155 49738 WARNING odoo_19_test_try odoo.addons.base.models.ir_cron: Skipping database odoo_19_test_try as its base version is not 19.0.1.3. 
2026-07-15 11:44:19,158 49738 WARNING theme_test odoo.addons.base.models.ir_cron: Skipping database theme_test as its base version is not 19.0.1.3. 
2026-07-15 11:45:13,260 49738 WARNING 19_theme_setting odoo.addons.base.models.ir_cron: Skipping database 19_theme_setting as its base version is not 19.0.1.3. 
2026-07-15 11:45:13,266 49738 WARNING manas odoo.addons.base.models.ir_cron: Skipping database manas as its base version is not 19.0.1.3. 
2026-07-15 11:45:13,273 49738 WARNING odoo_19_test_try odoo.addons.base.models.ir_cron: Skipping database odoo_19_test_try as its base version is not 19.0.1.3. 
2026-07-15 11:45:13,277 49738 WARNING theme_test odoo.addons.base.models.ir_cron: Skipping database theme_test as its base version is not 19.0.1.3. 
2026-07-15 11:45:20,244 49738 WARNING 19_theme_setting odoo.addons.base.models.ir_cron: Skipping database 19_theme_setting as its base version is not 19.0.1.3. 
2026-07-15 11:45:20,252 49738 WARNING manas odoo.addons.base.models.ir_cron: Skipping database manas as its base version is not 19.0.1.3. 
2026-07-15 11:45:20,259 49738 WARNING odoo_19_test_try odoo.addons.base.models.ir_cron: Skipping database odoo_19_test_try as its base version is not 19.0.1.3. 
2026-07-15 11:45:20,263 49738 WARNING theme_test odoo.addons.base.models.ir_cron: Skipping database theme_test as its base version is not 19.0.1.3. 
2026-07-15 11:46:13,360 49738 WARNING 19_theme_setting odoo.addons.base.models.ir_cron: Skipping database 19_theme_setting as its base version is not 19.0.1.3. 
2026-07-15 11:46:13,368 49738 WARNING manas odoo.addons.base.models.ir_cron: Skipping database manas as its base version is not 19.0.1.3. 
2026-07-15 11:46:13,373 49738 WARNING odoo_19_test_try odoo.addons.base.models.ir_cron: Skipping database odoo_19_test_try as its base version is not 19.0.1.3. 
2026-07-15 11:46:13,377 49738 WARNING theme_test odoo.addons.base.models.ir_cron: Skipping database theme_test as its base version is not 19.0.1.3. 
2026-07-15 11:46:21,309 49738 WARNING 19_theme_setting odoo.addons.base.models.ir_cron: Skipping database 19_theme_setting as its base version is not 19.0.1.3. 
2026-07-15 11:46:21,317 49738 WARNING manas odoo.addons.base.models.ir_cron: Skipping database manas as its base version is not 19.0.1.3. 
2026-07-15 11:46:21,323 49738 WARNING odoo_19_test_try odoo.addons.base.models.ir_cron: Skipping database odoo_19_test_try as its base version is not 19.0.1.3. 
2026-07-15 11:46:21,327 49738 WARNING theme_test odoo.addons.base.models.ir_cron: Skipping database theme_test as its base version is not 19.0.1.3. 
2026-07-15 11:47:13,458 49738 WARNING 19_theme_setting odoo.addons.base.models.ir_cron: Skipping database 19_theme_setting as its base version is not 19.0.1.3. 
2026-07-15 11:47:13,466 49738 WARNING manas odoo.addons.base.models.ir_cron: Skipping database manas as its base version is not 19.0.1.3. 
2026-07-15 11:47:13,472 49738 WARNING odoo_19_test_try odoo.addons.base.models.ir_cron: Skipping database odoo_19_test_try as its base version is not 19.0.1.3. 
2026-07-15 11:47:13,475 49738 WARNING theme_test odoo.addons.base.models.ir_cron: Skipping database theme_test as its base version is not 19.0.1.3. 
2026-07-15 11:47:22,377 49738 WARNING 19_theme_setting odoo.addons.base.models.ir_cron: Skipping database 19_theme_setting as its base version is not 19.0.1.3. 
2026-07-15 11:47:22,384 49738 WARNING manas odoo.addons.base.models.ir_cron: Skipping database manas as its base version is not 19.0.1.3. 
2026-07-15 11:47:22,391 49738 WARNING odoo_19_test_try odoo.addons.base.models.ir_cron: Skipping database odoo_19_test_try as its base version is not 19.0.1.3. 
2026-07-15 11:47:22,395 49738 WARNING theme_test odoo.addons.base.models.ir_cron: Skipping database theme_test as its base version is not 19.0.1.3. 
2026-07-15 11:48:13,551 49738 WARNING 19_theme_setting odoo.addons.base.models.ir_cron: Skipping database 19_theme_setting as its base version is not 19.0.1.3. 
2026-07-15 11:48:13,560 49738 WARNING manas odoo.addons.base.models.ir_cron: Skipping database manas as its base version is not 19.0.1.3. 
2026-07-15 11:48:13,567 49738 WARNING odoo_19_test_try odoo.addons.base.models.ir_cron: Skipping database odoo_19_test_try as its base version is not 19.0.1.3. 
2026-07-15 11:48:13,589 49738 INFO tezzzzzzzzzzzzzzzzzzzzz odoo.addons.base.models.ir_cron: Job 'Payment: Post-process transactions' (15) starting 
2026-07-15 11:48:13,633 49738 INFO tezzzzzzzzzzzzzzzzzzzzz odoo.addons.base.models.ir_cron: Job 'Payment: Post-process transactions' (15) fully done (#loop 1; done 0; remaining 0; duration 0.04s) 
2026-07-15 11:48:13,640 49738 WARNING theme_test odoo.addons.base.models.ir_cron: Skipping database theme_test as its base version is not 19.0.1.3. 
2026-07-15 11:48:23,430 49738 WARNING 19_theme_setting odoo.addons.base.models.ir_cron: Skipping database 19_theme_setting as its base version is not 19.0.1.3. 
2026-07-15 11:48:23,438 49738 WARNING manas odoo.addons.base.models.ir_cron: Skipping database manas as its base version is not 19.0.1.3. 
2026-07-15 11:48:23,444 49738 WARNING odoo_19_test_try odoo.addons.base.models.ir_cron: Skipping database odoo_19_test_try as its base version is not 19.0.1.3. 
2026-07-15 11:48:23,448 49738 WARNING theme_test odoo.addons.base.models.ir_cron: Skipping database theme_test as its base version is not 19.0.1.3. 
2026-07-15 11:49:13,719 49738 WARNING 19_theme_setting odoo.addons.base.models.ir_cron: Skipping database 19_theme_setting as its base version is not 19.0.1.3. 
2026-07-15 11:49:13,727 49738 WARNING manas odoo.addons.base.models.ir_cron: Skipping database manas as its base version is not 19.0.1.3. 
2026-07-15 11:49:13,756 49738 INFO new_360_dashboard odoo.addons.base.models.ir_cron: Job 'Notification: Notify scheduled messages' (8) starting 
2026-07-15 11:49:13,794 49738 INFO new_360_dashboard odoo.addons.base.models.ir_cron: Job 'Notification: Notify scheduled messages' (8) fully done (#loop 1; done 0; remaining 0; duration 0.04s) 
2026-07-15 11:49:13,806 49738 INFO new_360_dashboard odoo.addons.base.models.ir_cron: Job 'Mail: Email Queue Manager' (3) starting 
2026-07-15 11:49:13,820 49738 INFO new_360_dashboard odoo.addons.base.models.ir_cron: Job 'Mail: Email Queue Manager' (3) fully done (#loop 1; done 0; remaining 0; duration 0.01s) 
2026-07-15 11:49:13,826 49738 WARNING odoo_19_test_try odoo.addons.base.models.ir_cron: Skipping database odoo_19_test_try as its base version is not 19.0.1.3. 
2026-07-15 11:49:13,829 49738 WARNING theme_test odoo.addons.base.models.ir_cron: Skipping database theme_test as its base version is not 19.0.1.3. 
2026-07-15 11:49:24,539 49738 WARNING 19_theme_setting odoo.addons.base.models.ir_cron: Skipping database 19_theme_setting as its base version is not 19.0.1.3. 
2026-07-15 11:49:24,544 49738 WARNING manas odoo.addons.base.models.ir_cron: Skipping database manas as its base version is not 19.0.1.3. 
2026-07-15 11:49:24,550 49738 WARNING odoo_19_test_try odoo.addons.base.models.ir_cron: Skipping database odoo_19_test_try as its base version is not 19.0.1.3. 
2026-07-15 11:49:24,553 49738 WARNING theme_test odoo.addons.base.models.ir_cron: Skipping database theme_test as its base version is not 19.0.1.3. 
2026-07-15 11:49:32,794 49738 INFO oca_module_testing werkzeug: 127.0.0.1 - - [15/Jul/2026 11:49:32] "GET /odoo/action-388 HTTP/1.1" 200 - 22 0.011 0.024
2026-07-15 11:49:32,857 49738 INFO oca_module_testing werkzeug: 127.0.0.1 - - [15/Jul/2026 11:49:32] "GET /web/webclient/load_menus HTTP/1.1" 200 - 1 0.001 0.016
2026-07-15 11:49:33,163 49738 INFO oca_module_testing werkzeug: 127.0.0.1 - - [15/Jul/2026 11:49:33] "GET /web/webclient/translations?hash=309395e7b381598b2edc4f4c75a99a6d285ecbd8&lang=en_US HTTP/1.1" 200 - 1 0.001 0.002
2026-07-15 11:49:33,425 49738 INFO oca_module_testing werkzeug: 127.0.0.1 - - [15/Jul/2026 11:49:33] "GET /web/image?model=res.users&field=avatar_128&id=2 HTTP/1.1" 304 - 9 0.011 0.018
2026-07-15 11:49:33,474 49738 INFO oca_module_testing werkzeug: 127.0.0.1 - - [15/Jul/2026 11:49:33] "GET /bus/websocket_worker_bundle?v=19.0-2 HTTP/1.1" 304 - 3 0.002 0.005
2026-07-15 11:49:33,505 49738 INFO oca_module_testing werkzeug: 127.0.0.1 - - [15/Jul/2026 11:49:33] "GET /websocket?version=19.0-2 HTTP/1.1" 101 - 1 0.001 0.011
2026-07-15 11:49:33,514 49738 INFO oca_module_testing werkzeug: 127.0.0.1 - - [15/Jul/2026 11:49:33] "POST /mail/data HTTP/1.1" 200 - 39 0.074 0.046
2026-07-15 11:49:33,540 49738 INFO oca_module_testing werkzeug: 127.0.0.1 - - [15/Jul/2026 11:49:33] "POST /web/dataset/call_kw/account.move/get_analytix_dashboard_data#account.move.get_analytix_dashboard_data HTTP/1.1" 200 - 29 0.022 0.026
2026-07-15 11:49:33,572 49738 INFO oca_module_testing werkzeug: 127.0.0.1 - - [15/Jul/2026 11:49:33] "POST /web/dataset/call_kw/analytix.document/get_analytix_documents_list#analytix.document.get_analytix_documents_list HTTP/1.1" 200 - 6 0.003 0.008
2026-07-15 11:49:33,808 49738 INFO oca_module_testing werkzeug: 127.0.0.1 - - [15/Jul/2026 11:49:33] "GET /web/service-worker.js HTTP/1.1" 200 - 1 0.001 0.003
2026-07-15 11:49:36,135 49738 INFO oca_module_testing werkzeug: 127.0.0.1 - - [15/Jul/2026 11:49:36] "POST /web/action/load HTTP/1.1" 200 - 11 0.007 0.010
2026-07-15 11:49:36,235 49738 INFO oca_module_testing werkzeug: 127.0.0.1 - - [15/Jul/2026 11:49:36] "POST /web/dataset/call_kw/ir.module.module/get_views#ir.module.module.get_views HTTP/1.1" 200 - 37 0.035 0.040
2026-07-15 11:49:36,250 49738 INFO oca_module_testing werkzeug: 127.0.0.1 - - [15/Jul/2026 11:49:36] "POST /web/dataset/call_kw/ir.module.module/search_panel_select_range#ir.module.module.search_panel_select_range HTTP/1.1" 200 - 1 0.001 0.004
2026-07-15 11:49:36,291 49738 INFO oca_module_testing werkzeug: 127.0.0.1 - - [15/Jul/2026 11:49:36] "POST /web/dataset/call_kw/ir.module.module/search_panel_select_range#ir.module.module.search_panel_select_range HTTP/1.1" 200 - 52 0.023 0.022
2026-07-15 11:49:36,298 49738 INFO oca_module_testing werkzeug: 127.0.0.1 - - [15/Jul/2026 11:49:36] "POST /web/dataset/call_kw/ir.module.module/check_module_update#ir.module.module.check_module_update HTTP/1.1" 200 - 2 0.002 0.003
2026-07-15 11:49:36,310 49738 INFO oca_module_testing werkzeug: 127.0.0.1 - - [15/Jul/2026 11:49:36] "POST /web/dataset/call_kw/ir.module.module/web_search_read#ir.module.module.web_search_read HTTP/1.1" 200 - 3 0.003 0.054
2026-07-15 11:49:36,394 49738 INFO oca_module_testing werkzeug: 127.0.0.1 - - [15/Jul/2026 11:49:36] "POST /web/dataset/call_kw/ir.module.module/check_module_update#ir.module.module.check_module_update HTTP/1.1" 200 - 2 0.001 0.003
2026-07-15 11:49:37,802 49738 INFO oca_module_testing werkzeug: 127.0.0.1 - - [15/Jul/2026 11:49:37] "POST /web/dataset/call_kw/ir.module.module/search_panel_select_range#ir.module.module.search_panel_select_range HTTP/1.1" 200 - 50 0.017 0.018
2026-07-15 11:49:37,812 49738 INFO oca_module_testing werkzeug: 127.0.0.1 - - [15/Jul/2026 11:49:37] "POST /web/dataset/call_kw/ir.module.module/web_search_read#ir.module.module.web_search_read HTTP/1.1" 200 - 4 0.007 0.036
2026-07-15 11:49:37,891 49738 INFO oca_module_testing werkzeug: 127.0.0.1 - - [15/Jul/2026 11:49:37] "POST /web/dataset/call_kw/ir.module.module/check_module_update#ir.module.module.check_module_update HTTP/1.1" 200 - 2 0.001 0.003
2026-07-15 11:49:41,447 49738 INFO oca_module_testing werkzeug: 127.0.0.1 - - [15/Jul/2026 11:49:41] "POST /web/dataset/call_kw/ir.module.module/search_panel_select_range#ir.module.module.search_panel_select_range HTTP/1.1" 200 - 50 0.019 0.023
2026-07-15 11:49:41,464 49738 INFO oca_module_testing werkzeug: 127.0.0.1 - - [15/Jul/2026 11:49:41] "POST /web/dataset/call_kw/ir.module.module/web_search_read#ir.module.module.web_search_read HTTP/1.1" 200 - 3 0.004 0.005
2026-07-15 11:49:41,486 49738 INFO oca_module_testing werkzeug: 127.0.0.1 - - [15/Jul/2026 11:49:41] "POST /web/dataset/call_kw/ir.module.module/check_module_update#ir.module.module.check_module_update HTTP/1.1" 200 - 2 0.001 0.003
2026-07-15 11:49:44,976 49738 INFO oca_module_testing odoo.addons.base.models.ir_module: ALLOW access to module.button_immediate_upgrade on ['Analytix 360 Finance Dashboard'] to user admin #2 via 127.0.0.1 
2026-07-15 11:49:44,978 49738 INFO oca_module_testing odoo.addons.base.models.ir_module: ALLOW access to module.button_upgrade on ['Analytix 360 Finance Dashboard'] to user admin #2 via 127.0.0.1 
2026-07-15 11:49:44,978 49738 INFO oca_module_testing odoo.addons.base.models.ir_module: ALLOW access to module.update_list on ['Analytix 360 Finance Dashboard'] to user admin #2 via 127.0.0.1 
2026-07-15 11:49:45,361 49738 WARNING oca_module_testing odoo.modules.module: Missing `author` key in manifest for 'analytix_finance_dashboard', defaulting to '' 
2026-07-15 11:49:46,298 49738 INFO oca_module_testing odoo.addons.base.models.ir_module: ALLOW access to module.button_install on [] to user admin #2 via 127.0.0.1 
2026-07-15 11:49:46,383 49738 INFO oca_module_testing odoo.modules.loading: loading 1 modules... 
2026-07-15 11:49:46,389 49738 INFO oca_module_testing odoo.modules.loading: 1 modules loaded in 0.01s, 0 queries (+0 extra) 
2026-07-15 11:49:46,426 49738 INFO oca_module_testing odoo.modules.loading: updating modules list 
2026-07-15 11:49:46,427 49738 INFO oca_module_testing odoo.addons.base.models.ir_module: ALLOW access to module.update_list on [] to user __system__ #1 via 127.0.0.1 
2026-07-15 11:49:46,637 49738 WARNING oca_module_testing odoo.modules.module: Missing `author` key in manifest for 'analytix_finance_dashboard', defaulting to '' 
2026-07-15 11:49:47,517 49738 INFO oca_module_testing odoo.modules.loading: loading 85 modules... 
2026-07-15 11:49:47,568 49738 INFO oca_module_testing odoo.modules.loading: Loading module analytix_finance_dashboard (77/85) 
2026-07-15 11:49:47,878 49738 INFO oca_module_testing odoo.registry: module analytix_finance_dashboard: creating or updating database tables 
2026-07-15 11:49:47,978 49738 WARNING oca_module_testing odoo.addons.base.models.ir_model: Two fields (sale_lock_date, tax_lock_date) of res.config.settings() have the same label: Hard Lock Date. [Modules: om_fiscal_year and om_fiscal_year] 
2026-07-15 11:49:47,978 49738 WARNING oca_module_testing odoo.addons.base.models.ir_model: Two fields (purchase_lock_date, tax_lock_date) of res.config.settings() have the same label: Hard Lock Date. [Modules: om_fiscal_year and om_fiscal_year] 
2026-07-15 11:49:47,978 49738 WARNING oca_module_testing odoo.addons.base.models.ir_model: Two fields (hard_lock_date, tax_lock_date) of res.config.settings() have the same label: Hard Lock Date. [Modules: om_fiscal_year and om_fiscal_year] 
2026-07-15 11:49:48,191 49738 INFO oca_module_testing odoo.modules.loading: loading analytix_finance_dashboard/security/ir.model.access.csv 
2026-07-15 11:49:48,200 49738 INFO oca_module_testing odoo.modules.loading: loading analytix_finance_dashboard/views/dashboard_action.xml 
2026-07-15 11:49:48,205 49738 INFO oca_module_testing odoo.modules.loading: loading analytix_finance_dashboard/views/menu_views.xml 
2026-07-15 11:49:48,220 49738 INFO oca_module_testing odoo.modules.loading: loading analytix_finance_dashboard/views/set_home_action.xml 
2026-07-15 11:49:48,228 49738 INFO oca_module_testing odoo.modules.loading: loading analytix_finance_dashboard/views/zatca_settings.xml 
2026-07-15 11:49:48,303 49738 INFO oca_module_testing odoo.addons.base.models.ir_module: module analytix_finance_dashboard: no translation for language ar_001 
2026-07-15 11:49:48,312 49738 INFO oca_module_testing odoo.modules.loading: Module analytix_finance_dashboard loaded in 0.74s, 273 queries (+273 other) 
2026-07-15 11:49:48,314 49738 INFO oca_module_testing odoo.modules.loading: 85 modules loaded in 0.80s, 273 queries (+273 extra) 
2026-07-15 11:49:48,599 49738 INFO oca_module_testing odoo.registry: verifying fields for every extended model 
2026-07-15 11:49:48,624 49738 WARNING oca_module_testing odoo.addons.base.models.ir_model: Two fields (sale_lock_date, tax_lock_date) of res.config.settings() have the same label: Hard Lock Date. [Modules: om_fiscal_year and om_fiscal_year] 
2026-07-15 11:49:48,624 49738 WARNING oca_module_testing odoo.addons.base.models.ir_model: Two fields (purchase_lock_date, tax_lock_date) of res.config.settings() have the same label: Hard Lock Date. [Modules: om_fiscal_year and om_fiscal_year] 
2026-07-15 11:49:48,624 49738 WARNING oca_module_testing odoo.addons.base.models.ir_model: Two fields (hard_lock_date, tax_lock_date) of res.config.settings() have the same label: Hard Lock Date. [Modules: om_fiscal_year and om_fiscal_year] 
2026-07-15 11:49:48,990 49738 INFO oca_module_testing odoo.modules.loading: Modules loaded. 
2026-07-15 11:49:49,007 49738 INFO oca_module_testing odoo.registry: Registry changed, signaling through the database 
2026-07-15 11:49:49,009 49738 INFO oca_module_testing odoo.registry: Registry loaded in 2.678s 
2026-07-15 11:49:49,009 49738 INFO oca_module_testing odoo.addons.base.models.ir_module: getting next ir.actions.todo() 
2026-07-15 11:49:49,022 49738 INFO oca_module_testing werkzeug: 127.0.0.1 - - [15/Jul/2026 11:49:49] "POST /web/dataset/call_button/ir.module.module/button_immediate_upgrade#ir.module.module.button_immediate_upgrade HTTP/1.1" 200 - 4891 1.772 2.281
2026-07-15 11:49:49,034 49738 INFO oca_module_testing odoo.addons.base.models.ir_http: Generating routing map for key None 
2026-07-15 11:49:49,369 49738 INFO oca_module_testing werkzeug: 127.0.0.1 - - [15/Jul/2026 11:49:49] "GET /odoo HTTP/1.1" 200 - 78 0.025 0.312
2026-07-15 11:49:50,602 49738 INFO oca_module_testing werkzeug: 127.0.0.1 - - [15/Jul/2026 11:49:50] "GET /web/service-worker.js HTTP/1.1" 200 - 1 0.001 0.020
2026-07-15 11:49:50,671 49738 INFO oca_module_testing odoo.addons.base.models.assetsbundle: Generating a new asset bundle attachment /web/assets/16967a6/web.assets_web.min.css (id:1094) 
2026-07-15 11:49:50,672 49738 INFO oca_module_testing odoo.addons.base.models.assetsbundle: Deleting attachments [1056] (matching /web/assets/_______/web.assets_web.min.css) because it was replaced with /web/assets/16967a6/web.assets_web.min.css 
2026-07-15 11:49:50,706 49738 INFO oca_module_testing werkzeug: 127.0.0.1 - - [15/Jul/2026 11:49:50] "GET /web/assets/16967a6/web.assets_web.min.css HTTP/1.1" 200 - 16 0.050 1.262
2026-07-15 11:49:52,149 49738 INFO oca_module_testing odoo.addons.base.models.assetsbundle: Generating a new asset bundle attachment /web/assets/0bbadf3/web.assets_web.min.js (id:1095) 
2026-07-15 11:49:52,150 49738 INFO oca_module_testing odoo.addons.base.models.assetsbundle: Deleting attachments [1077] (matching /web/assets/_______/web.assets_web.min.js) because it was replaced with /web/assets/0bbadf3/web.assets_web.min.js 
2026-07-15 11:49:52,170 49738 INFO oca_module_testing werkzeug: 127.0.0.1 - - [15/Jul/2026 11:49:52] "GET /web/assets/0bbadf3/web.assets_web.min.js HTTP/1.1" 200 - 13 0.014 2.762
2026-07-15 11:49:52,223 49738 INFO oca_module_testing werkzeug: 127.0.0.1 - - [15/Jul/2026 11:49:52] "GET /web/webclient/load_menus HTTP/1.1" 200 - 13 0.012 0.021
2026-07-15 11:49:53,261 49738 INFO oca_module_testing werkzeug: 127.0.0.1 - - [15/Jul/2026 11:49:53] "GET /web/webclient/translations?hash=&lang=en_US HTTP/1.1" 200 - 2 0.016 0.021
2026-07-15 11:49:53,299 49738 INFO oca_module_testing odoo.addons.base.models.assetsbundle: Generating a new asset bundle attachment /web/assets/1fa9cd3/web.assets_web_print.min.css (id:1096) 
2026-07-15 11:49:53,300 49738 INFO oca_module_testing odoo.addons.base.models.assetsbundle: Deleting attachments [1058] (matching /web/assets/_______/web.assets_web_print.min.css) because it was replaced with /web/assets/1fa9cd3/web.assets_web_print.min.css 
2026-07-15 11:49:53,307 49738 INFO oca_module_testing werkzeug: 127.0.0.1 - - [15/Jul/2026 11:49:53] "GET /web/assets/1fa9cd3/web.assets_web_print.min.css HTTP/1.1" 200 - 10 0.028 1.090
2026-07-15 11:49:53,386 49738 INFO oca_module_testing werkzeug: 127.0.0.1 - - [15/Jul/2026 11:49:53] "POST /web/action/load HTTP/1.1" 200 - 7 0.006 0.008
2026-07-15 11:49:53,396 49738 INFO oca_module_testing werkzeug: 127.0.0.1 - - [15/Jul/2026 11:49:53] "GET /bus/websocket_worker_bundle?v=19.0-2 HTTP/1.1" 304 - 4 0.009 0.012
2026-07-15 11:49:53,408 49738 INFO oca_module_testing werkzeug: 127.0.0.1 - - [15/Jul/2026 11:49:53] "GET /web/image?model=res.users&field=avatar_128&id=2 HTTP/1.1" 304 - 16 0.021 0.014
2026-07-15 11:49:53,448 49738 INFO oca_module_testing werkzeug: 127.0.0.1 - - [15/Jul/2026 11:49:53] "POST /mail/data HTTP/1.1" 200 - 63 0.029 0.033
2026-07-15 11:49:53,505 49738 INFO oca_module_testing werkzeug: 127.0.0.1 - - [15/Jul/2026 11:49:53] "GET /websocket?version=19.0-2 HTTP/1.1" 101 - 1 0.001 0.003
2026-07-15 11:49:53,525 49738 INFO oca_module_testing werkzeug: 127.0.0.1 - - [15/Jul/2026 11:49:53] "POST /web/dataset/call_kw/account.move/get_analytix_dashboard_data#account.move.get_analytix_dashboard_data HTTP/1.1" 200 - 29 0.010 0.013
2026-07-15 11:49:53,539 49738 INFO oca_module_testing werkzeug: 127.0.0.1 - - [15/Jul/2026 11:49:53] "GET /web/service-worker.js HTTP/1.1" 200 - 1 0.001 0.004
2026-07-15 11:49:53,541 49738 INFO oca_module_testing werkzeug: 127.0.0.1 - - [15/Jul/2026 11:49:53] "POST /web/dataset/call_kw/analytix.document/get_analytix_documents_list#analytix.document.get_analytix_documents_list HTTP/1.1" 200 - 11 0.005 0.008
2026-07-15 11:50:13,911 49738 WARNING 19_theme_setting odoo.addons.base.models.ir_cron: Skipping database 19_theme_setting as its base version is not 19.0.1.3. 
2026-07-15 11:50:13,917 49738 WARNING manas odoo.addons.base.models.ir_cron: Skipping database manas as its base version is not 19.0.1.3. 
2026-07-15 11:50:13,941 49738 WARNING odoo_19_test_try odoo.addons.base.models.ir_cron: Skipping database odoo_19_test_try as its base version is not 19.0.1.3. 
2026-07-15 11:50:13,946 49738 WARNING theme_test odoo.addons.base.models.ir_cron: Skipping database theme_test as its base version is not 19.0.1.3. 
2026-07-15 11:50:20,252 49738 ERROR oca_module_testing odoo.http: Exception during request handling. 
Traceback (most recent call last):
  File "/home/amalraj/odoo19_new/odoo-19.0/odoo/http.py", line 2829, in __call__
    response = request._serve_db()
               ^^^^^^^^^^^^^^^^^^^
  File "/home/amalraj/odoo19_new/odoo-19.0/odoo/http.py", line 2304, in _serve_db
    raise self._update_served_exception(exc)
  File "/home/amalraj/odoo19_new/odoo-19.0/odoo/http.py", line 2302, in _serve_db
    return service_model.retrying(serve_func, env=self.env)
           ^^^^^^^^^^^^^^^^^^^^^^^^^^^^^^^^^^^^^^^^^^^^^^^^
  File "/home/amalraj/odoo19_new/odoo-19.0/odoo/service/model.py", line 188, in retrying
    result = func()
             ^^^^^^
  File "/home/amalraj/odoo19_new/odoo-19.0/odoo/http.py", line 2357, in _serve_ir_http
    response = self.dispatcher.dispatch(rule.endpoint, args)
               ^^^^^^^^^^^^^^^^^^^^^^^^^^^^^^^^^^^^^^^^^^^^^
  File "/home/amalraj/odoo19_new/odoo-19.0/odoo/http.py", line 2572, in dispatch
    result = self.request.registry['ir.http']._dispatch(endpoint)
             ^^^^^^^^^^^^^^^^^^^^^^^^^^^^^^^^^^^^^^^^^^^^^^^^^^^^
  File "/home/amalraj/odoo19_new/odoo-19.0/odoo/addons/base/models/ir_http.py", line 355, in _dispatch
    result = endpoint(**request.params)
             ^^^^^^^^^^^^^^^^^^^^^^^^^^
  File "/home/amalraj/odoo19_new/odoo-19.0/odoo/http.py", line 811, in route_wrapper
    result = endpoint(self, *args, **params_ok)
             ^^^^^^^^^^^^^^^^^^^^^^^^^^^^^^^^^^
  File "/home/amalraj/odoo19_new/odoo-19.0/addons/web/controllers/dataset.py", line 32, in call_kw
    return call_kw(request.env[model], method, args, kwargs)
           ^^^^^^^^^^^^^^^^^^^^^^^^^^^^^^^^^^^^^^^^^^^^^^^^^
  File "/home/amalraj/odoo19_new/odoo-19.0/odoo/service/model.py", line 97, in call_kw
    result = method(recs, *args, **kwargs)
             ^^^^^^^^^^^^^^^^^^^^^^^^^^^^^
  File "/home/amalraj/odoo19_new/odoo-19.0/custom/analytix_finance_dashboard/models/analytix_document.py", line 77, in save_analytix_document
    'mimetype':     doc.mimetype or '',
  File "/home/amalraj/odoo19_new/odoo-19.0/odoo/orm/decorators.py", line 365, in create
    return method(self, vals_list)
           ^^^^^^^^^^^^^^^^^^^^^^^
  File "/home/amalraj/odoo19_new/odoo-19.0/odoo/orm/models.py", line 4709, in create
    records = self._create(data_list)
              ^^^^^^^^^^^^^^^^^^^^^^^
  File "/home/amalraj/odoo19_new/odoo-19.0/odoo/orm/models.py", line 4868, in _create
    row.append(field.convert_to_column_insert(stored[fname], self, stored))
               ^^^^^^^^^^^^^^^^^^^^^^^^^^^^^^^^^^^^^^^^^^^^^^^^^^^^^^^^^^^
  File "/home/amalraj/odoo19_new/odoo-19.0/odoo/orm/fields.py", line 1002, in convert_to_column_insert
    value = self.convert_to_column(value, record, values, validate)
            ^^^^^^^^^^^^^^^^^^^^^^^^^^^^^^^^^^^^^^^^^^^^^^^^^^^^^^^
  File "/home/amalraj/odoo19_new/odoo-19.0/odoo/orm/fields_selection.py", line 225, in convert_to_column
    value = self.convert_to_cache(value, record)
            ^^^^^^^^^^^^^^^^^^^^^^^^^^^^^^^^^^^^
  File "/home/amalraj/odoo19_new/odoo-19.0/odoo/orm/fields_selection.py", line 235, in convert_to_cache
    raise ValueError("Wrong value for %s: %r" % (self, value))
ValueError: Wrong value for analytix.document.doc_type: 'receipt_voucher'
2026-07-15 11:50:20,254 49738 INFO oca_module_testing werkzeug: 127.0.0.1 - - [15/Jul/2026 11:50:20] "POST /web/dataset/call_kw/analytix.document/save_analytix_document#analytix.document.save_analytix_document HTTP/1.1" 200 - 4 0.003 0.030
2026-07-15 11:50:25,640 49738 WARNING 19_theme_setting odoo.addons.base.models.ir_cron: Skipping database 19_theme_setting as its base version is not 19.0.1.3. 
2026-07-15 11:50:25,646 49738 WARNING manas odoo.addons.base.models.ir_cron: Skipping database manas as its base version is not 19.0.1.3. 
2026-07-15 11:50:25,652 49738 WARNING odoo_19_test_try odoo.addons.base.models.ir_cron: Skipping database odoo_19_test_try as its base version is not 19.0.1.3. 
2026-07-15 11:50:25,655 49738 WARNING theme_test odoo.addons.base.models.ir_cron: Skipping database theme_test as its base version is not 19.0.1.3. 
2026-07-15 11:50:28,470 49738 ERROR oca_module_testing odoo.http: Exception during request handling. 
Traceback (most recent call last):
  File "/home/amalraj/odoo19_new/odoo-19.0/odoo/http.py", line 2829, in __call__
    response = request._serve_db()
               ^^^^^^^^^^^^^^^^^^^
  File "/home/amalraj/odoo19_new/odoo-19.0/odoo/http.py", line 2304, in _serve_db
    raise self._update_served_exception(exc)
  File "/home/amalraj/odoo19_new/odoo-19.0/odoo/http.py", line 2302, in _serve_db
    return service_model.retrying(serve_func, env=self.env)
           ^^^^^^^^^^^^^^^^^^^^^^^^^^^^^^^^^^^^^^^^^^^^^^^^
  File "/home/amalraj/odoo19_new/odoo-19.0/odoo/service/model.py", line 188, in retrying
    result = func()
             ^^^^^^
  File "/home/amalraj/odoo19_new/odoo-19.0/odoo/http.py", line 2357, in _serve_ir_http
    response = self.dispatcher.dispatch(rule.endpoint, args)
               ^^^^^^^^^^^^^^^^^^^^^^^^^^^^^^^^^^^^^^^^^^^^^
  File "/home/amalraj/odoo19_new/odoo-19.0/odoo/http.py", line 2572, in dispatch
    result = self.request.registry['ir.http']._dispatch(endpoint)
             ^^^^^^^^^^^^^^^^^^^^^^^^^^^^^^^^^^^^^^^^^^^^^^^^^^^^
  File "/home/amalraj/odoo19_new/odoo-19.0/odoo/addons/base/models/ir_http.py", line 355, in _dispatch
    result = endpoint(**request.params)
             ^^^^^^^^^^^^^^^^^^^^^^^^^^
  File "/home/amalraj/odoo19_new/odoo-19.0/odoo/http.py", line 811, in route_wrapper
    result = endpoint(self, *args, **params_ok)
             ^^^^^^^^^^^^^^^^^^^^^^^^^^^^^^^^^^
  File "/home/amalraj/odoo19_new/odoo-19.0/addons/web/controllers/dataset.py", line 32, in call_kw
    return call_kw(request.env[model], method, args, kwargs)
           ^^^^^^^^^^^^^^^^^^^^^^^^^^^^^^^^^^^^^^^^^^^^^^^^^
  File "/home/amalraj/odoo19_new/odoo-19.0/odoo/service/model.py", line 97, in call_kw
    result = method(recs, *args, **kwargs)
             ^^^^^^^^^^^^^^^^^^^^^^^^^^^^^
  File "/home/amalraj/odoo19_new/odoo-19.0/custom/analytix_finance_dashboard/models/analytix_document.py", line 77, in save_analytix_document
    'mimetype':     doc.mimetype or '',
  File "/home/amalraj/odoo19_new/odoo-19.0/odoo/orm/decorators.py", line 365, in create
    return method(self, vals_list)
           ^^^^^^^^^^^^^^^^^^^^^^^
  File "/home/amalraj/odoo19_new/odoo-19.0/odoo/orm/models.py", line 4709, in create
    records = self._create(data_list)
              ^^^^^^^^^^^^^^^^^^^^^^^
  File "/home/amalraj/odoo19_new/odoo-19.0/odoo/orm/models.py", line 4868, in _create
    row.append(field.convert_to_column_insert(stored[fname], self, stored))
               ^^^^^^^^^^^^^^^^^^^^^^^^^^^^^^^^^^^^^^^^^^^^^^^^^^^^^^^^^^^
  File "/home/amalraj/odoo19_new/odoo-19.0/odoo/orm/fields.py", line 1002, in convert_to_column_insert
    value = self.convert_to_column(value, record, values, validate)
            ^^^^^^^^^^^^^^^^^^^^^^^^^^^^^^^^^^^^^^^^^^^^^^^^^^^^^^^
  File "/home/amalraj/odoo19_new/odoo-19.0/odoo/orm/fields_selection.py", line 225, in convert_to_column
    value = self.convert_to_cache(value, record)
            ^^^^^^^^^^^^^^^^^^^^^^^^^^^^^^^^^^^^
  File "/home/amalraj/odoo19_new/odoo-19.0/odoo/orm/fields_selection.py", line 235, in convert_to_cache
    raise ValueError("Wrong value for %s: %r" % (self, value))
ValueError: Wrong value for analytix.document.doc_type: 'receipt_voucher'
2026-07-15 11:50:28,472 49738 INFO oca_module_testing werkzeug: 127.0.0.1 - - [15/Jul/2026 11:50:28] "POST /web/dataset/call_kw/analytix.document/save_analytix_document#analytix.document.save_analytix_document HTTP/1.1" 200 - 2 0.001 0.009
2026-07-15 11:51:14,001 49738 WARNING 19_theme_setting odoo.addons.base.models.ir_cron: Skipping database 19_theme_setting as its base version is not 19.0.1.3. 
2026-07-15 11:51:14,008 49738 WARNING manas odoo.addons.base.models.ir_cron: Skipping database manas as its base version is not 19.0.1.3. 
2026-07-15 11:51:14,015 49738 INFO oca_module_testing odoo.addons.base.models.ir_cron: Job 'Base: Auto-vacuum internal data' (1) starting 
2026-07-15 11:51:14,382 49738 INFO oca_module_testing odoo.addons.base.models.res_users: GC 'auth_totp.device' delete 0 entries 
2026-07-15 11:51:14,463 49738 INFO oca_module_testing odoo.addons.base.models.res_device: GC device logs delete 0 entries 
2026-07-15 11:51:14,467 49738 INFO oca_module_testing odoo.addons.base.models.res_device: GC device logs delete 0 entries 
2026-07-15 11:51:14,551 49738 INFO oca_module_testing odoo.addons.api_doc.models.ir_attachment: GC'd 0 /doc cached index 
2026-07-15 11:51:14,555 49738 INFO oca_module_testing odoo.addons.base.models.res_users: GC 'res.users.apikeys' delete 0 entries 
2026-07-15 11:51:14,668 49738 INFO oca_module_testing odoo.addons.sms.models.sms_sms: GC'd 0 sms marked for deletion 
2026-07-15 11:51:14,774 49738 INFO oca_module_testing odoo.addons.base.models.ir_attachment: filestore gc 6 checked, 2 removed 
2026-07-15 11:51:14,791 49738 INFO oca_module_testing odoo.models.unlink: User #1 deleted base.module.update records with IDs: [4] 
2026-07-15 11:51:15,003 49738 INFO oca_module_testing odoo.addons.base.models.res_users: GC'd 1 user log entries 
2026-07-15 11:51:15,280 49738 INFO oca_module_testing odoo.addons.base.models.ir_cron: Job 'Base: Auto-vacuum internal data' (1) fully done (#loop 1; done 129; remaining 0; duration 1.26s) 
2026-07-15 11:51:15,283 49738 WARNING odoo_19_test_try odoo.addons.base.models.ir_cron: Skipping database odoo_19_test_try as its base version is not 19.0.1.3. 
2026-07-15 11:51:15,286 49738 WARNING theme_test odoo.addons.base.models.ir_cron: Skipping database theme_test as its base version is not 19.0.1.3. 
2026-07-15 11:51:26,747 49738 WARNING 19_theme_setting odoo.addons.base.models.ir_cron: Skipping database 19_theme_setting as its base version is not 19.0.1.3. 
2026-07-15 11:51:26,754 49738 WARNING manas odoo.addons.base.models.ir_cron: Skipping database manas as its base version is not 19.0.1.3. 
2026-07-15 11:51:26,759 49738 WARNING odoo_19_test_try odoo.addons.base.models.ir_cron: Skipping database odoo_19_test_try as its base version is not 19.0.1.3. 
2026-07-15 11:51:26,764 49738 WARNING theme_test odoo.addons.base.models.ir_cron: Skipping database theme_test as its base version is not 19.0.1.3. 
2026-07-15 11:52:15,368 49738 WARNING 19_theme_setting odoo.addons.base.models.ir_cron: Skipping database 19_theme_setting as its base version is not 19.0.1.3. 
2026-07-15 11:52:15,375 49738 WARNING manas odoo.addons.base.models.ir_cron: Skipping database manas as its base version is not 19.0.1.3. 
2026-07-15 11:52:15,381 49738 WARNING odoo_19_test_try odoo.addons.base.models.ir_cron: Skipping database odoo_19_test_try as its base version is not 19.0.1.3. 
2026-07-15 11:52:15,384 49738 WARNING theme_test odoo.addons.base.models.ir_cron: Skipping database theme_test as its base version is not 19.0.1.3. 
2026-07-15 11:52:27,856 49738 WARNING 19_theme_setting odoo.addons.base.models.ir_cron: Skipping database 19_theme_setting as its base version is not 19.0.1.3. 
2026-07-15 11:52:27,864 49738 WARNING manas odoo.addons.base.models.ir_cron: Skipping database manas as its base version is not 19.0.1.3. 
2026-07-15 11:52:27,869 49738 WARNING odoo_19_test_try odoo.addons.base.models.ir_cron: Skipping database odoo_19_test_try as its base version is not 19.0.1.3. 
2026-07-15 11:52:27,872 49738 WARNING theme_test odoo.addons.base.models.ir_cron: Skipping database theme_test as its base version is not 19.0.1.3. 
2026-07-15 11:53:15,454 49738 WARNING 19_theme_setting odoo.addons.base.models.ir_cron: Skipping database 19_theme_setting as its base version is not 19.0.1.3. 
2026-07-15 11:53:15,461 49738 WARNING manas odoo.addons.base.models.ir_cron: Skipping database manas as its base version is not 19.0.1.3. 
2026-07-15 11:53:15,467 49738 WARNING odoo_19_test_try odoo.addons.base.models.ir_cron: Skipping database odoo_19_test_try as its base version is not 19.0.1.3. 
2026-07-15 11:53:15,470 49738 WARNING theme_test odoo.addons.base.models.ir_cron: Skipping database theme_test as its base version is not 19.0.1.3. 
2026-07-15 11:53:28,940 49738 WARNING 19_theme_setting odoo.addons.base.models.ir_cron: Skipping database 19_theme_setting as its base version is not 19.0.1.3. 
2026-07-15 11:53:28,949 49738 WARNING manas odoo.addons.base.models.ir_cron: Skipping database manas as its base version is not 19.0.1.3. 
2026-07-15 11:53:28,957 49738 WARNING odoo_19_test_try odoo.addons.base.models.ir_cron: Skipping database odoo_19_test_try as its base version is not 19.0.1.3. 
2026-07-15 11:53:28,961 49738 WARNING theme_test odoo.addons.base.models.ir_cron: Skipping database theme_test as its base version is not 19.0.1.3. 
2026-07-15 11:53:30,493 49738 INFO oca_module_testing werkzeug: 127.0.0.1 - - [15/Jul/2026 11:53:30] "GET /odoo/action-388 HTTP/1.1" 200 - 22 0.009 0.021
2026-07-15 11:53:30,540 49738 INFO oca_module_testing werkzeug: 127.0.0.1 - - [15/Jul/2026 11:53:30] "GET /web/webclient/load_menus HTTP/1.1" 200 - 1 0.001 0.014
2026-07-15 11:53:31,222 49738 INFO oca_module_testing werkzeug: 127.0.0.1 - - [15/Jul/2026 11:53:31] "GET /web/webclient/translations?hash=309395e7b381598b2edc4f4c75a99a6d285ecbd8&lang=en_US HTTP/1.1" 200 - 1 0.001 0.002
2026-07-15 11:53:31,417 49738 INFO oca_module_testing werkzeug: 127.0.0.1 - - [15/Jul/2026 11:53:31] "GET /web/image?model=res.users&field=avatar_128&id=2 HTTP/1.1" 304 - 9 0.006 0.015
2026-07-15 11:53:31,463 49738 INFO oca_module_testing werkzeug: 127.0.0.1 - - [15/Jul/2026 11:53:31] "POST /mail/data HTTP/1.1" 200 - 39 0.020 0.036
2026-07-15 11:53:31,506 49738 INFO oca_module_testing werkzeug: 127.0.0.1 - - [15/Jul/2026 11:53:31] "GET /web/service-worker.js HTTP/1.1" 200 - 1 0.001 0.004
2026-07-15 11:53:31,568 49738 INFO oca_module_testing werkzeug: 127.0.0.1 - - [15/Jul/2026 11:53:31] "GET /bus/websocket_worker_bundle?v=19.0-2 HTTP/1.1" 304 - 3 0.003 0.005
2026-07-15 11:53:31,600 49738 INFO oca_module_testing werkzeug: 127.0.0.1 - - [15/Jul/2026 11:53:31] "GET /websocket?version=19.0-2 HTTP/1.1" 101 - 1 0.002 0.007
2026-07-15 11:53:31,643 49738 INFO oca_module_testing werkzeug: 127.0.0.1 - - [15/Jul/2026 11:53:31] "POST /web/dataset/call_kw/account.move/get_analytix_dashboard_data#account.move.get_analytix_dashboard_data HTTP/1.1" 200 - 29 0.025 0.034
2026-07-15 11:53:31,661 49738 INFO oca_module_testing werkzeug: 127.0.0.1 - - [15/Jul/2026 11:53:31] "POST /web/dataset/call_kw/analytix.document/get_analytix_documents_list#analytix.document.get_analytix_documents_list HTTP/1.1" 200 - 6 0.003 0.008
2026-07-15 11:53:34,100 49738 INFO oca_module_testing werkzeug: 127.0.0.1 - - [15/Jul/2026 11:53:34] "GET /odoo/action-388 HTTP/1.1" 200 - 22 0.010 0.020
2026-07-15 11:53:34,149 49738 INFO oca_module_testing werkzeug: 127.0.0.1 - - [15/Jul/2026 11:53:34] "GET /web/webclient/load_menus HTTP/1.1" 200 - 1 0.001 0.020
2026-07-15 11:53:34,810 49738 INFO oca_module_testing werkzeug: 127.0.0.1 - - [15/Jul/2026 11:53:34] "GET /web/webclient/translations?hash=309395e7b381598b2edc4f4c75a99a6d285ecbd8&lang=en_US HTTP/1.1" 200 - 1 0.001 0.002
2026-07-15 11:53:35,018 49738 INFO oca_module_testing werkzeug: 127.0.0.1 - - [15/Jul/2026 11:53:35] "GET /web/image?model=res.users&field=avatar_128&id=2 HTTP/1.1" 304 - 9 0.006 0.020
2026-07-15 11:53:35,071 49738 INFO oca_module_testing werkzeug: 127.0.0.1 - - [15/Jul/2026 11:53:35] "POST /mail/data HTTP/1.1" 200 - 39 0.022 0.046
2026-07-15 11:53:35,109 49738 INFO oca_module_testing werkzeug: 127.0.0.1 - - [15/Jul/2026 11:53:35] "GET /web/service-worker.js HTTP/1.1" 200 - 1 0.001 0.003
2026-07-15 11:53:35,150 49738 INFO oca_module_testing werkzeug: 127.0.0.1 - - [15/Jul/2026 11:53:35] "GET /bus/websocket_worker_bundle?v=19.0-2 HTTP/1.1" 304 - 3 0.002 0.004
2026-07-15 11:53:35,175 49738 INFO oca_module_testing werkzeug: 127.0.0.1 - - [15/Jul/2026 11:53:35] "GET /websocket?version=19.0-2 HTTP/1.1" 101 - 1 0.001 0.006
2026-07-15 11:53:35,206 49738 INFO oca_module_testing werkzeug: 127.0.0.1 - - [15/Jul/2026 11:53:35] "POST /web/dataset/call_kw/account.move/get_analytix_dashboard_data#account.move.get_analytix_dashboard_data HTTP/1.1" 200 - 29 0.020 0.026
2026-07-15 11:53:35,223 49738 INFO oca_module_testing werkzeug: 127.0.0.1 - - [15/Jul/2026 11:53:35] "POST /web/dataset/call_kw/analytix.document/get_analytix_documents_list#analytix.document.get_analytix_documents_list HTTP/1.1" 200 - 6 0.003 0.009
2026-07-15 11:53:44,181 49738 INFO oca_module_testing werkzeug: 127.0.0.1 - - [15/Jul/2026 11:53:44] "POST /web/action/load HTTP/1.1" 200 - 11 0.005 0.009
2026-07-15 11:53:44,279 49738 INFO oca_module_testing werkzeug: 127.0.0.1 - - [15/Jul/2026 11:53:44] "POST /web/dataset/call_kw/ir.module.module/get_views#ir.module.module.get_views HTTP/1.1" 200 - 44 0.024 0.045
2026-07-15 11:53:44,297 49738 INFO oca_module_testing werkzeug: 127.0.0.1 - - [15/Jul/2026 11:53:44] "POST /web/dataset/call_kw/ir.module.module/search_panel_select_range#ir.module.module.search_panel_select_range HTTP/1.1" 200 - 1 0.001 0.004
2026-07-15 11:53:44,333 49738 INFO oca_module_testing werkzeug: 127.0.0.1 - - [15/Jul/2026 11:53:44] "POST /web/dataset/call_kw/ir.module.module/web_search_read#ir.module.module.web_search_read HTTP/1.1" 200 - 3 0.006 0.026
2026-07-15 11:53:44,343 49738 INFO oca_module_testing werkzeug: 127.0.0.1 - - [15/Jul/2026 11:53:44] "POST /web/dataset/call_kw/ir.module.module/search_panel_select_range#ir.module.module.search_panel_select_range HTTP/1.1" 200 - 53 0.027 0.024
2026-07-15 11:53:44,348 49738 INFO oca_module_testing werkzeug: 127.0.0.1 - - [15/Jul/2026 11:53:44] "POST /web/dataset/call_kw/ir.module.module/check_module_update#ir.module.module.check_module_update HTTP/1.1" 200 - 2 0.002 0.004
2026-07-15 11:53:44,447 49738 INFO oca_module_testing werkzeug: 127.0.0.1 - - [15/Jul/2026 11:53:44] "POST /web/dataset/call_kw/ir.module.module/check_module_update#ir.module.module.check_module_update HTTP/1.1" 200 - 2 0.002 0.003
2026-07-15 11:53:46,053 49738 INFO oca_module_testing werkzeug: 127.0.0.1 - - [15/Jul/2026 11:53:46] "POST /web/dataset/call_kw/ir.module.module/search_panel_select_range#ir.module.module.search_panel_select_range HTTP/1.1" 200 - 50 0.018 0.018
2026-07-15 11:53:46,062 49738 INFO oca_module_testing werkzeug: 127.0.0.1 - - [15/Jul/2026 11:53:46] "POST /web/dataset/call_kw/ir.module.module/web_search_read#ir.module.module.web_search_read HTTP/1.1" 200 - 4 0.006 0.036
2026-07-15 11:53:46,157 49738 INFO oca_module_testing werkzeug: 127.0.0.1 - - [15/Jul/2026 11:53:46] "POST /web/dataset/call_kw/ir.module.module/check_module_update#ir.module.module.check_module_update HTTP/1.1" 200 - 2 0.001 0.003
2026-07-15 11:53:49,716 49738 INFO oca_module_testing werkzeug: 127.0.0.1 - - [15/Jul/2026 11:53:49] "POST /web/dataset/call_kw/ir.module.module/search_panel_select_range#ir.module.module.search_panel_select_range HTTP/1.1" 200 - 50 0.020 0.024
2026-07-15 11:53:49,730 49738 INFO oca_module_testing werkzeug: 127.0.0.1 - - [15/Jul/2026 11:53:49] "POST /web/dataset/call_kw/ir.module.module/web_search_read#ir.module.module.web_search_read HTTP/1.1" 200 - 3 0.004 0.005
2026-07-15 11:53:49,746 49738 INFO oca_module_testing werkzeug: 127.0.0.1 - - [15/Jul/2026 11:53:49] "POST /web/dataset/call_kw/ir.module.module/check_module_update#ir.module.module.check_module_update HTTP/1.1" 200 - 2 0.001 0.003
2026-07-15 11:53:53,095 49738 INFO oca_module_testing odoo.addons.base.models.ir_module: ALLOW access to module.button_immediate_upgrade on ['Analytix 360 Finance Dashboard'] to user admin #2 via 127.0.0.1 
2026-07-15 11:53:53,096 49738 INFO oca_module_testing odoo.addons.base.models.ir_module: ALLOW access to module.button_upgrade on ['Analytix 360 Finance Dashboard'] to user admin #2 via 127.0.0.1 
2026-07-15 11:53:53,096 49738 INFO oca_module_testing odoo.addons.base.models.ir_module: ALLOW access to module.update_list on ['Analytix 360 Finance Dashboard'] to user admin #2 via 127.0.0.1 
2026-07-15 11:53:53,321 49738 WARNING oca_module_testing odoo.modules.module: Missing `author` key in manifest for 'analytix_finance_dashboard', defaulting to '' 
2026-07-15 11:53:54,228 49738 INFO oca_module_testing odoo.addons.base.models.ir_module: ALLOW access to module.button_install on [] to user admin #2 via 127.0.0.1 
2026-07-15 11:53:54,273 49738 INFO oca_module_testing odoo.modules.loading: loading 1 modules... 
2026-07-15 11:53:54,279 49738 INFO oca_module_testing odoo.modules.loading: 1 modules loaded in 0.01s, 0 queries (+0 extra) 
2026-07-15 11:53:54,315 49738 INFO oca_module_testing odoo.modules.loading: updating modules list 
2026-07-15 11:53:54,316 49738 INFO oca_module_testing odoo.addons.base.models.ir_module: ALLOW access to module.update_list on [] to user __system__ #1 via 127.0.0.1 
2026-07-15 11:53:54,521 49738 WARNING oca_module_testing odoo.modules.module: Missing `author` key in manifest for 'analytix_finance_dashboard', defaulting to '' 
2026-07-15 11:53:55,393 49738 INFO oca_module_testing odoo.modules.loading: loading 85 modules... 
2026-07-15 11:53:55,443 49738 INFO oca_module_testing odoo.modules.loading: Loading module analytix_finance_dashboard (77/85) 
2026-07-15 11:53:55,755 49738 INFO oca_module_testing odoo.registry: module analytix_finance_dashboard: creating or updating database tables 
2026-07-15 11:53:55,808 49738 WARNING oca_module_testing odoo.addons.base.models.ir_model: Two fields (sale_lock_date, tax_lock_date) of res.config.settings() have the same label: Hard Lock Date. [Modules: om_fiscal_year and om_fiscal_year] 
2026-07-15 11:53:55,808 49738 WARNING oca_module_testing odoo.addons.base.models.ir_model: Two fields (purchase_lock_date, tax_lock_date) of res.config.settings() have the same label: Hard Lock Date. [Modules: om_fiscal_year and om_fiscal_year] 
2026-07-15 11:53:55,808 49738 WARNING oca_module_testing odoo.addons.base.models.ir_model: Two fields (hard_lock_date, tax_lock_date) of res.config.settings() have the same label: Hard Lock Date. [Modules: om_fiscal_year and om_fiscal_year] 
2026-07-15 11:53:55,884 49738 INFO oca_module_testing odoo.modules.loading: loading analytix_finance_dashboard/security/ir.model.access.csv 
2026-07-15 11:53:55,889 49738 INFO oca_module_testing odoo.modules.loading: loading analytix_finance_dashboard/views/dashboard_action.xml 
2026-07-15 11:53:55,891 49738 INFO oca_module_testing odoo.modules.loading: loading analytix_finance_dashboard/views/menu_views.xml 
2026-07-15 11:53:55,898 49738 INFO oca_module_testing odoo.modules.loading: loading analytix_finance_dashboard/views/set_home_action.xml 
2026-07-15 11:53:55,902 49738 INFO oca_module_testing odoo.modules.loading: loading analytix_finance_dashboard/views/zatca_settings.xml 
2026-07-15 11:53:55,964 49738 INFO oca_module_testing odoo.addons.base.models.ir_module: module analytix_finance_dashboard: no translation for language ar_001 
2026-07-15 11:53:55,973 49738 INFO oca_module_testing odoo.modules.loading: Module analytix_finance_dashboard loaded in 0.53s, 270 queries (+270 other) 
2026-07-15 11:53:55,975 49738 INFO oca_module_testing odoo.modules.loading: 85 modules loaded in 0.58s, 270 queries (+270 extra) 
2026-07-15 11:53:56,259 49738 INFO oca_module_testing odoo.registry: verifying fields for every extended model 
2026-07-15 11:53:56,284 49738 WARNING oca_module_testing odoo.addons.base.models.ir_model: Two fields (sale_lock_date, tax_lock_date) of res.config.settings() have the same label: Hard Lock Date. [Modules: om_fiscal_year and om_fiscal_year] 
2026-07-15 11:53:56,284 49738 WARNING oca_module_testing odoo.addons.base.models.ir_model: Two fields (purchase_lock_date, tax_lock_date) of res.config.settings() have the same label: Hard Lock Date. [Modules: om_fiscal_year and om_fiscal_year] 
2026-07-15 11:53:56,284 49738 WARNING oca_module_testing odoo.addons.base.models.ir_model: Two fields (hard_lock_date, tax_lock_date) of res.config.settings() have the same label: Hard Lock Date. [Modules: om_fiscal_year and om_fiscal_year] 
2026-07-15 11:53:56,643 49738 INFO oca_module_testing odoo.modules.loading: Modules loaded. 
2026-07-15 11:53:56,658 49738 INFO oca_module_testing odoo.registry: Registry changed, signaling through the database 
2026-07-15 11:53:56,660 49738 INFO oca_module_testing odoo.registry: Registry loaded in 2.401s 
2026-07-15 11:53:56,660 49738 INFO oca_module_testing odoo.addons.base.models.ir_module: getting next ir.actions.todo() 
2026-07-15 11:53:56,672 49738 INFO oca_module_testing werkzeug: 127.0.0.1 - - [15/Jul/2026 11:53:56] "POST /web/dataset/call_button/ir.module.module/button_immediate_upgrade#ir.module.module.button_immediate_upgrade HTTP/1.1" 200 - 4888 1.608 1.974
2026-07-15 11:53:56,684 49738 INFO oca_module_testing odoo.addons.base.models.ir_http: Generating routing map for key None 
2026-07-15 11:53:56,954 49738 INFO oca_module_testing werkzeug: 127.0.0.1 - - [15/Jul/2026 11:53:56] "GET /odoo HTTP/1.1" 200 - 78 0.021 0.250
2026-07-15 11:53:57,011 49738 INFO oca_module_testing werkzeug: 127.0.0.1 - - [15/Jul/2026 11:53:57] "GET /web/webclient/load_menus HTTP/1.1" 200 - 13 0.008 0.026
2026-07-15 11:53:57,430 49738 INFO oca_module_testing werkzeug: 127.0.0.1 - - [15/Jul/2026 11:53:57] "GET /web/webclient/translations?hash=&lang=en_US HTTP/1.1" 200 - 2 0.001 0.003
2026-07-15 11:53:57,545 49738 INFO oca_module_testing werkzeug: 127.0.0.1 - - [15/Jul/2026 11:53:57] "POST /web/action/load HTTP/1.1" 200 - 7 0.005 0.015
2026-07-15 11:53:57,546 49738 INFO oca_module_testing werkzeug: 127.0.0.1 - - [15/Jul/2026 11:53:57] "GET /bus/websocket_worker_bundle?v=19.0-2 HTTP/1.1" 304 - 4 0.004 0.010
2026-07-15 11:53:57,553 49738 INFO oca_module_testing werkzeug: 127.0.0.1 - - [15/Jul/2026 11:53:57] "GET /web/image?model=res.users&field=avatar_128&id=2 HTTP/1.1" 304 - 16 0.014 0.013
2026-07-15 11:53:57,558 49738 INFO oca_module_testing werkzeug: 127.0.0.1 - - [15/Jul/2026 11:53:57] "GET /websocket?version=19.0-2 HTTP/1.1" 101 - 1 0.001 0.003
2026-07-15 11:53:57,614 49738 INFO oca_module_testing werkzeug: 127.0.0.1 - - [15/Jul/2026 11:53:57] "POST /mail/data HTTP/1.1" 200 - 63 0.037 0.048
2026-07-15 11:53:57,672 49738 INFO oca_module_testing werkzeug: 127.0.0.1 - - [15/Jul/2026 11:53:57] "POST /web/dataset/call_kw/account.move/get_analytix_dashboard_data#account.move.get_analytix_dashboard_data HTTP/1.1" 200 - 29 0.008 0.013
2026-07-15 11:53:57,992 49738 INFO oca_module_testing werkzeug: 127.0.0.1 - - [15/Jul/2026 11:53:57] "GET /web/service-worker.js HTTP/1.1" 200 - 1 0.000 0.002
2026-07-15 11:54:01,377 49738 INFO oca_module_testing werkzeug: 127.0.0.1 - - [15/Jul/2026 11:54:01] "POST /web/dataset/call_kw/analytix.document/get_analytix_documents_list#analytix.document.get_analytix_documents_list HTTP/1.1" 200 - 11 0.007 0.012
2026-07-15 11:54:15,541 49738 WARNING 19_theme_setting odoo.addons.base.models.ir_cron: Skipping database 19_theme_setting as its base version is not 19.0.1.3. 
2026-07-15 11:54:15,545 49738 WARNING manas odoo.addons.base.models.ir_cron: Skipping database manas as its base version is not 19.0.1.3. 
2026-07-15 11:54:15,549 49738 WARNING odoo_19_test_try odoo.addons.base.models.ir_cron: Skipping database odoo_19_test_try as its base version is not 19.0.1.3. 
2026-07-15 11:54:15,551 49738 WARNING theme_test odoo.addons.base.models.ir_cron: Skipping database theme_test as its base version is not 19.0.1.3. 
2026-07-15 11:54:16,607 49738 ERROR oca_module_testing odoo.http: Exception during request handling. 
Traceback (most recent call last):
  File "/home/amalraj/odoo19_new/odoo-19.0/odoo/http.py", line 2829, in __call__
    response = request._serve_db()
               ^^^^^^^^^^^^^^^^^^^
  File "/home/amalraj/odoo19_new/odoo-19.0/odoo/http.py", line 2304, in _serve_db
    raise self._update_served_exception(exc)
  File "/home/amalraj/odoo19_new/odoo-19.0/odoo/http.py", line 2302, in _serve_db
    return service_model.retrying(serve_func, env=self.env)
           ^^^^^^^^^^^^^^^^^^^^^^^^^^^^^^^^^^^^^^^^^^^^^^^^
  File "/home/amalraj/odoo19_new/odoo-19.0/odoo/service/model.py", line 188, in retrying
    result = func()
             ^^^^^^
  File "/home/amalraj/odoo19_new/odoo-19.0/odoo/http.py", line 2357, in _serve_ir_http
    response = self.dispatcher.dispatch(rule.endpoint, args)
               ^^^^^^^^^^^^^^^^^^^^^^^^^^^^^^^^^^^^^^^^^^^^^
  File "/home/amalraj/odoo19_new/odoo-19.0/odoo/http.py", line 2572, in dispatch
    result = self.request.registry['ir.http']._dispatch(endpoint)
             ^^^^^^^^^^^^^^^^^^^^^^^^^^^^^^^^^^^^^^^^^^^^^^^^^^^^
  File "/home/amalraj/odoo19_new/odoo-19.0/odoo/addons/base/models/ir_http.py", line 355, in _dispatch
    result = endpoint(**request.params)
             ^^^^^^^^^^^^^^^^^^^^^^^^^^
  File "/home/amalraj/odoo19_new/odoo-19.0/odoo/http.py", line 811, in route_wrapper
    result = endpoint(self, *args, **params_ok)
             ^^^^^^^^^^^^^^^^^^^^^^^^^^^^^^^^^^
  File "/home/amalraj/odoo19_new/odoo-19.0/addons/web/controllers/dataset.py", line 32, in call_kw
    return call_kw(request.env[model], method, args, kwargs)
           ^^^^^^^^^^^^^^^^^^^^^^^^^^^^^^^^^^^^^^^^^^^^^^^^^
  File "/home/amalraj/odoo19_new/odoo-19.0/odoo/service/model.py", line 97, in call_kw
    result = method(recs, *args, **kwargs)
             ^^^^^^^^^^^^^^^^^^^^^^^^^^^^^
  File "/home/amalraj/odoo19_new/odoo-19.0/custom/analytix_finance_dashboard/models/analytix_document.py", line 77, in save_analytix_document
    'mimetype':     doc.mimetype or '',
  File "/home/amalraj/odoo19_new/odoo-19.0/odoo/orm/decorators.py", line 365, in create
    return method(self, vals_list)
           ^^^^^^^^^^^^^^^^^^^^^^^
  File "/home/amalraj/odoo19_new/odoo-19.0/odoo/orm/models.py", line 4709, in create
    records = self._create(data_list)
              ^^^^^^^^^^^^^^^^^^^^^^^
  File "/home/amalraj/odoo19_new/odoo-19.0/odoo/orm/models.py", line 4868, in _create
    row.append(field.convert_to_column_insert(stored[fname], self, stored))
               ^^^^^^^^^^^^^^^^^^^^^^^^^^^^^^^^^^^^^^^^^^^^^^^^^^^^^^^^^^^
  File "/home/amalraj/odoo19_new/odoo-19.0/odoo/orm/fields.py", line 1002, in convert_to_column_insert
    value = self.convert_to_column(value, record, values, validate)
            ^^^^^^^^^^^^^^^^^^^^^^^^^^^^^^^^^^^^^^^^^^^^^^^^^^^^^^^
  File "/home/amalraj/odoo19_new/odoo-19.0/odoo/orm/fields_selection.py", line 225, in convert_to_column
    value = self.convert_to_cache(value, record)
            ^^^^^^^^^^^^^^^^^^^^^^^^^^^^^^^^^^^^
  File "/home/amalraj/odoo19_new/odoo-19.0/odoo/orm/fields_selection.py", line 235, in convert_to_cache
    raise ValueError("Wrong value for %s: %r" % (self, value))
ValueError: Wrong value for analytix.document.doc_type: 'receipt_voucher'
2026-07-15 11:54:16,609 49738 INFO oca_module_testing werkzeug: 127.0.0.1 - - [15/Jul/2026 11:54:16] "POST /web/dataset/call_kw/analytix.document/save_analytix_document#analytix.document.save_analytix_document HTTP/1.1" 200 - 4 0.003 0.007
2026-07-15 11:54:30,052 49738 WARNING 19_theme_setting odoo.addons.base.models.ir_cron: Skipping database 19_theme_setting as its base version is not 19.0.1.3. 
2026-07-15 11:54:30,058 49738 WARNING manas odoo.addons.base.models.ir_cron: Skipping database manas as its base version is not 19.0.1.3. 
2026-07-15 11:54:30,065 49738 WARNING odoo_19_test_try odoo.addons.base.models.ir_cron: Skipping database odoo_19_test_try as its base version is not 19.0.1.3. 
2026-07-15 11:54:30,069 49738 WARNING theme_test odoo.addons.base.models.ir_cron: Skipping database theme_test as its base version is not 19.0.1.3. 
2026-07-15 11:54:44,899 49738 ERROR oca_module_testing odoo.http: Exception during request handling. 
Traceback (most recent call last):
  File "/home/amalraj/odoo19_new/odoo-19.0/odoo/http.py", line 2829, in __call__
    response = request._serve_db()
               ^^^^^^^^^^^^^^^^^^^
  File "/home/amalraj/odoo19_new/odoo-19.0/odoo/http.py", line 2304, in _serve_db
    raise self._update_served_exception(exc)
  File "/home/amalraj/odoo19_new/odoo-19.0/odoo/http.py", line 2302, in _serve_db
    return service_model.retrying(serve_func, env=self.env)
           ^^^^^^^^^^^^^^^^^^^^^^^^^^^^^^^^^^^^^^^^^^^^^^^^
  File "/home/amalraj/odoo19_new/odoo-19.0/odoo/service/model.py", line 188, in retrying
    result = func()
             ^^^^^^
  File "/home/amalraj/odoo19_new/odoo-19.0/odoo/http.py", line 2357, in _serve_ir_http
    response = self.dispatcher.dispatch(rule.endpoint, args)
               ^^^^^^^^^^^^^^^^^^^^^^^^^^^^^^^^^^^^^^^^^^^^^
  File "/home/amalraj/odoo19_new/odoo-19.0/odoo/http.py", line 2572, in dispatch
    result = self.request.registry['ir.http']._dispatch(endpoint)
             ^^^^^^^^^^^^^^^^^^^^^^^^^^^^^^^^^^^^^^^^^^^^^^^^^^^^
  File "/home/amalraj/odoo19_new/odoo-19.0/odoo/addons/base/models/ir_http.py", line 355, in _dispatch
    result = endpoint(**request.params)
             ^^^^^^^^^^^^^^^^^^^^^^^^^^
  File "/home/amalraj/odoo19_new/odoo-19.0/odoo/http.py", line 811, in route_wrapper
    result = endpoint(self, *args, **params_ok)
             ^^^^^^^^^^^^^^^^^^^^^^^^^^^^^^^^^^
  File "/home/amalraj/odoo19_new/odoo-19.0/addons/web/controllers/dataset.py", line 32, in call_kw
    return call_kw(request.env[model], method, args, kwargs)
           ^^^^^^^^^^^^^^^^^^^^^^^^^^^^^^^^^^^^^^^^^^^^^^^^^
  File "/home/amalraj/odoo19_new/odoo-19.0/odoo/service/model.py", line 97, in call_kw
    result = method(recs, *args, **kwargs)
             ^^^^^^^^^^^^^^^^^^^^^^^^^^^^^
  File "/home/amalraj/odoo19_new/odoo-19.0/custom/analytix_finance_dashboard/models/analytix_document.py", line 77, in save_analytix_document
    'mimetype':     doc.mimetype or '',
  File "/home/amalraj/odoo19_new/odoo-19.0/odoo/orm/decorators.py", line 365, in create
    return method(self, vals_list)
           ^^^^^^^^^^^^^^^^^^^^^^^
  File "/home/amalraj/odoo19_new/odoo-19.0/odoo/orm/models.py", line 4709, in create
    records = self._create(data_list)
              ^^^^^^^^^^^^^^^^^^^^^^^
  File "/home/amalraj/odoo19_new/odoo-19.0/odoo/orm/models.py", line 4868, in _create
    row.append(field.convert_to_column_insert(stored[fname], self, stored))
               ^^^^^^^^^^^^^^^^^^^^^^^^^^^^^^^^^^^^^^^^^^^^^^^^^^^^^^^^^^^
  File "/home/amalraj/odoo19_new/odoo-19.0/odoo/orm/fields.py", line 1002, in convert_to_column_insert
    value = self.convert_to_column(value, record, values, validate)
            ^^^^^^^^^^^^^^^^^^^^^^^^^^^^^^^^^^^^^^^^^^^^^^^^^^^^^^^
  File "/home/amalraj/odoo19_new/odoo-19.0/odoo/orm/fields_selection.py", line 225, in convert_to_column
    value = self.convert_to_cache(value, record)
            ^^^^^^^^^^^^^^^^^^^^^^^^^^^^^^^^^^^^
  File "/home/amalraj/odoo19_new/odoo-19.0/odoo/orm/fields_selection.py", line 235, in convert_to_cache
    raise ValueError("Wrong value for %s: %r" % (self, value))
ValueError: Wrong value for analytix.document.doc_type: 'receipt_voucher'
2026-07-15 11:54:44,900 49738 INFO oca_module_testing werkzeug: 127.0.0.1 - - [15/Jul/2026 11:54:44] "POST /web/dataset/call_kw/analytix.document/save_analytix_document#analytix.document.save_analytix_document HTTP/1.1" 200 - 2 0.001 0.006
2026-07-15 11:54:50,323 49738 ERROR oca_module_testing odoo.http: Exception during request handling. 
Traceback (most recent call last):
  File "/home/amalraj/odoo19_new/odoo-19.0/odoo/http.py", line 2829, in __call__
    response = request._serve_db()
               ^^^^^^^^^^^^^^^^^^^
  File "/home/amalraj/odoo19_new/odoo-19.0/odoo/http.py", line 2304, in _serve_db
    raise self._update_served_exception(exc)
  File "/home/amalraj/odoo19_new/odoo-19.0/odoo/http.py", line 2302, in _serve_db
    return service_model.retrying(serve_func, env=self.env)
           ^^^^^^^^^^^^^^^^^^^^^^^^^^^^^^^^^^^^^^^^^^^^^^^^
  File "/home/amalraj/odoo19_new/odoo-19.0/odoo/service/model.py", line 188, in retrying
    result = func()
             ^^^^^^
  File "/home/amalraj/odoo19_new/odoo-19.0/odoo/http.py", line 2357, in _serve_ir_http
    response = self.dispatcher.dispatch(rule.endpoint, args)
               ^^^^^^^^^^^^^^^^^^^^^^^^^^^^^^^^^^^^^^^^^^^^^
  File "/home/amalraj/odoo19_new/odoo-19.0/odoo/http.py", line 2572, in dispatch
    result = self.request.registry['ir.http']._dispatch(endpoint)
             ^^^^^^^^^^^^^^^^^^^^^^^^^^^^^^^^^^^^^^^^^^^^^^^^^^^^
  File "/home/amalraj/odoo19_new/odoo-19.0/odoo/addons/base/models/ir_http.py", line 355, in _dispatch
    result = endpoint(**request.params)
             ^^^^^^^^^^^^^^^^^^^^^^^^^^
  File "/home/amalraj/odoo19_new/odoo-19.0/odoo/http.py", line 811, in route_wrapper
    result = endpoint(self, *args, **params_ok)
             ^^^^^^^^^^^^^^^^^^^^^^^^^^^^^^^^^^
  File "/home/amalraj/odoo19_new/odoo-19.0/addons/web/controllers/dataset.py", line 32, in call_kw
    return call_kw(request.env[model], method, args, kwargs)
           ^^^^^^^^^^^^^^^^^^^^^^^^^^^^^^^^^^^^^^^^^^^^^^^^^
  File "/home/amalraj/odoo19_new/odoo-19.0/odoo/service/model.py", line 97, in call_kw
    result = method(recs, *args, **kwargs)
             ^^^^^^^^^^^^^^^^^^^^^^^^^^^^^
  File "/home/amalraj/odoo19_new/odoo-19.0/custom/analytix_finance_dashboard/models/analytix_document.py", line 77, in save_analytix_document
    'mimetype':     doc.mimetype or '',
  File "/home/amalraj/odoo19_new/odoo-19.0/odoo/orm/decorators.py", line 365, in create
    return method(self, vals_list)
           ^^^^^^^^^^^^^^^^^^^^^^^
  File "/home/amalraj/odoo19_new/odoo-19.0/odoo/orm/models.py", line 4709, in create
    records = self._create(data_list)
              ^^^^^^^^^^^^^^^^^^^^^^^
  File "/home/amalraj/odoo19_new/odoo-19.0/odoo/orm/models.py", line 4868, in _create
    row.append(field.convert_to_column_insert(stored[fname], self, stored))
               ^^^^^^^^^^^^^^^^^^^^^^^^^^^^^^^^^^^^^^^^^^^^^^^^^^^^^^^^^^^
  File "/home/amalraj/odoo19_new/odoo-19.0/odoo/orm/fields.py", line 1002, in convert_to_column_insert
    value = self.convert_to_column(value, record, values, validate)
            ^^^^^^^^^^^^^^^^^^^^^^^^^^^^^^^^^^^^^^^^^^^^^^^^^^^^^^^
  File "/home/amalraj/odoo19_new/odoo-19.0/odoo/orm/fields_selection.py", line 225, in convert_to_column
    value = self.convert_to_cache(value, record)
            ^^^^^^^^^^^^^^^^^^^^^^^^^^^^^^^^^^^^
  File "/home/amalraj/odoo19_new/odoo-19.0/odoo/orm/fields_selection.py", line 235, in convert_to_cache
    raise ValueError("Wrong value for %s: %r" % (self, value))
ValueError: Wrong value for analytix.document.doc_type: 'receipt_voucher'
2026-07-15 11:54:50,325 49738 INFO oca_module_testing werkzeug: 127.0.0.1 - - [15/Jul/2026 11:54:50] "POST /web/dataset/call_kw/analytix.document/save_analytix_document#analytix.document.save_analytix_document HTTP/1.1" 200 - 2 0.001 0.005
2026-07-15 11:55:15,574 49738 INFO oca_module_testing werkzeug: 127.0.0.1 - - [15/Jul/2026 11:55:15] "POST /web/dataset/call_kw/account.move/get_analytix_invoices_data#account.move.get_analytix_invoices_data HTTP/1.1" 200 - 7 0.006 0.012
2026-07-15 11:55:15,632 49738 WARNING 19_theme_setting odoo.addons.base.models.ir_cron: Skipping database 19_theme_setting as its base version is not 19.0.1.3. 
2026-07-15 11:55:15,637 49738 WARNING manas odoo.addons.base.models.ir_cron: Skipping database manas as its base version is not 19.0.1.3. 
2026-07-15 11:55:15,644 49738 INFO oca_module_testing odoo.addons.base.models.ir_cron: Job 'Base: Auto-vacuum internal data' (1) starting 
2026-07-15 11:55:16,039 49738 INFO oca_module_testing odoo.addons.api_doc.models.ir_attachment: GC'd 0 /doc cached index 
2026-07-15 11:55:16,069 49738 INFO oca_module_testing odoo.addons.base.models.res_device: GC device logs delete 0 entries 
2026-07-15 11:55:16,099 49738 INFO oca_module_testing odoo.addons.base.models.ir_attachment: filestore gc 0 checked, 0 removed 
2026-07-15 11:55:16,195 49738 INFO oca_module_testing odoo.addons.sms.models.sms_sms: GC'd 0 sms marked for deletion 
2026-07-15 11:55:16,367 49738 INFO oca_module_testing odoo.addons.base.models.res_users: GC 'auth_totp.device' delete 0 entries 
2026-07-15 11:55:16,370 49738 INFO oca_module_testing odoo.addons.base.models.res_device: GC device logs delete 0 entries 
2026-07-15 11:55:16,398 49738 INFO oca_module_testing odoo.addons.base.models.res_users: GC 'res.users.apikeys' delete 0 entries 
2026-07-15 11:55:16,473 49738 INFO oca_module_testing odoo.addons.base.models.res_users: GC'd 0 user log entries 
2026-07-15 11:55:16,581 49738 INFO oca_module_testing odoo.addons.base.models.ir_cron: Job 'Base: Auto-vacuum internal data' (1) fully done (#loop 1; done 129; remaining 0; duration 0.94s) 
2026-07-15 11:55:16,586 49738 WARNING odoo_19_test_try odoo.addons.base.models.ir_cron: Skipping database odoo_19_test_try as its base version is not 19.0.1.3. 
2026-07-15 11:55:16,589 49738 WARNING theme_test odoo.addons.base.models.ir_cron: Skipping database theme_test as its base version is not 19.0.1.3. 
2026-07-15 11:55:17,778 49738 INFO oca_module_testing werkzeug: 127.0.0.1 - - [15/Jul/2026 11:55:17] "POST /web/dataset/call_kw/account.move/get_views#account.move.get_views HTTP/1.1" 200 - 74 0.061 0.457
2026-07-15 11:55:18,060 49738 INFO oca_module_testing werkzeug: 127.0.0.1 - - [15/Jul/2026 11:55:18] "POST /web/dataset/call_kw/account.move/web_read#account.move.web_read HTTP/1.1" 200 - 92 0.089 0.108
2026-07-15 11:55:18,340 49738 INFO oca_module_testing werkzeug: 127.0.0.1 - - [15/Jul/2026 11:55:18] "POST /web/dataset/call_kw/ir.http/lazy_session_info#ir.http.lazy_session_info HTTP/1.1" 200 - 2 0.004 0.013
2026-07-15 11:55:18,656 49738 INFO oca_module_testing werkzeug: 127.0.0.1 - - [15/Jul/2026 11:55:18] "POST /mail/thread/messages HTTP/1.1" 200 - 28 0.027 0.018
2026-07-15 11:55:18,675 49738 INFO oca_module_testing werkzeug: 127.0.0.1 - - [15/Jul/2026 11:55:18] "POST /mail/data HTTP/1.1" 200 - 51 0.035 0.032
2026-07-15 11:55:18,699 49738 INFO oca_module_testing werkzeug: 127.0.0.1 - - [15/Jul/2026 11:55:18] "GET /web/bundle/web.assets_emoji?lang=en_US&debug=1 HTTP/1.1" 200 - 2 0.001 0.004
2026-07-15 11:55:18,753 49738 INFO oca_module_testing werkzeug: 127.0.0.1 - - [15/Jul/2026 11:55:18] "GET /web/image/res.partner/3/avatar_128?unique=1784027732000 HTTP/1.1" 200 - 9 0.004 0.012
2026-07-15 11:55:20,369 49738 INFO oca_module_testing werkzeug: 127.0.0.1 - - [15/Jul/2026 11:55:20] "POST /web/dataset/call_kw/ir.actions.report/get_valid_action_reports#ir.actions.report.get_valid_action_reports HTTP/1.1" 200 - 4 0.007 0.009
2026-07-15 11:55:20,385 49738 INFO oca_module_testing werkzeug: 127.0.0.1 - - [15/Jul/2026 11:55:20] "POST /web/dataset/call_kw/account.move/get_extra_print_items#account.move.get_extra_print_items HTTP/1.1" 200 - 9 0.015 0.016
2026-07-15 11:55:31,143 49738 WARNING 19_theme_setting odoo.addons.base.models.ir_cron: Skipping database 19_theme_setting as its base version is not 19.0.1.3. 
2026-07-15 11:55:31,151 49738 WARNING manas odoo.addons.base.models.ir_cron: Skipping database manas as its base version is not 19.0.1.3. 
2026-07-15 11:55:31,156 49738 WARNING odoo_19_test_try odoo.addons.base.models.ir_cron: Skipping database odoo_19_test_try as its base version is not 19.0.1.3. 
2026-07-15 11:55:31,159 49738 WARNING theme_test odoo.addons.base.models.ir_cron: Skipping database theme_test as its base version is not 19.0.1.3. 
2026-07-15 11:56:16,659 49738 WARNING 19_theme_setting odoo.addons.base.models.ir_cron: Skipping database 19_theme_setting as its base version is not 19.0.1.3. 
2026-07-15 11:56:16,664 49738 WARNING manas odoo.addons.base.models.ir_cron: Skipping database manas as its base version is not 19.0.1.3. 
2026-07-15 11:56:16,667 49738 WARNING odoo_19_test_try odoo.addons.base.models.ir_cron: Skipping database odoo_19_test_try as its base version is not 19.0.1.3. 
2026-07-15 11:56:16,669 49738 WARNING theme_test odoo.addons.base.models.ir_cron: Skipping database theme_test as its base version is not 19.0.1.3. 
2026-07-15 11:56:32,250 49738 WARNING 19_theme_setting odoo.addons.base.models.ir_cron: Skipping database 19_theme_setting as its base version is not 19.0.1.3. 
2026-07-15 11:56:32,257 49738 WARNING manas odoo.addons.base.models.ir_cron: Skipping database manas as its base version is not 19.0.1.3. 
2026-07-15 11:56:32,262 49738 WARNING odoo_19_test_try odoo.addons.base.models.ir_cron: Skipping database odoo_19_test_try as its base version is not 19.0.1.3. 
2026-07-15 11:56:32,266 49738 WARNING theme_test odoo.addons.base.models.ir_cron: Skipping database theme_test as its base version is not 19.0.1.3. 
2026-07-15 11:57:16,700 49738 WARNING 19_theme_setting odoo.addons.base.models.ir_cron: Skipping database 19_theme_setting as its base version is not 19.0.1.3. 
2026-07-15 11:57:16,707 49738 WARNING manas odoo.addons.base.models.ir_cron: Skipping database manas as its base version is not 19.0.1.3. 
2026-07-15 11:57:16,713 49738 WARNING odoo_19_test_try odoo.addons.base.models.ir_cron: Skipping database odoo_19_test_try as its base version is not 19.0.1.3. 
2026-07-15 11:57:16,719 49738 INFO tezzzzzzzzzzzzzzzzzzzzz odoo.addons.base.models.ir_cron: Job 'Notification: Notify scheduled messages' (8) starting 
2026-07-15 11:57:16,759 49738 INFO tezzzzzzzzzzzzzzzzzzzzz odoo.addons.base.models.ir_cron: Job 'Notification: Notify scheduled messages' (8) fully done (#loop 1; done 0; remaining 0; duration 0.04s) 
2026-07-15 11:57:16,776 49738 INFO tezzzzzzzzzzzzzzzzzzzzz odoo.addons.base.models.ir_cron: Job 'Mail: Email Queue Manager' (3) starting 
2026-07-15 11:57:16,793 49738 INFO tezzzzzzzzzzzzzzzzzzzzz odoo.addons.base.models.ir_cron: Job 'Mail: Email Queue Manager' (3) fully done (#loop 1; done 0; remaining 0; duration 0.02s) 
2026-07-15 11:57:16,797 49738 WARNING theme_test odoo.addons.base.models.ir_cron: Skipping database theme_test as its base version is not 19.0.1.3. 
2026-07-15 11:57:33,358 49738 WARNING 19_theme_setting odoo.addons.base.models.ir_cron: Skipping database 19_theme_setting as its base version is not 19.0.1.3. 
2026-07-15 11:57:33,365 49738 WARNING manas odoo.addons.base.models.ir_cron: Skipping database manas as its base version is not 19.0.1.3. 
2026-07-15 11:57:33,371 49738 WARNING odoo_19_test_try odoo.addons.base.models.ir_cron: Skipping database odoo_19_test_try as its base version is not 19.0.1.3. 
2026-07-15 11:57:33,376 49738 INFO tezzzzzzzzzzzzzzzzzzzzz odoo.addons.base.models.ir_cron: Job 'Payment: Post-process transactions' (15) starting 
2026-07-15 11:57:33,391 49738 INFO tezzzzzzzzzzzzzzzzzzzzz odoo.addons.base.models.ir_cron: Job 'Payment: Post-process transactions' (15) fully done (#loop 1; done 0; remaining 0; duration 0.02s) 
2026-07-15 11:57:33,398 49738 WARNING theme_test odoo.addons.base.models.ir_cron: Skipping database theme_test as its base version is not 19.0.1.3. 
2026-07-15 11:58:16,878 49738 WARNING 19_theme_setting odoo.addons.base.models.ir_cron: Skipping database 19_theme_setting as its base version is not 19.0.1.3. 
2026-07-15 11:58:16,884 49738 WARNING manas odoo.addons.base.models.ir_cron: Skipping database manas as its base version is not 19.0.1.3. 
2026-07-15 11:58:16,889 49738 WARNING odoo_19_test_try odoo.addons.base.models.ir_cron: Skipping database odoo_19_test_try as its base version is not 19.0.1.3. 
2026-07-15 11:58:16,892 49738 WARNING theme_test odoo.addons.base.models.ir_cron: Skipping database theme_test as its base version is not 19.0.1.3. 
2026-07-15 11:58:34,492 49738 WARNING 19_theme_setting odoo.addons.base.models.ir_cron: Skipping database 19_theme_setting as its base version is not 19.0.1.3. 
2026-07-15 11:58:34,499 49738 WARNING manas odoo.addons.base.models.ir_cron: Skipping database manas as its base version is not 19.0.1.3. 
2026-07-15 11:58:34,504 49738 WARNING odoo_19_test_try odoo.addons.base.models.ir_cron: Skipping database odoo_19_test_try as its base version is not 19.0.1.3. 
2026-07-15 11:58:34,508 49738 WARNING theme_test odoo.addons.base.models.ir_cron: Skipping database theme_test as its base version is not 19.0.1.3. 
2026-07-15 11:59:16,968 49738 WARNING 19_theme_setting odoo.addons.base.models.ir_cron: Skipping database 19_theme_setting as its base version is not 19.0.1.3. 
2026-07-15 11:59:16,974 49738 WARNING manas odoo.addons.base.models.ir_cron: Skipping database manas as its base version is not 19.0.1.3. 
2026-07-15 11:59:16,980 49738 WARNING odoo_19_test_try odoo.addons.base.models.ir_cron: Skipping database odoo_19_test_try as its base version is not 19.0.1.3. 
2026-07-15 11:59:16,984 49738 WARNING theme_test odoo.addons.base.models.ir_cron: Skipping database theme_test as its base version is not 19.0.1.3. 
2026-07-15 11:59:35,601 49738 WARNING 19_theme_setting odoo.addons.base.models.ir_cron: Skipping database 19_theme_setting as its base version is not 19.0.1.3. 
2026-07-15 11:59:35,609 49738 WARNING manas odoo.addons.base.models.ir_cron: Skipping database manas as its base version is not 19.0.1.3. 
2026-07-15 11:59:35,614 49738 WARNING odoo_19_test_try odoo.addons.base.models.ir_cron: Skipping database odoo_19_test_try as its base version is not 19.0.1.3. 
2026-07-15 11:59:35,617 49738 WARNING theme_test odoo.addons.base.models.ir_cron: Skipping database theme_test as its base version is not 19.0.1.3. 
2026-07-15 12:00:17,033 49738 WARNING 19_theme_setting odoo.addons.base.models.ir_cron: Skipping database 19_theme_setting as its base version is not 19.0.1.3. 
2026-07-15 12:00:17,040 49738 WARNING manas odoo.addons.base.models.ir_cron: Skipping database manas as its base version is not 19.0.1.3. 
2026-07-15 12:00:17,044 49738 WARNING odoo_19_test_try odoo.addons.base.models.ir_cron: Skipping database odoo_19_test_try as its base version is not 19.0.1.3. 
2026-07-15 12:00:17,048 49738 WARNING theme_test odoo.addons.base.models.ir_cron: Skipping database theme_test as its base version is not 19.0.1.3. 
2026-07-15 12:00:36,710 49738 WARNING 19_theme_setting odoo.addons.base.models.ir_cron: Skipping database 19_theme_setting as its base version is not 19.0.1.3. 
2026-07-15 12:00:36,717 49738 WARNING manas odoo.addons.base.models.ir_cron: Skipping database manas as its base version is not 19.0.1.3. 
2026-07-15 12:00:36,722 49738 WARNING odoo_19_test_try odoo.addons.base.models.ir_cron: Skipping database odoo_19_test_try as its base version is not 19.0.1.3. 
2026-07-15 12:00:36,725 49738 WARNING theme_test odoo.addons.base.models.ir_cron: Skipping database theme_test as its base version is not 19.0.1.3. 
2026-07-15 12:01:17,129 49738 WARNING 19_theme_setting odoo.addons.base.models.ir_cron: Skipping database 19_theme_setting as its base version is not 19.0.1.3. 
2026-07-15 12:01:17,135 49738 WARNING manas odoo.addons.base.models.ir_cron: Skipping database manas as its base version is not 19.0.1.3. 
2026-07-15 12:01:17,142 49738 WARNING odoo_19_test_try odoo.addons.base.models.ir_cron: Skipping database odoo_19_test_try as its base version is not 19.0.1.3. 
2026-07-15 12:01:17,146 49738 WARNING theme_test odoo.addons.base.models.ir_cron: Skipping database theme_test as its base version is not 19.0.1.3. 
2026-07-15 12:01:37,819 49738 WARNING 19_theme_setting odoo.addons.base.models.ir_cron: Skipping database 19_theme_setting as its base version is not 19.0.1.3. 
2026-07-15 12:01:37,825 49738 WARNING manas odoo.addons.base.models.ir_cron: Skipping database manas as its base version is not 19.0.1.3. 
2026-07-15 12:01:37,831 49738 WARNING odoo_19_test_try odoo.addons.base.models.ir_cron: Skipping database odoo_19_test_try as its base version is not 19.0.1.3. 
2026-07-15 12:01:37,834 49738 WARNING theme_test odoo.addons.base.models.ir_cron: Skipping database theme_test as its base version is not 19.0.1.3. 
2026-07-15 12:02:17,226 49738 WARNING 19_theme_setting odoo.addons.base.models.ir_cron: Skipping database 19_theme_setting as its base version is not 19.0.1.3. 
2026-07-15 12:02:17,233 49738 WARNING manas odoo.addons.base.models.ir_cron: Skipping database manas as its base version is not 19.0.1.3. 
2026-07-15 12:02:17,264 49738 INFO odoo19_demo odoo.addons.base.models.ir_cron: Job 'Notification: Notify scheduled messages' (8) starting 
2026-07-15 12:02:17,301 49738 INFO odoo19_demo odoo.addons.base.models.ir_cron: Job 'Notification: Notify scheduled messages' (8) fully done (#loop 1; done 0; remaining 0; duration 0.04s) 
2026-07-15 12:02:17,312 49738 INFO odoo19_demo odoo.addons.base.models.ir_cron: Job 'Mail: Email Queue Manager' (3) starting 
2026-07-15 12:02:17,329 49738 INFO odoo19_demo odoo.addons.base.models.ir_cron: Job 'Mail: Email Queue Manager' (3) fully done (#loop 1; done 0; remaining 0; duration 0.02s) 
2026-07-15 12:02:17,332 49738 WARNING odoo_19_test_try odoo.addons.base.models.ir_cron: Skipping database odoo_19_test_try as its base version is not 19.0.1.3. 
2026-07-15 12:02:17,336 49738 WARNING theme_test odoo.addons.base.models.ir_cron: Skipping database theme_test as its base version is not 19.0.1.3. 
2026-07-15 12:02:38,928 49738 WARNING 19_theme_setting odoo.addons.base.models.ir_cron: Skipping database 19_theme_setting as its base version is not 19.0.1.3. 
2026-07-15 12:02:38,934 49738 WARNING manas odoo.addons.base.models.ir_cron: Skipping database manas as its base version is not 19.0.1.3. 
2026-07-15 12:02:38,940 49738 WARNING odoo_19_test_try odoo.addons.base.models.ir_cron: Skipping database odoo_19_test_try as its base version is not 19.0.1.3. 
2026-07-15 12:02:38,943 49738 WARNING theme_test odoo.addons.base.models.ir_cron: Skipping database theme_test as its base version is not 19.0.1.3. 
2026-07-15 12:03:17,393 49738 WARNING 19_theme_setting odoo.addons.base.models.ir_cron: Skipping database 19_theme_setting as its base version is not 19.0.1.3. 
2026-07-15 12:03:17,399 49738 WARNING manas odoo.addons.base.models.ir_cron: Skipping database manas as its base version is not 19.0.1.3. 
2026-07-15 12:03:17,404 49738 WARNING odoo_19_test_try odoo.addons.base.models.ir_cron: Skipping database odoo_19_test_try as its base version is not 19.0.1.3. 
2026-07-15 12:03:17,407 49738 WARNING theme_test odoo.addons.base.models.ir_cron: Skipping database theme_test as its base version is not 19.0.1.3. 
2026-07-15 12:03:40,034 49738 WARNING 19_theme_setting odoo.addons.base.models.ir_cron: Skipping database 19_theme_setting as its base version is not 19.0.1.3. 
2026-07-15 12:03:40,039 49738 WARNING manas odoo.addons.base.models.ir_cron: Skipping database manas as its base version is not 19.0.1.3. 
2026-07-15 12:03:40,046 49738 WARNING odoo_19_test_try odoo.addons.base.models.ir_cron: Skipping database odoo_19_test_try as its base version is not 19.0.1.3. 
2026-07-15 12:03:40,049 49738 WARNING theme_test odoo.addons.base.models.ir_cron: Skipping database theme_test as its base version is not 19.0.1.3. 
2026-07-15 12:04:17,486 49738 WARNING 19_theme_setting odoo.addons.base.models.ir_cron: Skipping database 19_theme_setting as its base version is not 19.0.1.3. 
2026-07-15 12:04:17,493 49738 WARNING manas odoo.addons.base.models.ir_cron: Skipping database manas as its base version is not 19.0.1.3. 
2026-07-15 12:04:17,499 49738 WARNING odoo_19_test_try odoo.addons.base.models.ir_cron: Skipping database odoo_19_test_try as its base version is not 19.0.1.3. 
2026-07-15 12:04:17,502 49738 WARNING theme_test odoo.addons.base.models.ir_cron: Skipping database theme_test as its base version is not 19.0.1.3. 
2026-07-15 12:04:41,140 49738 WARNING 19_theme_setting odoo.addons.base.models.ir_cron: Skipping database 19_theme_setting as its base version is not 19.0.1.3. 
2026-07-15 12:04:41,146 49738 WARNING manas odoo.addons.base.models.ir_cron: Skipping database manas as its base version is not 19.0.1.3. 
2026-07-15 12:04:41,152 49738 WARNING odoo_19_test_try odoo.addons.base.models.ir_cron: Skipping database odoo_19_test_try as its base version is not 19.0.1.3. 
2026-07-15 12:04:41,155 49738 WARNING theme_test odoo.addons.base.models.ir_cron: Skipping database theme_test as its base version is not 19.0.1.3. 
2026-07-15 12:05:17,568 49738 WARNING 19_theme_setting odoo.addons.base.models.ir_cron: Skipping database 19_theme_setting as its base version is not 19.0.1.3. 
2026-07-15 12:05:17,575 49738 WARNING manas odoo.addons.base.models.ir_cron: Skipping database manas as its base version is not 19.0.1.3. 
2026-07-15 12:05:17,582 49738 WARNING odoo_19_test_try odoo.addons.base.models.ir_cron: Skipping database odoo_19_test_try as its base version is not 19.0.1.3. 
2026-07-15 12:05:17,585 49738 WARNING theme_test odoo.addons.base.models.ir_cron: Skipping database theme_test as its base version is not 19.0.1.3. 
2026-07-15 12:05:42,248 49738 WARNING 19_theme_setting odoo.addons.base.models.ir_cron: Skipping database 19_theme_setting as its base version is not 19.0.1.3. 
2026-07-15 12:05:42,253 49738 WARNING manas odoo.addons.base.models.ir_cron: Skipping database manas as its base version is not 19.0.1.3. 
2026-07-15 12:05:42,259 49738 WARNING odoo_19_test_try odoo.addons.base.models.ir_cron: Skipping database odoo_19_test_try as its base version is not 19.0.1.3. 
2026-07-15 12:05:42,263 49738 WARNING theme_test odoo.addons.base.models.ir_cron: Skipping database theme_test as its base version is not 19.0.1.3. 
2026-07-15 12:06:17,665 49738 WARNING 19_theme_setting odoo.addons.base.models.ir_cron: Skipping database 19_theme_setting as its base version is not 19.0.1.3. 
2026-07-15 12:06:17,671 49738 WARNING manas odoo.addons.base.models.ir_cron: Skipping database manas as its base version is not 19.0.1.3. 
2026-07-15 12:06:17,693 49738 WARNING odoo_19_test_try odoo.addons.base.models.ir_cron: Skipping database odoo_19_test_try as its base version is not 19.0.1.3. 
2026-07-15 12:06:17,696 49738 WARNING theme_test odoo.addons.base.models.ir_cron: Skipping database theme_test as its base version is not 19.0.1.3. 
2026-07-15 12:06:43,356 49738 WARNING 19_theme_setting odoo.addons.base.models.ir_cron: Skipping database 19_theme_setting as its base version is not 19.0.1.3. 
2026-07-15 12:06:43,364 49738 WARNING manas odoo.addons.base.models.ir_cron: Skipping database manas as its base version is not 19.0.1.3. 
2026-07-15 12:06:43,370 49738 WARNING odoo_19_test_try odoo.addons.base.models.ir_cron: Skipping database odoo_19_test_try as its base version is not 19.0.1.3. 
2026-07-15 12:06:43,372 49738 WARNING theme_test odoo.addons.base.models.ir_cron: Skipping database theme_test as its base version is not 19.0.1.3. 
2026-07-15 12:07:17,778 49738 WARNING 19_theme_setting odoo.addons.base.models.ir_cron: Skipping database 19_theme_setting as its base version is not 19.0.1.3. 
2026-07-15 12:07:17,786 49738 WARNING manas odoo.addons.base.models.ir_cron: Skipping database manas as its base version is not 19.0.1.3. 
2026-07-15 12:07:17,791 49738 WARNING odoo_19_test_try odoo.addons.base.models.ir_cron: Skipping database odoo_19_test_try as its base version is not 19.0.1.3. 
2026-07-15 12:07:17,794 49738 WARNING theme_test odoo.addons.base.models.ir_cron: Skipping database theme_test as its base version is not 19.0.1.3. 
2026-07-15 12:07:44,459 49738 WARNING 19_theme_setting odoo.addons.base.models.ir_cron: Skipping database 19_theme_setting as its base version is not 19.0.1.3. 
2026-07-15 12:07:44,466 49738 WARNING manas odoo.addons.base.models.ir_cron: Skipping database manas as its base version is not 19.0.1.3. 
2026-07-15 12:07:44,473 49738 WARNING odoo_19_test_try odoo.addons.base.models.ir_cron: Skipping database odoo_19_test_try as its base version is not 19.0.1.3. 
2026-07-15 12:07:44,505 49738 INFO tezzzzzzzzzzzzzzzzzzzzz odoo.addons.base.models.ir_cron: Job 'Payment: Post-process transactions' (15) starting 
2026-07-15 12:07:44,548 49738 INFO tezzzzzzzzzzzzzzzzzzzzz odoo.addons.base.models.ir_cron: Job 'Payment: Post-process transactions' (15) fully done (#loop 1; done 0; remaining 0; duration 0.04s) 
2026-07-15 12:07:44,555 49738 WARNING theme_test odoo.addons.base.models.ir_cron: Skipping database theme_test as its base version is not 19.0.1.3. 
2026-07-15 12:08:17,875 49738 WARNING 19_theme_setting odoo.addons.base.models.ir_cron: Skipping database 19_theme_setting as its base version is not 19.0.1.3. 
2026-07-15 12:08:17,882 49738 WARNING manas odoo.addons.base.models.ir_cron: Skipping database manas as its base version is not 19.0.1.3. 
2026-07-15 12:08:17,888 49738 WARNING odoo_19_test_try odoo.addons.base.models.ir_cron: Skipping database odoo_19_test_try as its base version is not 19.0.1.3. 
2026-07-15 12:08:17,891 49738 WARNING theme_test odoo.addons.base.models.ir_cron: Skipping database theme_test as its base version is not 19.0.1.3. 
2026-07-15 12:08:45,629 49738 WARNING 19_theme_setting odoo.addons.base.models.ir_cron: Skipping database 19_theme_setting as its base version is not 19.0.1.3. 
2026-07-15 12:08:45,635 49738 WARNING manas odoo.addons.base.models.ir_cron: Skipping database manas as its base version is not 19.0.1.3. 
2026-07-15 12:08:45,641 49738 WARNING odoo_19_test_try odoo.addons.base.models.ir_cron: Skipping database odoo_19_test_try as its base version is not 19.0.1.3. 
2026-07-15 12:08:45,645 49738 WARNING theme_test odoo.addons.base.models.ir_cron: Skipping database theme_test as its base version is not 19.0.1.3. 
2026-07-15 12:09:10,668 49738 INFO oca_module_testing odoo.addons.base.models.res_device: User 2 inserts device log (szRVIPGR5whxaLpDy6ibUgBMVmYiMwRS7ibuLJPcwH) 
2026-07-15 12:09:10,699 49738 INFO oca_module_testing werkzeug: 127.0.0.1 - - [15/Jul/2026 12:09:10] "GET /odoo/action-388/account.move/3 HTTP/1.1" 200 - 23 0.011 0.024
2026-07-15 12:09:10,807 49738 INFO oca_module_testing werkzeug: 127.0.0.1 - - [15/Jul/2026 12:09:10] "GET /web/webclient/load_menus HTTP/1.1" 200 - 1 0.004 0.032
2026-07-15 12:09:11,160 49738 INFO oca_module_testing werkzeug: 127.0.0.1 - - [15/Jul/2026 12:09:11] "GET /web/webclient/translations?hash=309395e7b381598b2edc4f4c75a99a6d285ecbd8&lang=en_US HTTP/1.1" 200 - 1 0.001 0.002
2026-07-15 12:09:11,379 49738 INFO oca_module_testing werkzeug: 127.0.0.1 - - [15/Jul/2026 12:09:11] "GET /web/image?model=res.users&field=avatar_128&id=2 HTTP/1.1" 304 - 9 0.009 0.055
2026-07-15 12:09:11,380 49738 INFO oca_module_testing werkzeug: 127.0.0.1 - - [15/Jul/2026 12:09:11] "POST /web/dataset/call_kw/account.move/get_views#account.move.get_views HTTP/1.1" 200 - 2 0.008 0.048
2026-07-15 12:09:11,393 49738 INFO oca_module_testing werkzeug: 127.0.0.1 - - [15/Jul/2026 12:09:11] "GET /bus/websocket_worker_bundle?v=19.0-2 HTTP/1.1" 304 - 3 0.007 0.047
2026-07-15 12:09:11,418 49738 INFO oca_module_testing werkzeug: 127.0.0.1 - - [15/Jul/2026 12:09:11] "GET /websocket?version=19.0-2 HTTP/1.1" 101 - 1 0.002 0.012
2026-07-15 12:09:11,472 49738 INFO oca_module_testing werkzeug: 127.0.0.1 - - [15/Jul/2026 12:09:11] "POST /mail/data HTTP/1.1" 200 - 39 0.077 0.068
2026-07-15 12:09:11,499 49738 INFO oca_module_testing werkzeug: 127.0.0.1 - - [15/Jul/2026 12:09:11] "POST /web/dataset/call_kw/account.move/web_read#account.move.web_read HTTP/1.1" 200 - 57 0.055 0.072
2026-07-15 12:09:11,713 49738 INFO oca_module_testing werkzeug: 127.0.0.1 - - [15/Jul/2026 12:09:11] "POST /web/dataset/call_kw/ir.http/lazy_session_info#ir.http.lazy_session_info HTTP/1.1" 200 - 1 0.001 0.003
2026-07-15 12:09:11,714 49738 INFO oca_module_testing werkzeug: 127.0.0.1 - - [15/Jul/2026 12:09:11] "GET /web/service-worker.js HTTP/1.1" 200 - 1 0.001 0.005
2026-07-15 12:09:11,983 49738 INFO oca_module_testing werkzeug: 127.0.0.1 - - [15/Jul/2026 12:09:11] "POST /mail/thread/messages HTTP/1.1" 200 - 22 0.029 0.026
2026-07-15 12:09:11,983 49738 INFO oca_module_testing werkzeug: 127.0.0.1 - - [15/Jul/2026 12:09:11] "POST /mail/data HTTP/1.1" 200 - 36 0.032 0.040
2026-07-15 12:09:12,038 49738 INFO oca_module_testing werkzeug: 127.0.0.1 - - [15/Jul/2026 12:09:12] "GET /web/image/res.partner/3/avatar_128?unique=1784027732000 HTTP/1.1" 200 - 9 0.005 0.013
2026-07-15 12:09:12,074 49738 INFO oca_module_testing werkzeug: 127.0.0.1 - - [15/Jul/2026 12:09:12] "GET /web/bundle/web.assets_emoji?lang=en_US&debug=1 HTTP/1.1" 200 - 1 0.001 0.002
2026-07-15 12:09:13,834 49738 INFO oca_module_testing werkzeug: 127.0.0.1 - - [15/Jul/2026 12:09:13] "POST /web/action/load HTTP/1.1" 200 - 11 0.005 0.009
2026-07-15 12:09:13,927 49738 INFO oca_module_testing werkzeug: 127.0.0.1 - - [15/Jul/2026 12:09:13] "POST /web/dataset/call_kw/ir.module.module/get_views#ir.module.module.get_views HTTP/1.1" 200 - 41 0.024 0.044
2026-07-15 12:09:13,942 49738 INFO oca_module_testing werkzeug: 127.0.0.1 - - [15/Jul/2026 12:09:13] "POST /web/dataset/call_kw/ir.module.module/search_panel_select_range#ir.module.module.search_panel_select_range HTTP/1.1" 200 - 1 0.001 0.003
2026-07-15 12:09:13,985 49738 INFO oca_module_testing werkzeug: 127.0.0.1 - - [15/Jul/2026 12:09:13] "POST /web/dataset/call_kw/ir.module.module/web_search_read#ir.module.module.web_search_read HTTP/1.1" 200 - 3 0.004 0.032
2026-07-15 12:09:13,986 49738 INFO oca_module_testing werkzeug: 127.0.0.1 - - [15/Jul/2026 12:09:13] "POST /web/dataset/call_kw/ir.module.module/check_module_update#ir.module.module.check_module_update HTTP/1.1" 200 - 2 0.003 0.008
2026-07-15 12:09:13,992 49738 INFO oca_module_testing werkzeug: 127.0.0.1 - - [15/Jul/2026 12:09:13] "POST /web/dataset/call_kw/ir.module.module/search_panel_select_range#ir.module.module.search_panel_select_range HTTP/1.1" 200 - 53 0.032 0.022
2026-07-15 12:09:14,066 49738 INFO oca_module_testing werkzeug: 127.0.0.1 - - [15/Jul/2026 12:09:14] "POST /web/dataset/call_kw/ir.module.module/check_module_update#ir.module.module.check_module_update HTTP/1.1" 200 - 2 0.002 0.003
2026-07-15 12:09:16,171 49738 INFO oca_module_testing werkzeug: 127.0.0.1 - - [15/Jul/2026 12:09:16] "POST /web/dataset/call_kw/ir.module.module/search_panel_select_range#ir.module.module.search_panel_select_range HTTP/1.1" 200 - 50 0.018 0.017
2026-07-15 12:09:16,179 49738 INFO oca_module_testing werkzeug: 127.0.0.1 - - [15/Jul/2026 12:09:16] "POST /web/dataset/call_kw/ir.module.module/web_search_read#ir.module.module.web_search_read HTTP/1.1" 200 - 4 0.007 0.034
2026-07-15 12:09:16,265 49738 INFO oca_module_testing werkzeug: 127.0.0.1 - - [15/Jul/2026 12:09:16] "POST /web/dataset/call_kw/ir.module.module/check_module_update#ir.module.module.check_module_update HTTP/1.1" 200 - 2 0.001 0.003
2026-07-15 12:09:17,973 49738 WARNING 19_theme_setting odoo.addons.base.models.ir_cron: Skipping database 19_theme_setting as its base version is not 19.0.1.3. 
2026-07-15 12:09:17,979 49738 WARNING manas odoo.addons.base.models.ir_cron: Skipping database manas as its base version is not 19.0.1.3. 
2026-07-15 12:09:17,985 49738 WARNING odoo_19_test_try odoo.addons.base.models.ir_cron: Skipping database odoo_19_test_try as its base version is not 19.0.1.3. 
2026-07-15 12:09:17,988 49738 WARNING theme_test odoo.addons.base.models.ir_cron: Skipping database theme_test as its base version is not 19.0.1.3. 
2026-07-15 12:09:18,723 49738 INFO oca_module_testing werkzeug: 127.0.0.1 - - [15/Jul/2026 12:09:18] "POST /web/dataset/call_kw/ir.module.module/search_panel_select_range#ir.module.module.search_panel_select_range HTTP/1.1" 200 - 50 0.019 0.022
2026-07-15 12:09:18,738 49738 INFO oca_module_testing werkzeug: 127.0.0.1 - - [15/Jul/2026 12:09:18] "POST /web/dataset/call_kw/ir.module.module/web_search_read#ir.module.module.web_search_read HTTP/1.1" 200 - 3 0.004 0.006
2026-07-15 12:09:18,749 49738 INFO oca_module_testing werkzeug: 127.0.0.1 - - [15/Jul/2026 12:09:18] "POST /web/dataset/call_kw/ir.module.module/check_module_update#ir.module.module.check_module_update HTTP/1.1" 200 - 2 0.001 0.003
2026-07-15 12:09:23,054 49738 INFO oca_module_testing odoo.addons.base.models.ir_module: ALLOW access to module.button_immediate_upgrade on ['Analytix 360 Finance Dashboard'] to user admin #2 via 127.0.0.1 
2026-07-15 12:09:23,055 49738 INFO oca_module_testing odoo.addons.base.models.ir_module: ALLOW access to module.button_upgrade on ['Analytix 360 Finance Dashboard'] to user admin #2 via 127.0.0.1 
2026-07-15 12:09:23,055 49738 INFO oca_module_testing odoo.addons.base.models.ir_module: ALLOW access to module.update_list on ['Analytix 360 Finance Dashboard'] to user admin #2 via 127.0.0.1 
2026-07-15 12:09:23,282 49738 WARNING oca_module_testing odoo.modules.module: Missing `author` key in manifest for 'analytix_finance_dashboard', defaulting to '' 
2026-07-15 12:09:24,199 49738 INFO oca_module_testing odoo.addons.base.models.ir_module: ALLOW access to module.button_install on [] to user admin #2 via 127.0.0.1 
2026-07-15 12:09:24,252 49738 INFO oca_module_testing odoo.modules.loading: loading 1 modules... 
2026-07-15 12:09:24,258 49738 INFO oca_module_testing odoo.modules.loading: 1 modules loaded in 0.01s, 0 queries (+0 extra) 
2026-07-15 12:09:24,294 49738 INFO oca_module_testing odoo.modules.loading: updating modules list 
2026-07-15 12:09:24,295 49738 INFO oca_module_testing odoo.addons.base.models.ir_module: ALLOW access to module.update_list on [] to user __system__ #1 via 127.0.0.1 
2026-07-15 12:09:24,509 49738 WARNING oca_module_testing odoo.modules.module: Missing `author` key in manifest for 'analytix_finance_dashboard', defaulting to '' 
2026-07-15 12:09:25,443 49738 INFO oca_module_testing odoo.modules.loading: loading 85 modules... 
2026-07-15 12:09:25,493 49738 INFO oca_module_testing odoo.modules.loading: Loading module analytix_finance_dashboard (77/85) 
2026-07-15 12:09:25,814 49738 INFO oca_module_testing odoo.registry: module analytix_finance_dashboard: creating or updating database tables 
2026-07-15 12:09:25,871 49738 WARNING oca_module_testing odoo.addons.base.models.ir_model: Two fields (sale_lock_date, tax_lock_date) of res.config.settings() have the same label: Hard Lock Date. [Modules: om_fiscal_year and om_fiscal_year] 
2026-07-15 12:09:25,871 49738 WARNING oca_module_testing odoo.addons.base.models.ir_model: Two fields (purchase_lock_date, tax_lock_date) of res.config.settings() have the same label: Hard Lock Date. [Modules: om_fiscal_year and om_fiscal_year] 
2026-07-15 12:09:25,871 49738 WARNING oca_module_testing odoo.addons.base.models.ir_model: Two fields (hard_lock_date, tax_lock_date) of res.config.settings() have the same label: Hard Lock Date. [Modules: om_fiscal_year and om_fiscal_year] 
2026-07-15 12:09:25,989 49738 INFO oca_module_testing odoo.modules.loading: loading analytix_finance_dashboard/security/ir.model.access.csv 
2026-07-15 12:09:25,999 49738 INFO oca_module_testing odoo.modules.loading: loading analytix_finance_dashboard/views/dashboard_action.xml 
2026-07-15 12:09:26,004 49738 INFO oca_module_testing odoo.modules.loading: loading analytix_finance_dashboard/views/menu_views.xml 
2026-07-15 12:09:26,018 49738 INFO oca_module_testing odoo.modules.loading: loading analytix_finance_dashboard/views/set_home_action.xml 
2026-07-15 12:09:26,027 49738 INFO oca_module_testing odoo.modules.loading: loading analytix_finance_dashboard/views/zatca_settings.xml 
2026-07-15 12:09:26,147 49738 INFO oca_module_testing odoo.addons.base.models.ir_module: module analytix_finance_dashboard: no translation for language ar_001 
2026-07-15 12:09:26,162 49738 INFO oca_module_testing odoo.modules.loading: Module analytix_finance_dashboard loaded in 0.67s, 270 queries (+270 other) 
2026-07-15 12:09:26,164 49738 INFO oca_module_testing odoo.modules.loading: 85 modules loaded in 0.72s, 270 queries (+270 extra) 
2026-07-15 12:09:26,440 49738 INFO oca_module_testing odoo.registry: verifying fields for every extended model 
2026-07-15 12:09:26,470 49738 WARNING oca_module_testing odoo.addons.base.models.ir_model: Two fields (sale_lock_date, tax_lock_date) of res.config.settings() have the same label: Hard Lock Date. [Modules: om_fiscal_year and om_fiscal_year] 
2026-07-15 12:09:26,470 49738 WARNING oca_module_testing odoo.addons.base.models.ir_model: Two fields (purchase_lock_date, tax_lock_date) of res.config.settings() have the same label: Hard Lock Date. [Modules: om_fiscal_year and om_fiscal_year] 
2026-07-15 12:09:26,470 49738 WARNING oca_module_testing odoo.addons.base.models.ir_model: Two fields (hard_lock_date, tax_lock_date) of res.config.settings() have the same label: Hard Lock Date. [Modules: om_fiscal_year and om_fiscal_year] 
2026-07-15 12:09:26,820 49738 INFO oca_module_testing odoo.modules.loading: Modules loaded. 
2026-07-15 12:09:26,836 49738 INFO oca_module_testing odoo.registry: Registry changed, signaling through the database 
2026-07-15 12:09:26,838 49738 INFO oca_module_testing odoo.registry: Registry loaded in 2.608s 
2026-07-15 12:09:26,839 49738 INFO oca_module_testing odoo.addons.base.models.ir_module: getting next ir.actions.todo() 
2026-07-15 12:09:26,851 49738 INFO oca_module_testing werkzeug: 127.0.0.1 - - [15/Jul/2026 12:09:26] "POST /web/dataset/call_button/ir.module.module/button_immediate_upgrade#ir.module.module.button_immediate_upgrade HTTP/1.1" 200 - 4888 1.668 2.136
2026-07-15 12:09:26,863 49738 INFO oca_module_testing odoo.addons.base.models.ir_http: Generating routing map for key None 
2026-07-15 12:09:27,137 49738 INFO oca_module_testing werkzeug: 127.0.0.1 - - [15/Jul/2026 12:09:27] "GET /odoo HTTP/1.1" 200 - 78 0.020 0.255
2026-07-15 12:09:27,205 49738 INFO oca_module_testing werkzeug: 127.0.0.1 - - [15/Jul/2026 12:09:27] "GET /web/webclient/load_menus HTTP/1.1" 200 - 13 0.009 0.035
2026-07-15 12:09:27,374 49738 INFO oca_module_testing werkzeug: 127.0.0.1 - - [15/Jul/2026 12:09:27] "GET /web/webclient/translations?hash=&lang=en_US HTTP/1.1" 200 - 2 0.001 0.002
2026-07-15 12:09:27,488 49738 INFO oca_module_testing werkzeug: 127.0.0.1 - - [15/Jul/2026 12:09:27] "POST /web/action/load HTTP/1.1" 200 - 7 0.009 0.007
2026-07-15 12:09:27,499 49738 INFO oca_module_testing werkzeug: 127.0.0.1 - - [15/Jul/2026 12:09:27] "GET /bus/websocket_worker_bundle?v=19.0-2 HTTP/1.1" 304 - 4 0.006 0.016
2026-07-15 12:09:27,506 49738 INFO oca_module_testing werkzeug: 127.0.0.1 - - [15/Jul/2026 12:09:27] "GET /web/image?model=res.users&field=avatar_128&id=2 HTTP/1.1" 304 - 16 0.018 0.014
2026-07-15 12:09:27,542 49738 INFO oca_module_testing werkzeug: 127.0.0.1 - - [15/Jul/2026 12:09:27] "POST /mail/data HTTP/1.1" 200 - 63 0.033 0.033
2026-07-15 12:09:27,582 49738 INFO oca_module_testing werkzeug: 127.0.0.1 - - [15/Jul/2026 12:09:27] "GET /websocket?version=19.0-2 HTTP/1.1" 101 - 1 0.000 0.004
2026-07-15 12:09:27,601 49738 INFO oca_module_testing werkzeug: 127.0.0.1 - - [15/Jul/2026 12:09:27] "POST /web/dataset/call_kw/account.move/get_analytix_dashboard_data#account.move.get_analytix_dashboard_data HTTP/1.1" 200 - 29 0.010 0.014
2026-07-15 12:09:27,612 49738 INFO oca_module_testing werkzeug: 127.0.0.1 - - [15/Jul/2026 12:09:27] "POST /web/dataset/call_kw/account.move/get_analytix_invoices_data#account.move.get_analytix_invoices_data HTTP/1.1" 200 - 7 0.002 0.006
2026-07-15 12:09:28,144 49738 INFO oca_module_testing werkzeug: 127.0.0.1 - - [15/Jul/2026 12:09:28] "GET /web/service-worker.js HTTP/1.1" 200 - 1 0.001 0.002
2026-07-15 12:09:46,720 49738 WARNING 19_theme_setting odoo.addons.base.models.ir_cron: Skipping database 19_theme_setting as its base version is not 19.0.1.3. 
2026-07-15 12:09:46,727 49738 WARNING manas odoo.addons.base.models.ir_cron: Skipping database manas as its base version is not 19.0.1.3. 
2026-07-15 12:09:46,733 49738 WARNING odoo_19_test_try odoo.addons.base.models.ir_cron: Skipping database odoo_19_test_try as its base version is not 19.0.1.3. 
2026-07-15 12:09:46,736 49738 WARNING theme_test odoo.addons.base.models.ir_cron: Skipping database theme_test as its base version is not 19.0.1.3. 
2026-07-15 12:09:58,343 49738 INFO oca_module_testing werkzeug: 127.0.0.1 - - [15/Jul/2026 12:09:58] "POST /web/dataset/call_kw/account.move/get_views#account.move.get_views HTTP/1.1" 200 - 75 0.045 0.422
2026-07-15 12:09:58,528 49738 INFO oca_module_testing werkzeug: 127.0.0.1 - - [15/Jul/2026 12:09:58] "POST /web/dataset/call_kw/account.move/web_read#account.move.web_read HTTP/1.1" 200 - 92 0.057 0.081
2026-07-15 12:09:58,738 49738 INFO oca_module_testing werkzeug: 127.0.0.1 - - [15/Jul/2026 12:09:58] "POST /web/dataset/call_kw/ir.http/lazy_session_info#ir.http.lazy_session_info HTTP/1.1" 200 - 2 0.001 0.003
2026-07-15 12:09:59,042 49738 INFO oca_module_testing werkzeug: 127.0.0.1 - - [15/Jul/2026 12:09:59] "POST /mail/thread/messages HTTP/1.1" 200 - 27 0.027 0.026
2026-07-15 12:09:59,051 49738 INFO oca_module_testing werkzeug: 127.0.0.1 - - [15/Jul/2026 12:09:59] "POST /mail/data HTTP/1.1" 200 - 51 0.046 0.052
2026-07-15 12:09:59,108 49738 INFO oca_module_testing werkzeug: 127.0.0.1 - - [15/Jul/2026 12:09:59] "GET /web/bundle/web.assets_emoji?lang=en_US&debug=1 HTTP/1.1" 200 - 2 0.001 0.004
2026-07-15 12:09:59,948 49738 INFO oca_module_testing werkzeug: 127.0.0.1 - - [15/Jul/2026 12:09:59] "POST /web/dataset/call_kw/ir.actions.report/get_valid_action_reports#ir.actions.report.get_valid_action_reports HTTP/1.1" 200 - 4 0.005 0.010
2026-07-15 12:09:59,958 49738 INFO oca_module_testing werkzeug: 127.0.0.1 - - [15/Jul/2026 12:09:59] "POST /web/dataset/call_kw/account.move/get_extra_print_items#account.move.get_extra_print_items HTTP/1.1" 200 - 9 0.011 0.013
2026-07-15 12:10:02,855 49738 INFO oca_module_testing werkzeug: 127.0.0.1 - - [15/Jul/2026 12:10:02] "POST /web/dataset/call_kw/account.move/get_analytix_dashboard_data#account.move.get_analytix_dashboard_data HTTP/1.1" 200 - 29 0.015 0.023
2026-07-15 12:10:02,873 49738 INFO oca_module_testing werkzeug: 127.0.0.1 - - [15/Jul/2026 12:10:02] "POST /web/dataset/call_kw/account.move/get_analytix_invoices_data#account.move.get_analytix_invoices_data HTTP/1.1" 200 - 7 0.004 0.010
2026-07-15 12:10:05,583 49738 INFO oca_module_testing werkzeug: 127.0.0.1 - - [15/Jul/2026 12:10:05] "POST /web/dataset/call_kw/account.move/get_analytix_invoices_data#account.move.get_analytix_invoices_data HTTP/1.1" 200 - 7 0.004 0.010
2026-07-15 12:10:06,481 49738 INFO oca_module_testing werkzeug: 127.0.0.1 - - [15/Jul/2026 12:10:06] "POST /web/dataset/call_kw/account.move/get_analytix_journals_data#account.move.get_analytix_journals_data HTTP/1.1" 200 - 8 0.005 0.013
2026-07-15 12:10:06,798 49738 WARNING oca_module_testing py.warnings: /home/amalraj/odoo19_new/odoo-19.0/custom/analytix_finance_dashboard/controllers/main.py:1045: DeprecationWarning: Since 19.0, read_group is deprecated. Please use _read_group in the backend code or formatted_read_group for a complete formatted result
  File "/home/amalraj/odoo19_new/odoo-19.0/odoo/http.py", line 2829, in __call__
    response = request._serve_db()
  File "/home/amalraj/odoo19_new/odoo-19.0/odoo/http.py", line 2302, in _serve_db
    return service_model.retrying(serve_func, env=self.env)
  File "/home/amalraj/odoo19_new/odoo-19.0/odoo/service/model.py", line 188, in retrying
    result = func()
  File "/home/amalraj/odoo19_new/odoo-19.0/odoo/http.py", line 2357, in _serve_ir_http
    response = self.dispatcher.dispatch(rule.endpoint, args)
  File "/home/amalraj/odoo19_new/odoo-19.0/odoo/http.py", line 2572, in dispatch
    result = self.request.registry['ir.http']._dispatch(endpoint)
  File "/home/amalraj/odoo19_new/odoo-19.0/odoo/addons/base/models/ir_http.py", line 355, in _dispatch
    result = endpoint(**request.params)
  File "/home/amalraj/odoo19_new/odoo-19.0/odoo/http.py", line 811, in route_wrapper
    result = endpoint(self, *args, **params_ok)
  File "/home/amalraj/odoo19_new/odoo-19.0/addons/web/controllers/dataset.py", line 32, in call_kw
    return call_kw(request.env[model], method, args, kwargs)
  File "/home/amalraj/odoo19_new/odoo-19.0/odoo/service/model.py", line 97, in call_kw
    result = method(recs, *args, **kwargs)
  File "/home/amalraj/odoo19_new/odoo-19.0/custom/analytix_finance_dashboard/controllers/main.py", line 1045, in get_analytix_trial_balance_data
    init_groups = self.env['account.move.line'].read_group(
 
2026-07-15 12:10:06,809 49738 WARNING oca_module_testing py.warnings: /home/amalraj/odoo19_new/odoo-19.0/custom/analytix_finance_dashboard/controllers/main.py:1057: DeprecationWarning: Since 19.0, read_group is deprecated. Please use _read_group in the backend code or formatted_read_group for a complete formatted result
  File "/home/amalraj/odoo19_new/odoo-19.0/odoo/http.py", line 2829, in __call__
    response = request._serve_db()
  File "/home/amalraj/odoo19_new/odoo-19.0/odoo/http.py", line 2302, in _serve_db
    return service_model.retrying(serve_func, env=self.env)
  File "/home/amalraj/odoo19_new/odoo-19.0/odoo/service/model.py", line 188, in retrying
    result = func()
  File "/home/amalraj/odoo19_new/odoo-19.0/odoo/http.py", line 2357, in _serve_ir_http
    response = self.dispatcher.dispatch(rule.endpoint, args)
  File "/home/amalraj/odoo19_new/odoo-19.0/odoo/http.py", line 2572, in dispatch
    result = self.request.registry['ir.http']._dispatch(endpoint)
  File "/home/amalraj/odoo19_new/odoo-19.0/odoo/addons/base/models/ir_http.py", line 355, in _dispatch
    result = endpoint(**request.params)
  File "/home/amalraj/odoo19_new/odoo-19.0/odoo/http.py", line 811, in route_wrapper
    result = endpoint(self, *args, **params_ok)
  File "/home/amalraj/odoo19_new/odoo-19.0/addons/web/controllers/dataset.py", line 32, in call_kw
    return call_kw(request.env[model], method, args, kwargs)
  File "/home/amalraj/odoo19_new/odoo-19.0/odoo/service/model.py", line 97, in call_kw
    result = method(recs, *args, **kwargs)
  File "/home/amalraj/odoo19_new/odoo-19.0/custom/analytix_finance_dashboard/controllers/main.py", line 1057, in get_analytix_trial_balance_data
    period_groups = self.env['account.move.line'].read_group(
 
2026-07-15 12:10:06,818 49738 INFO oca_module_testing werkzeug: 127.0.0.1 - - [15/Jul/2026 12:10:06] "POST /web/dataset/call_kw/account.move/get_analytix_trial_balance_data#account.move.get_analytix_trial_balance_data HTTP/1.1" 200 - 16 0.013 0.020
2026-07-15 12:10:07,162 49738 INFO oca_module_testing werkzeug: 127.0.0.1 - - [15/Jul/2026 12:10:07] "POST /web/dataset/call_kw/analytix.document/get_analytix_documents_list#analytix.document.get_analytix_documents_list HTTP/1.1" 200 - 11 0.006 0.012
2026-07-15 12:10:11,739 49738 INFO oca_module_testing werkzeug: 127.0.0.1 - - [15/Jul/2026 12:10:11] "POST /web/dataset/call_kw/analytix.document/get_analytix_documents_list#analytix.document.get_analytix_documents_list HTTP/1.1" 200 - 6 0.003 0.008
2026-07-15 12:10:18,070 49738 WARNING 19_theme_setting odoo.addons.base.models.ir_cron: Skipping database 19_theme_setting as its base version is not 19.0.1.3. 
2026-07-15 12:10:18,077 49738 WARNING manas odoo.addons.base.models.ir_cron: Skipping database manas as its base version is not 19.0.1.3. 
2026-07-15 12:10:18,099 49738 INFO manas_test odoo.addons.base.models.ir_cron: Job 'Notification: Notify scheduled messages' (8) starting 
2026-07-15 12:10:18,136 49738 INFO manas_test odoo.addons.base.models.ir_cron: Job 'Notification: Notify scheduled messages' (8) fully done (#loop 1; done 0; remaining 0; duration 0.04s) 
2026-07-15 12:10:18,144 49738 INFO manas_test odoo.addons.base.models.ir_cron: Job 'Mail: Email Queue Manager' (3) starting 
2026-07-15 12:10:18,159 49738 INFO manas_test odoo.addons.base.models.ir_cron: Job 'Mail: Email Queue Manager' (3) fully done (#loop 1; done 0; remaining 0; duration 0.01s) 
2026-07-15 12:10:18,165 49738 WARNING odoo_19_test_try odoo.addons.base.models.ir_cron: Skipping database odoo_19_test_try as its base version is not 19.0.1.3. 
2026-07-15 12:10:18,168 49738 WARNING theme_test odoo.addons.base.models.ir_cron: Skipping database theme_test as its base version is not 19.0.1.3. 
2026-07-15 12:10:28,461 49738 ERROR oca_module_testing odoo.http: Exception during request handling. 
Traceback (most recent call last):
  File "/home/amalraj/odoo19_new/odoo-19.0/odoo/http.py", line 2829, in __call__
    response = request._serve_db()
               ^^^^^^^^^^^^^^^^^^^
  File "/home/amalraj/odoo19_new/odoo-19.0/odoo/http.py", line 2304, in _serve_db
    raise self._update_served_exception(exc)
  File "/home/amalraj/odoo19_new/odoo-19.0/odoo/http.py", line 2302, in _serve_db
    return service_model.retrying(serve_func, env=self.env)
           ^^^^^^^^^^^^^^^^^^^^^^^^^^^^^^^^^^^^^^^^^^^^^^^^
  File "/home/amalraj/odoo19_new/odoo-19.0/odoo/service/model.py", line 188, in retrying
    result = func()
             ^^^^^^
  File "/home/amalraj/odoo19_new/odoo-19.0/odoo/http.py", line 2357, in _serve_ir_http
    response = self.dispatcher.dispatch(rule.endpoint, args)
               ^^^^^^^^^^^^^^^^^^^^^^^^^^^^^^^^^^^^^^^^^^^^^
  File "/home/amalraj/odoo19_new/odoo-19.0/odoo/http.py", line 2572, in dispatch
    result = self.request.registry['ir.http']._dispatch(endpoint)
             ^^^^^^^^^^^^^^^^^^^^^^^^^^^^^^^^^^^^^^^^^^^^^^^^^^^^
  File "/home/amalraj/odoo19_new/odoo-19.0/odoo/addons/base/models/ir_http.py", line 355, in _dispatch
    result = endpoint(**request.params)
             ^^^^^^^^^^^^^^^^^^^^^^^^^^
  File "/home/amalraj/odoo19_new/odoo-19.0/odoo/http.py", line 811, in route_wrapper
    result = endpoint(self, *args, **params_ok)
             ^^^^^^^^^^^^^^^^^^^^^^^^^^^^^^^^^^
  File "/home/amalraj/odoo19_new/odoo-19.0/addons/web/controllers/dataset.py", line 32, in call_kw
    return call_kw(request.env[model], method, args, kwargs)
           ^^^^^^^^^^^^^^^^^^^^^^^^^^^^^^^^^^^^^^^^^^^^^^^^^
  File "/home/amalraj/odoo19_new/odoo-19.0/odoo/service/model.py", line 97, in call_kw
    result = method(recs, *args, **kwargs)
             ^^^^^^^^^^^^^^^^^^^^^^^^^^^^^
  File "/home/amalraj/odoo19_new/odoo-19.0/custom/analytix_finance_dashboard/models/analytix_document.py", line 77, in save_analytix_document
    'mimetype':     doc.mimetype or '',
  File "/home/amalraj/odoo19_new/odoo-19.0/odoo/orm/decorators.py", line 365, in create
    return method(self, vals_list)
           ^^^^^^^^^^^^^^^^^^^^^^^
  File "/home/amalraj/odoo19_new/odoo-19.0/odoo/orm/models.py", line 4709, in create
    records = self._create(data_list)
              ^^^^^^^^^^^^^^^^^^^^^^^
  File "/home/amalraj/odoo19_new/odoo-19.0/odoo/orm/models.py", line 4868, in _create
    row.append(field.convert_to_column_insert(stored[fname], self, stored))
               ^^^^^^^^^^^^^^^^^^^^^^^^^^^^^^^^^^^^^^^^^^^^^^^^^^^^^^^^^^^
  File "/home/amalraj/odoo19_new/odoo-19.0/odoo/orm/fields.py", line 1002, in convert_to_column_insert
    value = self.convert_to_column(value, record, values, validate)
            ^^^^^^^^^^^^^^^^^^^^^^^^^^^^^^^^^^^^^^^^^^^^^^^^^^^^^^^
  File "/home/amalraj/odoo19_new/odoo-19.0/odoo/orm/fields_selection.py", line 225, in convert_to_column
    value = self.convert_to_cache(value, record)
            ^^^^^^^^^^^^^^^^^^^^^^^^^^^^^^^^^^^^
  File "/home/amalraj/odoo19_new/odoo-19.0/odoo/orm/fields_selection.py", line 235, in convert_to_cache
    raise ValueError("Wrong value for %s: %r" % (self, value))
ValueError: Wrong value for analytix.document.doc_type: 'payment_voucher'
2026-07-15 12:10:28,463 49738 INFO oca_module_testing werkzeug: 127.0.0.1 - - [15/Jul/2026 12:10:28] "POST /web/dataset/call_kw/analytix.document/save_analytix_document#analytix.document.save_analytix_document HTTP/1.1" 200 - 3 0.001 0.006
2026-07-15 12:10:33,540 49738 INFO oca_module_testing werkzeug: 127.0.0.1 - - [15/Jul/2026 12:10:33] "POST /web/action/load HTTP/1.1" 200 - 11 0.004 0.009
2026-07-15 12:10:33,633 49738 INFO oca_module_testing werkzeug: 127.0.0.1 - - [15/Jul/2026 12:10:33] "POST /web/dataset/call_kw/ir.module.module/get_views#ir.module.module.get_views HTTP/1.1" 200 - 41 0.023 0.049
2026-07-15 12:10:33,651 49738 INFO oca_module_testing werkzeug: 127.0.0.1 - - [15/Jul/2026 12:10:33] "POST /web/dataset/call_kw/ir.module.module/search_panel_select_range#ir.module.module.search_panel_select_range HTTP/1.1" 200 - 1 0.001 0.005
2026-07-15 12:10:33,692 49738 INFO oca_module_testing werkzeug: 127.0.0.1 - - [15/Jul/2026 12:10:33] "POST /web/dataset/call_kw/ir.module.module/web_search_read#ir.module.module.web_search_read HTTP/1.1" 200 - 3 0.005 0.032
2026-07-15 12:10:33,704 49738 INFO oca_module_testing werkzeug: 127.0.0.1 - - [15/Jul/2026 12:10:33] "POST /web/dataset/call_kw/ir.module.module/check_module_update#ir.module.module.check_module_update HTTP/1.1" 200 - 2 0.002 0.008
2026-07-15 12:10:33,712 49738 INFO oca_module_testing werkzeug: 127.0.0.1 - - [15/Jul/2026 12:10:33] "POST /web/dataset/call_kw/ir.module.module/search_panel_select_range#ir.module.module.search_panel_select_range HTTP/1.1" 200 - 53 0.037 0.030
2026-07-15 12:10:33,791 49738 INFO oca_module_testing werkzeug: 127.0.0.1 - - [15/Jul/2026 12:10:33] "POST /web/dataset/call_kw/ir.module.module/check_module_update#ir.module.module.check_module_update HTTP/1.1" 200 - 2 0.001 0.003
2026-07-15 12:10:35,103 49738 INFO oca_module_testing werkzeug: 127.0.0.1 - - [15/Jul/2026 12:10:35] "POST /web/dataset/call_kw/ir.module.module/search_panel_select_range#ir.module.module.search_panel_select_range HTTP/1.1" 200 - 50 0.020 0.017
2026-07-15 12:10:35,109 49738 INFO oca_module_testing werkzeug: 127.0.0.1 - - [15/Jul/2026 12:10:35] "POST /web/dataset/call_kw/ir.module.module/web_search_read#ir.module.module.web_search_read HTTP/1.1" 200 - 4 0.006 0.035
2026-07-15 12:10:35,186 49738 INFO oca_module_testing werkzeug: 127.0.0.1 - - [15/Jul/2026 12:10:35] "POST /web/dataset/call_kw/ir.module.module/check_module_update#ir.module.module.check_module_update HTTP/1.1" 200 - 2 0.001 0.003
2026-07-15 12:10:37,911 49738 INFO oca_module_testing werkzeug: 127.0.0.1 - - [15/Jul/2026 12:10:37] "POST /web/dataset/call_kw/ir.module.module/search_panel_select_range#ir.module.module.search_panel_select_range HTTP/1.1" 200 - 50 0.020 0.024
2026-07-15 12:10:37,926 49738 INFO oca_module_testing werkzeug: 127.0.0.1 - - [15/Jul/2026 12:10:37] "POST /web/dataset/call_kw/ir.module.module/web_search_read#ir.module.module.web_search_read HTTP/1.1" 200 - 3 0.004 0.005
2026-07-15 12:10:37,937 49738 INFO oca_module_testing werkzeug: 127.0.0.1 - - [15/Jul/2026 12:10:37] "POST /web/dataset/call_kw/ir.module.module/check_module_update#ir.module.module.check_module_update HTTP/1.1" 200 - 2 0.001 0.003
2026-07-15 12:10:41,543 49738 INFO oca_module_testing odoo.addons.base.models.ir_module: ALLOW access to module.button_immediate_upgrade on ['Analytix 360 Finance Dashboard'] to user admin #2 via 127.0.0.1 
2026-07-15 12:10:41,543 49738 INFO oca_module_testing odoo.addons.base.models.ir_module: ALLOW access to module.button_upgrade on ['Analytix 360 Finance Dashboard'] to user admin #2 via 127.0.0.1 
2026-07-15 12:10:41,544 49738 INFO oca_module_testing odoo.addons.base.models.ir_module: ALLOW access to module.update_list on ['Analytix 360 Finance Dashboard'] to user admin #2 via 127.0.0.1 
2026-07-15 12:10:41,765 49738 WARNING oca_module_testing odoo.modules.module: Missing `author` key in manifest for 'analytix_finance_dashboard', defaulting to '' 
2026-07-15 12:10:42,699 49738 INFO oca_module_testing odoo.addons.base.models.ir_module: ALLOW access to module.button_install on [] to user admin #2 via 127.0.0.1 
2026-07-15 12:10:42,745 49738 INFO oca_module_testing odoo.modules.loading: loading 1 modules... 
2026-07-15 12:10:42,752 49738 INFO oca_module_testing odoo.modules.loading: 1 modules loaded in 0.01s, 0 queries (+0 extra) 
2026-07-15 12:10:42,791 49738 INFO oca_module_testing odoo.modules.loading: updating modules list 
2026-07-15 12:10:42,792 49738 INFO oca_module_testing odoo.addons.base.models.ir_module: ALLOW access to module.update_list on [] to user __system__ #1 via 127.0.0.1 
2026-07-15 12:10:43,009 49738 WARNING oca_module_testing odoo.modules.module: Missing `author` key in manifest for 'analytix_finance_dashboard', defaulting to '' 
2026-07-15 12:10:43,887 49738 INFO oca_module_testing odoo.modules.loading: loading 85 modules... 
2026-07-15 12:10:43,934 49738 INFO oca_module_testing odoo.modules.loading: Loading module analytix_finance_dashboard (77/85) 
2026-07-15 12:10:44,243 49738 INFO oca_module_testing odoo.registry: module analytix_finance_dashboard: creating or updating database tables 
2026-07-15 12:10:44,309 49738 WARNING oca_module_testing odoo.addons.base.models.ir_model: Two fields (sale_lock_date, tax_lock_date) of res.config.settings() have the same label: Hard Lock Date. [Modules: om_fiscal_year and om_fiscal_year] 
2026-07-15 12:10:44,309 49738 WARNING oca_module_testing odoo.addons.base.models.ir_model: Two fields (purchase_lock_date, tax_lock_date) of res.config.settings() have the same label: Hard Lock Date. [Modules: om_fiscal_year and om_fiscal_year] 
2026-07-15 12:10:44,309 49738 WARNING oca_module_testing odoo.addons.base.models.ir_model: Two fields (hard_lock_date, tax_lock_date) of res.config.settings() have the same label: Hard Lock Date. [Modules: om_fiscal_year and om_fiscal_year] 
2026-07-15 12:10:44,418 49738 INFO oca_module_testing odoo.modules.loading: loading analytix_finance_dashboard/security/ir.model.access.csv 
2026-07-15 12:10:44,424 49738 INFO oca_module_testing odoo.modules.loading: loading analytix_finance_dashboard/views/dashboard_action.xml 
2026-07-15 12:10:44,427 49738 INFO oca_module_testing odoo.modules.loading: loading analytix_finance_dashboard/views/menu_views.xml 
2026-07-15 12:10:44,435 49738 INFO oca_module_testing odoo.modules.loading: loading analytix_finance_dashboard/views/set_home_action.xml 
2026-07-15 12:10:44,440 49738 INFO oca_module_testing odoo.modules.loading: loading analytix_finance_dashboard/views/zatca_settings.xml 
2026-07-15 12:10:44,503 49738 INFO oca_module_testing odoo.addons.base.models.ir_module: module analytix_finance_dashboard: no translation for language ar_001 
2026-07-15 12:10:44,512 49738 INFO oca_module_testing odoo.modules.loading: Module analytix_finance_dashboard loaded in 0.58s, 270 queries (+270 other) 
2026-07-15 12:10:44,513 49738 INFO oca_module_testing odoo.modules.loading: 85 modules loaded in 0.63s, 270 queries (+270 extra) 
2026-07-15 12:10:44,791 49738 INFO oca_module_testing odoo.registry: verifying fields for every extended model 
2026-07-15 12:10:44,815 49738 WARNING oca_module_testing odoo.addons.base.models.ir_model: Two fields (sale_lock_date, tax_lock_date) of res.config.settings() have the same label: Hard Lock Date. [Modules: om_fiscal_year and om_fiscal_year] 
2026-07-15 12:10:44,815 49738 WARNING oca_module_testing odoo.addons.base.models.ir_model: Two fields (purchase_lock_date, tax_lock_date) of res.config.settings() have the same label: Hard Lock Date. [Modules: om_fiscal_year and om_fiscal_year] 
2026-07-15 12:10:44,815 49738 WARNING oca_module_testing odoo.addons.base.models.ir_model: Two fields (hard_lock_date, tax_lock_date) of res.config.settings() have the same label: Hard Lock Date. [Modules: om_fiscal_year and om_fiscal_year] 
2026-07-15 12:10:45,195 49738 INFO oca_module_testing odoo.modules.loading: Modules loaded. 
2026-07-15 12:10:45,208 49738 INFO oca_module_testing odoo.registry: Registry changed, signaling through the database 
2026-07-15 12:10:45,209 49738 INFO oca_module_testing odoo.registry: Registry loaded in 2.477s 
2026-07-15 12:10:45,209 49738 INFO oca_module_testing odoo.addons.base.models.ir_module: getting next ir.actions.todo() 
2026-07-15 12:10:45,222 49738 INFO oca_module_testing werkzeug: 127.0.0.1 - - [15/Jul/2026 12:10:45] "POST /web/dataset/call_button/ir.module.module/button_immediate_upgrade#ir.module.module.button_immediate_upgrade HTTP/1.1" 200 - 4888 1.650 2.034
2026-07-15 12:10:45,235 49738 INFO oca_module_testing odoo.addons.base.models.ir_http: Generating routing map for key None 
2026-07-15 12:10:45,552 49738 INFO oca_module_testing werkzeug: 127.0.0.1 - - [15/Jul/2026 12:10:45] "GET /odoo HTTP/1.1" 200 - 78 0.022 0.296
2026-07-15 12:10:45,632 49738 INFO oca_module_testing werkzeug: 127.0.0.1 - - [15/Jul/2026 12:10:45] "GET /web/webclient/load_menus HTTP/1.1" 200 - 13 0.011 0.025
2026-07-15 12:10:45,798 49738 INFO oca_module_testing werkzeug: 127.0.0.1 - - [15/Jul/2026 12:10:45] "GET /web/webclient/translations?hash=&lang=en_US HTTP/1.1" 200 - 2 0.001 0.003
2026-07-15 12:10:45,912 49738 INFO oca_module_testing werkzeug: 127.0.0.1 - - [15/Jul/2026 12:10:45] "POST /web/action/load HTTP/1.1" 200 - 7 0.005 0.007
2026-07-15 12:10:45,920 49738 INFO oca_module_testing werkzeug: 127.0.0.1 - - [15/Jul/2026 12:10:45] "GET /bus/websocket_worker_bundle?v=19.0-2 HTTP/1.1" 304 - 4 0.006 0.013
2026-07-15 12:10:45,929 49738 INFO oca_module_testing werkzeug: 127.0.0.1 - - [15/Jul/2026 12:10:45] "GET /web/image?model=res.users&field=avatar_128&id=2 HTTP/1.1" 304 - 16 0.013 0.015
2026-07-15 12:10:45,936 49738 INFO oca_module_testing werkzeug: 127.0.0.1 - - [15/Jul/2026 12:10:45] "GET /websocket?version=19.0-2 HTTP/1.1" 101 - 1 0.001 0.008
2026-07-15 12:10:45,985 49738 INFO oca_module_testing werkzeug: 127.0.0.1 - - [15/Jul/2026 12:10:45] "POST /mail/data HTTP/1.1" 200 - 63 0.042 0.040
2026-07-15 12:10:46,018 49738 INFO oca_module_testing werkzeug: 127.0.0.1 - - [15/Jul/2026 12:10:46] "POST /web/dataset/call_kw/account.move/get_analytix_dashboard_data#account.move.get_analytix_dashboard_data HTTP/1.1" 200 - 29 0.011 0.016
2026-07-15 12:10:46,032 49738 INFO oca_module_testing werkzeug: 127.0.0.1 - - [15/Jul/2026 12:10:46] "POST /web/dataset/call_kw/analytix.document/get_analytix_documents_list#analytix.document.get_analytix_documents_list HTTP/1.1" 200 - 11 0.003 0.007
2026-07-15 12:10:46,599 49738 INFO oca_module_testing werkzeug: 127.0.0.1 - - [15/Jul/2026 12:10:46] "GET /web/service-worker.js HTTP/1.1" 200 - 1 0.001 0.002
2026-07-15 12:10:47,810 49738 WARNING 19_theme_setting odoo.addons.base.models.ir_cron: Skipping database 19_theme_setting as its base version is not 19.0.1.3. 
2026-07-15 12:10:47,817 49738 WARNING manas odoo.addons.base.models.ir_cron: Skipping database manas as its base version is not 19.0.1.3. 
2026-07-15 12:10:47,823 49738 INFO oca_module_testing odoo.addons.base.models.ir_cron: Job 'Base: Auto-vacuum internal data' (1) starting 
2026-07-15 12:10:48,236 49738 INFO oca_module_testing odoo.addons.base.models.res_device: GC device logs delete 1 entries 
2026-07-15 12:10:48,286 49738 INFO oca_module_testing odoo.addons.sms.models.sms_sms: GC'd 0 sms marked for deletion 
2026-07-15 12:10:48,299 49738 INFO oca_module_testing odoo.addons.base.models.res_device: GC device logs delete 0 entries 
2026-07-15 12:10:48,332 49738 INFO oca_module_testing odoo.addons.base.models.res_users: GC'd 0 user log entries 
2026-07-15 12:10:48,361 49738 INFO oca_module_testing odoo.addons.base.models.res_users: GC 'res.users.apikeys' delete 0 entries 
2026-07-15 12:10:48,425 49738 INFO oca_module_testing odoo.addons.base.models.ir_attachment: filestore gc 0 checked, 0 removed 
2026-07-15 12:10:48,622 49738 INFO oca_module_testing odoo.addons.base.models.res_users: GC 'auth_totp.device' delete 0 entries 
2026-07-15 12:10:48,627 49738 INFO oca_module_testing odoo.addons.api_doc.models.ir_attachment: GC'd 0 /doc cached index 
2026-07-15 12:10:48,723 49738 INFO oca_module_testing odoo.addons.base.models.ir_cron: Job 'Base: Auto-vacuum internal data' (1) fully done (#loop 1; done 129; remaining 0; duration 0.90s) 
2026-07-15 12:10:48,729 49738 WARNING odoo_19_test_try odoo.addons.base.models.ir_cron: Skipping database odoo_19_test_try as its base version is not 19.0.1.3. 
2026-07-15 12:10:48,733 49738 WARNING theme_test odoo.addons.base.models.ir_cron: Skipping database theme_test as its base version is not 19.0.1.3. 
2026-07-15 12:11:09,628 49738 ERROR oca_module_testing odoo.http: Exception during request handling. 
Traceback (most recent call last):
  File "/home/amalraj/odoo19_new/odoo-19.0/odoo/http.py", line 2829, in __call__
    response = request._serve_db()
               ^^^^^^^^^^^^^^^^^^^
  File "/home/amalraj/odoo19_new/odoo-19.0/odoo/http.py", line 2304, in _serve_db
    raise self._update_served_exception(exc)
  File "/home/amalraj/odoo19_new/odoo-19.0/odoo/http.py", line 2302, in _serve_db
    return service_model.retrying(serve_func, env=self.env)
           ^^^^^^^^^^^^^^^^^^^^^^^^^^^^^^^^^^^^^^^^^^^^^^^^
  File "/home/amalraj/odoo19_new/odoo-19.0/odoo/service/model.py", line 188, in retrying
    result = func()
             ^^^^^^
  File "/home/amalraj/odoo19_new/odoo-19.0/odoo/http.py", line 2357, in _serve_ir_http
    response = self.dispatcher.dispatch(rule.endpoint, args)
               ^^^^^^^^^^^^^^^^^^^^^^^^^^^^^^^^^^^^^^^^^^^^^
  File "/home/amalraj/odoo19_new/odoo-19.0/odoo/http.py", line 2572, in dispatch
    result = self.request.registry['ir.http']._dispatch(endpoint)
             ^^^^^^^^^^^^^^^^^^^^^^^^^^^^^^^^^^^^^^^^^^^^^^^^^^^^
  File "/home/amalraj/odoo19_new/odoo-19.0/odoo/addons/base/models/ir_http.py", line 355, in _dispatch
    result = endpoint(**request.params)
             ^^^^^^^^^^^^^^^^^^^^^^^^^^
  File "/home/amalraj/odoo19_new/odoo-19.0/odoo/http.py", line 811, in route_wrapper
    result = endpoint(self, *args, **params_ok)
             ^^^^^^^^^^^^^^^^^^^^^^^^^^^^^^^^^^
  File "/home/amalraj/odoo19_new/odoo-19.0/addons/web/controllers/dataset.py", line 32, in call_kw
    return call_kw(request.env[model], method, args, kwargs)
           ^^^^^^^^^^^^^^^^^^^^^^^^^^^^^^^^^^^^^^^^^^^^^^^^^
  File "/home/amalraj/odoo19_new/odoo-19.0/odoo/service/model.py", line 97, in call_kw
    result = method(recs, *args, **kwargs)
             ^^^^^^^^^^^^^^^^^^^^^^^^^^^^^
  File "/home/amalraj/odoo19_new/odoo-19.0/custom/analytix_finance_dashboard/models/analytix_document.py", line 77, in save_analytix_document
    'mimetype':     doc.mimetype or '',
  File "/home/amalraj/odoo19_new/odoo-19.0/odoo/orm/decorators.py", line 365, in create
    return method(self, vals_list)
           ^^^^^^^^^^^^^^^^^^^^^^^
  File "/home/amalraj/odoo19_new/odoo-19.0/odoo/orm/models.py", line 4709, in create
    records = self._create(data_list)
              ^^^^^^^^^^^^^^^^^^^^^^^
  File "/home/amalraj/odoo19_new/odoo-19.0/odoo/orm/models.py", line 4868, in _create
    row.append(field.convert_to_column_insert(stored[fname], self, stored))
               ^^^^^^^^^^^^^^^^^^^^^^^^^^^^^^^^^^^^^^^^^^^^^^^^^^^^^^^^^^^
  File "/home/amalraj/odoo19_new/odoo-19.0/odoo/orm/fields.py", line 1002, in convert_to_column_insert
    value = self.convert_to_column(value, record, values, validate)
            ^^^^^^^^^^^^^^^^^^^^^^^^^^^^^^^^^^^^^^^^^^^^^^^^^^^^^^^
  File "/home/amalraj/odoo19_new/odoo-19.0/odoo/orm/fields_selection.py", line 225, in convert_to_column
    value = self.convert_to_cache(value, record)
            ^^^^^^^^^^^^^^^^^^^^^^^^^^^^^^^^^^^^
  File "/home/amalraj/odoo19_new/odoo-19.0/odoo/orm/fields_selection.py", line 235, in convert_to_cache
    raise ValueError("Wrong value for %s: %r" % (self, value))
ValueError: Wrong value for analytix.document.doc_type: 'receipt_voucher'
2026-07-15 12:11:09,630 49738 INFO oca_module_testing werkzeug: 127.0.0.1 - - [15/Jul/2026 12:11:09] "POST /web/dataset/call_kw/analytix.document/save_analytix_document#analytix.document.save_analytix_document HTTP/1.1" 200 - 4 0.003 0.006
2026-07-15 12:11:16,922 49738 ERROR oca_module_testing odoo.http: Exception during request handling. 
Traceback (most recent call last):
  File "/home/amalraj/odoo19_new/odoo-19.0/odoo/http.py", line 2829, in __call__
    response = request._serve_db()
               ^^^^^^^^^^^^^^^^^^^
  File "/home/amalraj/odoo19_new/odoo-19.0/odoo/http.py", line 2304, in _serve_db
    raise self._update_served_exception(exc)
  File "/home/amalraj/odoo19_new/odoo-19.0/odoo/http.py", line 2302, in _serve_db
    return service_model.retrying(serve_func, env=self.env)
           ^^^^^^^^^^^^^^^^^^^^^^^^^^^^^^^^^^^^^^^^^^^^^^^^
  File "/home/amalraj/odoo19_new/odoo-19.0/odoo/service/model.py", line 188, in retrying
    result = func()
             ^^^^^^
  File "/home/amalraj/odoo19_new/odoo-19.0/odoo/http.py", line 2357, in _serve_ir_http
    response = self.dispatcher.dispatch(rule.endpoint, args)
               ^^^^^^^^^^^^^^^^^^^^^^^^^^^^^^^^^^^^^^^^^^^^^
  File "/home/amalraj/odoo19_new/odoo-19.0/odoo/http.py", line 2572, in dispatch
    result = self.request.registry['ir.http']._dispatch(endpoint)
             ^^^^^^^^^^^^^^^^^^^^^^^^^^^^^^^^^^^^^^^^^^^^^^^^^^^^
  File "/home/amalraj/odoo19_new/odoo-19.0/odoo/addons/base/models/ir_http.py", line 355, in _dispatch
    result = endpoint(**request.params)
             ^^^^^^^^^^^^^^^^^^^^^^^^^^
  File "/home/amalraj/odoo19_new/odoo-19.0/odoo/http.py", line 811, in route_wrapper
    result = endpoint(self, *args, **params_ok)
             ^^^^^^^^^^^^^^^^^^^^^^^^^^^^^^^^^^
  File "/home/amalraj/odoo19_new/odoo-19.0/addons/web/controllers/dataset.py", line 32, in call_kw
    return call_kw(request.env[model], method, args, kwargs)
           ^^^^^^^^^^^^^^^^^^^^^^^^^^^^^^^^^^^^^^^^^^^^^^^^^
  File "/home/amalraj/odoo19_new/odoo-19.0/odoo/service/model.py", line 97, in call_kw
    result = method(recs, *args, **kwargs)
             ^^^^^^^^^^^^^^^^^^^^^^^^^^^^^
  File "/home/amalraj/odoo19_new/odoo-19.0/custom/analytix_finance_dashboard/models/analytix_document.py", line 77, in save_analytix_document
    'mimetype':     doc.mimetype or '',
  File "/home/amalraj/odoo19_new/odoo-19.0/odoo/orm/decorators.py", line 365, in create
    return method(self, vals_list)
           ^^^^^^^^^^^^^^^^^^^^^^^
  File "/home/amalraj/odoo19_new/odoo-19.0/odoo/orm/models.py", line 4709, in create
    records = self._create(data_list)
              ^^^^^^^^^^^^^^^^^^^^^^^
  File "/home/amalraj/odoo19_new/odoo-19.0/odoo/orm/models.py", line 4868, in _create
    row.append(field.convert_to_column_insert(stored[fname], self, stored))
               ^^^^^^^^^^^^^^^^^^^^^^^^^^^^^^^^^^^^^^^^^^^^^^^^^^^^^^^^^^^
  File "/home/amalraj/odoo19_new/odoo-19.0/odoo/orm/fields.py", line 1002, in convert_to_column_insert
    value = self.convert_to_column(value, record, values, validate)
            ^^^^^^^^^^^^^^^^^^^^^^^^^^^^^^^^^^^^^^^^^^^^^^^^^^^^^^^
  File "/home/amalraj/odoo19_new/odoo-19.0/odoo/orm/fields_selection.py", line 225, in convert_to_column
    value = self.convert_to_cache(value, record)
            ^^^^^^^^^^^^^^^^^^^^^^^^^^^^^^^^^^^^
  File "/home/amalraj/odoo19_new/odoo-19.0/odoo/orm/fields_selection.py", line 235, in convert_to_cache
    raise ValueError("Wrong value for %s: %r" % (self, value))
ValueError: Wrong value for analytix.document.doc_type: 'receipt_voucher'
2026-07-15 12:11:16,924 49738 INFO oca_module_testing werkzeug: 127.0.0.1 - - [15/Jul/2026 12:11:16] "POST /web/dataset/call_kw/analytix.document/save_analytix_document#analytix.document.save_analytix_document HTTP/1.1" 200 - 2 0.001 0.005
2026-07-15 12:11:18,251 49738 WARNING 19_theme_setting odoo.addons.base.models.ir_cron: Skipping database 19_theme_setting as its base version is not 19.0.1.3. 
2026-07-15 12:11:18,257 49738 WARNING manas odoo.addons.base.models.ir_cron: Skipping database manas as its base version is not 19.0.1.3. 
2026-07-15 12:11:18,264 49738 WARNING odoo_19_test_try odoo.addons.base.models.ir_cron: Skipping database odoo_19_test_try as its base version is not 19.0.1.3. 
2026-07-15 12:11:18,267 49738 WARNING theme_test odoo.addons.base.models.ir_cron: Skipping database theme_test as its base version is not 19.0.1.3. 
2026-07-15 12:11:20,712 49738 INFO oca_module_testing werkzeug: 127.0.0.1 - - [15/Jul/2026 12:11:20] "POST /web/dataset/call_kw/analytix.document/save_analytix_document#analytix.document.save_analytix_document HTTP/1.1" 200 - 7 0.013 0.048
2026-07-15 12:11:20,730 49738 INFO oca_module_testing werkzeug: 127.0.0.1 - - [15/Jul/2026 12:11:20] "POST /web/dataset/call_kw/analytix.document/get_analytix_documents_list#analytix.document.get_analytix_documents_list HTTP/1.1" 200 - 6 0.003 0.007
2026-07-15 12:11:49,802 49738 WARNING 19_theme_setting odoo.addons.base.models.ir_cron: Skipping database 19_theme_setting as its base version is not 19.0.1.3. 
2026-07-15 12:11:49,827 49738 INFO 360_r_test odoo.addons.base.models.ir_cron: Job 'Notification: Notify scheduled messages' (8) starting 
2026-07-15 12:11:49,864 49738 INFO 360_r_test odoo.addons.base.models.ir_cron: Job 'Notification: Notify scheduled messages' (8) fully done (#loop 1; done 0; remaining 0; duration 0.04s) 
2026-07-15 12:11:49,873 49738 INFO 360_r_test odoo.addons.base.models.ir_cron: Job 'Mail: Email Queue Manager' (3) starting 
2026-07-15 12:11:49,890 49738 INFO 360_r_test odoo.addons.base.models.ir_cron: Job 'Mail: Email Queue Manager' (3) fully done (#loop 1; done 0; remaining 0; duration 0.02s) 
2026-07-15 12:11:49,895 49738 WARNING manas odoo.addons.base.models.ir_cron: Skipping database manas as its base version is not 19.0.1.3. 
2026-07-15 12:11:49,902 49738 INFO oca_module_testing odoo.addons.base.models.ir_cron: Job 'Base: Auto-vacuum internal data' (1) starting 
2026-07-15 12:11:50,279 49738 INFO oca_module_testing odoo.addons.base.models.res_users: GC 'auth_totp.device' delete 0 entries 
2026-07-15 12:11:50,442 49738 INFO oca_module_testing odoo.addons.base.models.res_device: GC device logs delete 0 entries 
2026-07-15 12:11:50,462 49738 INFO oca_module_testing odoo.addons.base.models.ir_attachment: filestore gc 0 checked, 0 removed 
2026-07-15 12:11:50,486 49738 INFO oca_module_testing odoo.addons.base.models.res_device: GC device logs delete 0 entries 
2026-07-15 12:11:50,514 49738 INFO oca_module_testing odoo.addons.base.models.res_users: GC 'res.users.apikeys' delete 0 entries 
2026-07-15 12:11:50,525 49738 INFO oca_module_testing odoo.addons.sms.models.sms_sms: GC'd 0 sms marked for deletion 
2026-07-15 12:11:50,650 49738 INFO oca_module_testing odoo.addons.api_doc.models.ir_attachment: GC'd 0 /doc cached index 
2026-07-15 12:11:50,677 49738 INFO oca_module_testing odoo.addons.base.models.res_users: GC'd 0 user log entries 
2026-07-15 12:11:50,782 49738 INFO oca_module_testing odoo.addons.base.models.ir_cron: Job 'Base: Auto-vacuum internal data' (1) fully done (#loop 1; done 129; remaining 0; duration 0.88s) 
2026-07-15 12:11:50,786 49738 WARNING odoo_19_test_try odoo.addons.base.models.ir_cron: Skipping database odoo_19_test_try as its base version is not 19.0.1.3. 
2026-07-15 12:11:50,790 49738 WARNING theme_test odoo.addons.base.models.ir_cron: Skipping database theme_test as its base version is not 19.0.1.3. 
2026-07-15 12:12:18,344 49738 WARNING 19_theme_setting odoo.addons.base.models.ir_cron: Skipping database 19_theme_setting as its base version is not 19.0.1.3. 
2026-07-15 12:12:18,350 49738 WARNING manas odoo.addons.base.models.ir_cron: Skipping database manas as its base version is not 19.0.1.3. 
2026-07-15 12:12:18,356 49738 WARNING odoo_19_test_try odoo.addons.base.models.ir_cron: Skipping database odoo_19_test_try as its base version is not 19.0.1.3. 
2026-07-15 12:12:18,360 49738 WARNING theme_test odoo.addons.base.models.ir_cron: Skipping database theme_test as its base version is not 19.0.1.3. 
2026-07-15 12:12:51,876 49738 WARNING 19_theme_setting odoo.addons.base.models.ir_cron: Skipping database 19_theme_setting as its base version is not 19.0.1.3. 
2026-07-15 12:12:51,882 49738 WARNING manas odoo.addons.base.models.ir_cron: Skipping database manas as its base version is not 19.0.1.3. 
2026-07-15 12:12:51,888 49738 WARNING odoo_19_test_try odoo.addons.base.models.ir_cron: Skipping database odoo_19_test_try as its base version is not 19.0.1.3. 
2026-07-15 12:12:51,891 49738 WARNING theme_test odoo.addons.base.models.ir_cron: Skipping database theme_test as its base version is not 19.0.1.3. 
2026-07-15 12:13:18,406 49738 WARNING 19_theme_setting odoo.addons.base.models.ir_cron: Skipping database 19_theme_setting as its base version is not 19.0.1.3. 
2026-07-15 12:13:18,413 49738 WARNING manas odoo.addons.base.models.ir_cron: Skipping database manas as its base version is not 19.0.1.3. 
2026-07-15 12:13:18,420 49738 WARNING odoo_19_test_try odoo.addons.base.models.ir_cron: Skipping database odoo_19_test_try as its base version is not 19.0.1.3. 
2026-07-15 12:13:18,424 49738 WARNING theme_test odoo.addons.base.models.ir_cron: Skipping database theme_test as its base version is not 19.0.1.3. 
2026-07-15 12:13:52,984 49738 WARNING 19_theme_setting odoo.addons.base.models.ir_cron: Skipping database 19_theme_setting as its base version is not 19.0.1.3. 
2026-07-15 12:13:52,990 49738 WARNING manas odoo.addons.base.models.ir_cron: Skipping database manas as its base version is not 19.0.1.3. 
2026-07-15 12:13:52,996 49738 WARNING odoo_19_test_try odoo.addons.base.models.ir_cron: Skipping database odoo_19_test_try as its base version is not 19.0.1.3. 
2026-07-15 12:13:53,002 49738 WARNING theme_test odoo.addons.base.models.ir_cron: Skipping database theme_test as its base version is not 19.0.1.3. 
2026-07-15 12:14:05,031 49738 INFO oca_module_testing werkzeug: 127.0.0.1 - - [15/Jul/2026 12:14:05] "POST /web/dataset/call_kw/account.move/get_analytix_invoices_data#account.move.get_analytix_invoices_data HTTP/1.1" 200 - 7 0.004 0.011
2026-07-15 12:14:08,825 49738 INFO oca_module_testing werkzeug: 127.0.0.1 - - [15/Jul/2026 12:14:08] "POST /web/dataset/call_kw/account.move/get_views#account.move.get_views HTTP/1.1" 200 - 74 0.046 0.450
2026-07-15 12:14:08,979 49738 INFO oca_module_testing werkzeug: 127.0.0.1 - - [15/Jul/2026 12:14:08] "POST /web/dataset/call_kw/account.move/web_read#account.move.web_read HTTP/1.1" 200 - 63 0.045 0.062
2026-07-15 12:14:09,189 49738 INFO oca_module_testing werkzeug: 127.0.0.1 - - [15/Jul/2026 12:14:09] "POST /web/dataset/call_kw/ir.http/lazy_session_info#ir.http.lazy_session_info HTTP/1.1" 200 - 2 0.001 0.003
2026-07-15 12:14:09,461 49738 INFO oca_module_testing werkzeug: 127.0.0.1 - - [15/Jul/2026 12:14:09] "POST /mail/data HTTP/1.1" 200 - 38 0.032 0.041
2026-07-15 12:14:09,475 49738 INFO oca_module_testing werkzeug: 127.0.0.1 - - [15/Jul/2026 12:14:09] "POST /mail/thread/messages HTTP/1.1" 200 - 27 0.027 0.027
2026-07-15 12:14:09,543 49738 INFO oca_module_testing werkzeug: 127.0.0.1 - - [15/Jul/2026 12:14:09] "GET /web/bundle/web.assets_emoji?lang=en_US&debug=1 HTTP/1.1" 200 - 2 0.001 0.005
2026-07-15 12:14:10,475 49738 INFO oca_module_testing werkzeug: 127.0.0.1 - - [15/Jul/2026 12:14:10] "POST /web/dataset/call_kw/ir.actions.report/get_valid_action_reports#ir.actions.report.get_valid_action_reports HTTP/1.1" 200 - 4 0.006 0.007
2026-07-15 12:14:10,485 49738 INFO oca_module_testing werkzeug: 127.0.0.1 - - [15/Jul/2026 12:14:10] "POST /web/dataset/call_kw/account.move/get_extra_print_items#account.move.get_extra_print_items HTTP/1.1" 200 - 9 0.009 0.013
2026-07-15 12:14:12,451 49738 INFO oca_module_testing werkzeug: 127.0.0.1 - - [15/Jul/2026 12:14:12] "POST /web/action/load HTTP/1.1" 200 - 9 0.004 0.011
2026-07-15 12:14:12,461 49738 INFO oca_module_testing werkzeug: 127.0.0.1 - - [15/Jul/2026 12:14:12] "POST /report/check_wkhtmltopdf HTTP/1.1" 200 - 1 0.001 0.003
2026-07-15 12:14:13,342 49738 INFO oca_module_testing werkzeug: 127.0.0.1 - - [15/Jul/2026 12:14:13] "GET /web/assets/cbc0331/web.report_assets_pdf.autoprefixed.min.css HTTP/1.1" 200 - 3 0.002 0.016
2026-07-15 12:14:13,343 49738 INFO oca_module_testing werkzeug: 127.0.0.1 - - [15/Jul/2026 12:14:13] "GET /web/assets/2b51544/web.report_assets_common.autoprefixed.min.css HTTP/1.1" 200 - 3 0.008 0.008
2026-07-15 12:14:13,408 49738 INFO ? werkzeug: 127.0.0.1 - - [15/Jul/2026 12:14:13] "GET /web/static/fonts/lato/Lato-Reg-webfont.woff HTTP/1.1" 200 - 0 0.000 0.004
2026-07-15 12:14:13,421 49738 INFO ? werkzeug: 127.0.0.1 - - [15/Jul/2026 12:14:13] "GET /web/static/fonts/lato/Lato-Lig-webfont.woff HTTP/1.1" 200 - 0 0.000 0.005
2026-07-15 12:14:13,422 49738 INFO ? werkzeug: 127.0.0.1 - - [15/Jul/2026 12:14:13] "GET /web/static/fonts/lato/Lato-Hai-webfont.woff HTTP/1.1" 200 - 0 0.000 0.005
2026-07-15 12:14:13,423 49738 INFO ? werkzeug: 127.0.0.1 - - [15/Jul/2026 12:14:13] "GET /web/static/fonts/lato/Lato-Bol-webfont.woff HTTP/1.1" 200 - 0 0.000 0.004
2026-07-15 12:14:13,423 49738 INFO ? werkzeug: 127.0.0.1 - - [15/Jul/2026 12:14:13] "GET /web/static/fonts/lato/Lato-Bla-webfont.woff HTTP/1.1" 200 - 0 0.000 0.004
2026-07-15 12:14:15,676 49738 INFO oca_module_testing odoo.addons.base.models.ir_actions_report: The PDF report has been generated for model: account.move, records [10]. 
2026-07-15 12:14:15,685 49738 INFO oca_module_testing werkzeug: 127.0.0.1 - - [15/Jul/2026 12:14:15] "POST /report/download HTTP/1.1" 200 - 91 0.067 3.147
2026-07-15 12:14:15,708 49738 INFO oca_module_testing werkzeug: 127.0.0.1 - - [15/Jul/2026 12:14:15] "POST /mail/thread/messages HTTP/1.1" 200 - 5 0.007 0.008
2026-07-15 12:14:15,795 49738 INFO oca_module_testing werkzeug: 127.0.0.1 - - [15/Jul/2026 12:14:15] "POST /web/dataset/call_kw/account.move/web_read#account.move.web_read HTTP/1.1" 200 - 42 0.048 0.053
2026-07-15 12:14:15,903 49738 INFO oca_module_testing werkzeug: 127.0.0.1 - - [15/Jul/2026 12:14:15] "POST /mail/data HTTP/1.1" 200 - 26 0.014 0.027
2026-07-15 12:14:18,504 49738 WARNING 19_theme_setting odoo.addons.base.models.ir_cron: Skipping database 19_theme_setting as its base version is not 19.0.1.3. 
2026-07-15 12:14:18,510 49738 WARNING manas odoo.addons.base.models.ir_cron: Skipping database manas as its base version is not 19.0.1.3. 
2026-07-15 12:14:18,516 49738 WARNING odoo_19_test_try odoo.addons.base.models.ir_cron: Skipping database odoo_19_test_try as its base version is not 19.0.1.3. 
2026-07-15 12:14:18,519 49738 WARNING theme_test odoo.addons.base.models.ir_cron: Skipping database theme_test as its base version is not 19.0.1.3. 
2026-07-15 12:14:54,092 49738 WARNING 19_theme_setting odoo.addons.base.models.ir_cron: Skipping database 19_theme_setting as its base version is not 19.0.1.3. 
2026-07-15 12:14:54,099 49738 WARNING manas odoo.addons.base.models.ir_cron: Skipping database manas as its base version is not 19.0.1.3. 
2026-07-15 12:14:54,105 49738 WARNING odoo_19_test_try odoo.addons.base.models.ir_cron: Skipping database odoo_19_test_try as its base version is not 19.0.1.3. 
2026-07-15 12:14:54,109 49738 WARNING theme_test odoo.addons.base.models.ir_cron: Skipping database theme_test as its base version is not 19.0.1.3. 
2026-07-15 12:15:18,550 49738 WARNING 19_theme_setting odoo.addons.base.models.ir_cron: Skipping database 19_theme_setting as its base version is not 19.0.1.3. 
2026-07-15 12:15:18,553 49738 WARNING manas odoo.addons.base.models.ir_cron: Skipping database manas as its base version is not 19.0.1.3. 
2026-07-15 12:15:18,557 49738 WARNING odoo_19_test_try odoo.addons.base.models.ir_cron: Skipping database odoo_19_test_try as its base version is not 19.0.1.3. 
2026-07-15 12:15:18,560 49738 WARNING theme_test odoo.addons.base.models.ir_cron: Skipping database theme_test as its base version is not 19.0.1.3. 
2026-07-15 12:15:29,319 49738 INFO oca_module_testing werkzeug: 127.0.0.1 - - [15/Jul/2026 12:15:29] "POST /web/dataset/call_kw/account.move/get_analytix_dashboard_data#account.move.get_analytix_dashboard_data HTTP/1.1" 200 - 29 0.018 0.025
2026-07-15 12:15:29,341 49738 INFO oca_module_testing werkzeug: 127.0.0.1 - - [15/Jul/2026 12:15:29] "POST /web/dataset/call_kw/account.move/get_analytix_invoices_data#account.move.get_analytix_invoices_data HTTP/1.1" 200 - 7 0.005 0.011
2026-07-15 12:15:31,536 49738 INFO oca_module_testing werkzeug: 127.0.0.1 - - [15/Jul/2026 12:15:31] "POST /web/dataset/call_kw/account.move/web_read#account.move.web_read HTTP/1.1" 200 - 72 0.049 0.083
2026-07-15 12:15:31,739 49738 INFO oca_module_testing werkzeug: 127.0.0.1 - - [15/Jul/2026 12:15:31] "POST /mail/thread/messages HTTP/1.1" 200 - 22 0.020 0.026
2026-07-15 12:15:31,808 49738 INFO oca_module_testing werkzeug: 127.0.0.1 - - [15/Jul/2026 12:15:31] "POST /mail/data HTTP/1.1" 200 - 40 0.033 0.051
2026-07-15 12:15:33,180 49738 INFO oca_module_testing werkzeug: 127.0.0.1 - - [15/Jul/2026 12:15:33] "POST /web/dataset/call_kw/ir.actions.report/get_valid_action_reports#ir.actions.report.get_valid_action_reports HTTP/1.1" 200 - 3 0.004 0.010
2026-07-15 12:15:33,186 49738 INFO oca_module_testing werkzeug: 127.0.0.1 - - [15/Jul/2026 12:15:33] "POST /web/dataset/call_kw/account.move/get_extra_print_items#account.move.get_extra_print_items HTTP/1.1" 200 - 7 0.007 0.012
2026-07-15 12:15:34,365 49738 INFO oca_module_testing werkzeug: 127.0.0.1 - - [15/Jul/2026 12:15:34] "POST /web/action/load HTTP/1.1" 200 - 9 0.005 0.008
2026-07-15 12:15:34,530 49738 INFO oca_module_testing werkzeug: 127.0.0.1 - - [15/Jul/2026 12:15:34] "GET /web/assets/2b51544/web.report_assets_common.autoprefixed.min.css HTTP/1.1" 200 - 3 0.002 0.005
2026-07-15 12:15:34,530 49738 INFO oca_module_testing werkzeug: 127.0.0.1 - - [15/Jul/2026 12:15:34] "GET /web/assets/cbc0331/web.report_assets_pdf.autoprefixed.min.css HTTP/1.1" 200 - 3 0.002 0.006
2026-07-15 12:15:34,570 49738 INFO ? werkzeug: 127.0.0.1 - - [15/Jul/2026 12:15:34] "GET /web/static/fonts/lato/Lato-Reg-webfont.woff HTTP/1.1" 200 - 0 0.000 0.001
2026-07-15 12:15:34,583 49738 INFO ? werkzeug: 127.0.0.1 - - [15/Jul/2026 12:15:34] "GET /web/static/fonts/lato/Lato-Lig-webfont.woff HTTP/1.1" 200 - 0 0.000 0.004
2026-07-15 12:15:34,585 49738 INFO ? werkzeug: 127.0.0.1 - - [15/Jul/2026 12:15:34] "GET /web/static/fonts/lato/Lato-Hai-webfont.woff HTTP/1.1" 200 - 0 0.000 0.006
2026-07-15 12:15:34,586 49738 INFO ? werkzeug: 127.0.0.1 - - [15/Jul/2026 12:15:34] "GET /web/static/fonts/lato/Lato-Bol-webfont.woff HTTP/1.1" 200 - 0 0.000 0.004
2026-07-15 12:15:34,587 49738 INFO ? werkzeug: 127.0.0.1 - - [15/Jul/2026 12:15:34] "GET /web/static/fonts/lato/Lato-Bla-webfont.woff HTTP/1.1" 200 - 0 0.000 0.004
2026-07-15 12:15:36,770 49738 INFO oca_module_testing odoo.addons.base.models.ir_actions_report: The PDF report has been generated for model: account.move, records [3]. 
2026-07-15 12:15:36,790 49738 INFO oca_module_testing werkzeug: 127.0.0.1 - - [15/Jul/2026 12:15:36] "POST /report/download HTTP/1.1" 200 - 52 0.041 2.378
2026-07-15 12:15:36,812 49738 INFO oca_module_testing werkzeug: 127.0.0.1 - - [15/Jul/2026 12:15:36] "POST /mail/thread/messages HTTP/1.1" 200 - 5 0.006 0.008
2026-07-15 12:15:36,922 49738 INFO oca_module_testing werkzeug: 127.0.0.1 - - [15/Jul/2026 12:15:36] "POST /web/dataset/call_kw/account.move/web_read#account.move.web_read HTTP/1.1" 200 - 57 0.049 0.074
2026-07-15 12:15:37,035 49738 INFO oca_module_testing werkzeug: 127.0.0.1 - - [15/Jul/2026 12:15:37] "POST /mail/data HTTP/1.1" 200 - 36 0.019 0.037
2026-07-15 12:15:55,200 49738 WARNING 19_theme_setting odoo.addons.base.models.ir_cron: Skipping database 19_theme_setting as its base version is not 19.0.1.3. 
2026-07-15 12:15:55,207 49738 WARNING manas odoo.addons.base.models.ir_cron: Skipping database manas as its base version is not 19.0.1.3. 
2026-07-15 12:15:55,214 49738 WARNING odoo_19_test_try odoo.addons.base.models.ir_cron: Skipping database odoo_19_test_try as its base version is not 19.0.1.3. 
2026-07-15 12:15:55,218 49738 WARNING theme_test odoo.addons.base.models.ir_cron: Skipping database theme_test as its base version is not 19.0.1.3. 
2026-07-15 12:16:18,633 49738 WARNING 19_theme_setting odoo.addons.base.models.ir_cron: Skipping database 19_theme_setting as its base version is not 19.0.1.3. 
2026-07-15 12:16:18,637 49738 WARNING manas odoo.addons.base.models.ir_cron: Skipping database manas as its base version is not 19.0.1.3. 
2026-07-15 12:16:18,640 49738 WARNING odoo_19_test_try odoo.addons.base.models.ir_cron: Skipping database odoo_19_test_try as its base version is not 19.0.1.3. 
2026-07-15 12:16:18,643 49738 WARNING theme_test odoo.addons.base.models.ir_cron: Skipping database theme_test as its base version is not 19.0.1.3. 
2026-07-15 12:16:56,309 49738 WARNING 19_theme_setting odoo.addons.base.models.ir_cron: Skipping database 19_theme_setting as its base version is not 19.0.1.3. 
2026-07-15 12:16:56,318 49738 WARNING manas odoo.addons.base.models.ir_cron: Skipping database manas as its base version is not 19.0.1.3. 
2026-07-15 12:16:56,325 49738 WARNING odoo_19_test_try odoo.addons.base.models.ir_cron: Skipping database odoo_19_test_try as its base version is not 19.0.1.3. 
2026-07-15 12:16:56,329 49738 WARNING theme_test odoo.addons.base.models.ir_cron: Skipping database theme_test as its base version is not 19.0.1.3. 
2026-07-15 12:17:18,718 49738 WARNING 19_theme_setting odoo.addons.base.models.ir_cron: Skipping database 19_theme_setting as its base version is not 19.0.1.3. 
2026-07-15 12:17:18,722 49738 WARNING manas odoo.addons.base.models.ir_cron: Skipping database manas as its base version is not 19.0.1.3. 
2026-07-15 12:17:18,726 49738 WARNING odoo_19_test_try odoo.addons.base.models.ir_cron: Skipping database odoo_19_test_try as its base version is not 19.0.1.3. 
2026-07-15 12:17:18,727 49738 WARNING theme_test odoo.addons.base.models.ir_cron: Skipping database theme_test as its base version is not 19.0.1.3. 
2026-07-15 12:17:57,432 49738 WARNING 19_theme_setting odoo.addons.base.models.ir_cron: Skipping database 19_theme_setting as its base version is not 19.0.1.3. 
2026-07-15 12:17:57,439 49738 WARNING manas odoo.addons.base.models.ir_cron: Skipping database manas as its base version is not 19.0.1.3. 
2026-07-15 12:17:57,445 49738 WARNING odoo_19_test_try odoo.addons.base.models.ir_cron: Skipping database odoo_19_test_try as its base version is not 19.0.1.3. 
2026-07-15 12:17:57,467 49738 INFO tezzzzzzzzzzzzzzzzzzzzz odoo.addons.base.models.ir_cron: Job 'Payment: Post-process transactions' (15) starting 
2026-07-15 12:17:57,506 49738 INFO tezzzzzzzzzzzzzzzzzzzzz odoo.addons.base.models.ir_cron: Job 'Payment: Post-process transactions' (15) fully done (#loop 1; done 0; remaining 0; duration 0.04s) 
2026-07-15 12:17:57,513 49738 WARNING theme_test odoo.addons.base.models.ir_cron: Skipping database theme_test as its base version is not 19.0.1.3. 
2026-07-15 12:18:18,748 49738 WARNING 19_theme_setting odoo.addons.base.models.ir_cron: Skipping database 19_theme_setting as its base version is not 19.0.1.3. 
2026-07-15 12:18:18,755 49738 WARNING manas odoo.addons.base.models.ir_cron: Skipping database manas as its base version is not 19.0.1.3. 
2026-07-15 12:18:18,761 49738 WARNING odoo_19_test_try odoo.addons.base.models.ir_cron: Skipping database odoo_19_test_try as its base version is not 19.0.1.3. 
2026-07-15 12:18:18,764 49738 WARNING theme_test odoo.addons.base.models.ir_cron: Skipping database theme_test as its base version is not 19.0.1.3. 
2026-07-15 12:18:58,604 49738 WARNING 19_theme_setting odoo.addons.base.models.ir_cron: Skipping database 19_theme_setting as its base version is not 19.0.1.3. 
2026-07-15 12:18:58,612 49738 WARNING manas odoo.addons.base.models.ir_cron: Skipping database manas as its base version is not 19.0.1.3. 
2026-07-15 12:18:58,618 49738 WARNING odoo_19_test_try odoo.addons.base.models.ir_cron: Skipping database odoo_19_test_try as its base version is not 19.0.1.3. 
2026-07-15 12:18:58,621 49738 WARNING theme_test odoo.addons.base.models.ir_cron: Skipping database theme_test as its base version is not 19.0.1.3. 
2026-07-15 12:19:18,836 49738 WARNING 19_theme_setting odoo.addons.base.models.ir_cron: Skipping database 19_theme_setting as its base version is not 19.0.1.3. 
2026-07-15 12:19:18,841 49738 WARNING manas odoo.addons.base.models.ir_cron: Skipping database manas as its base version is not 19.0.1.3. 
2026-07-15 12:19:18,847 49738 WARNING odoo_19_test_try odoo.addons.base.models.ir_cron: Skipping database odoo_19_test_try as its base version is not 19.0.1.3. 
2026-07-15 12:19:18,848 49738 WARNING theme_test odoo.addons.base.models.ir_cron: Skipping database theme_test as its base version is not 19.0.1.3. 
2026-07-15 12:19:59,716 49738 WARNING 19_theme_setting odoo.addons.base.models.ir_cron: Skipping database 19_theme_setting as its base version is not 19.0.1.3. 
2026-07-15 12:19:59,722 49738 WARNING manas odoo.addons.base.models.ir_cron: Skipping database manas as its base version is not 19.0.1.3. 
2026-07-15 12:19:59,727 49738 WARNING odoo_19_test_try odoo.addons.base.models.ir_cron: Skipping database odoo_19_test_try as its base version is not 19.0.1.3. 
2026-07-15 12:19:59,730 49738 WARNING theme_test odoo.addons.base.models.ir_cron: Skipping database theme_test as its base version is not 19.0.1.3. 
2026-07-15 12:20:18,933 49738 WARNING 19_theme_setting odoo.addons.base.models.ir_cron: Skipping database 19_theme_setting as its base version is not 19.0.1.3. 
2026-07-15 12:20:18,939 49738 WARNING manas odoo.addons.base.models.ir_cron: Skipping database manas as its base version is not 19.0.1.3. 
2026-07-15 12:20:18,946 49738 WARNING odoo_19_test_try odoo.addons.base.models.ir_cron: Skipping database odoo_19_test_try as its base version is not 19.0.1.3. 
2026-07-15 12:20:18,949 49738 WARNING theme_test odoo.addons.base.models.ir_cron: Skipping database theme_test as its base version is not 19.0.1.3. 
2026-07-15 12:21:00,824 49738 WARNING 19_theme_setting odoo.addons.base.models.ir_cron: Skipping database 19_theme_setting as its base version is not 19.0.1.3. 
2026-07-15 12:21:00,831 49738 WARNING manas odoo.addons.base.models.ir_cron: Skipping database manas as its base version is not 19.0.1.3. 
2026-07-15 12:21:00,837 49738 WARNING odoo_19_test_try odoo.addons.base.models.ir_cron: Skipping database odoo_19_test_try as its base version is not 19.0.1.3. 
2026-07-15 12:21:00,841 49738 WARNING theme_test odoo.addons.base.models.ir_cron: Skipping database theme_test as its base version is not 19.0.1.3. 
2026-07-15 12:21:19,021 49738 WARNING 19_theme_setting odoo.addons.base.models.ir_cron: Skipping database 19_theme_setting as its base version is not 19.0.1.3. 
2026-07-15 12:21:19,027 49738 WARNING manas odoo.addons.base.models.ir_cron: Skipping database manas as its base version is not 19.0.1.3. 
2026-07-15 12:21:19,033 49738 WARNING odoo_19_test_try odoo.addons.base.models.ir_cron: Skipping database odoo_19_test_try as its base version is not 19.0.1.3. 
2026-07-15 12:21:19,036 49738 WARNING theme_test odoo.addons.base.models.ir_cron: Skipping database theme_test as its base version is not 19.0.1.3. 
2026-07-15 12:22:01,939 49738 WARNING 19_theme_setting odoo.addons.base.models.ir_cron: Skipping database 19_theme_setting as its base version is not 19.0.1.3. 
2026-07-15 12:22:01,946 49738 WARNING manas odoo.addons.base.models.ir_cron: Skipping database manas as its base version is not 19.0.1.3. 
2026-07-15 12:22:01,952 49738 WARNING odoo_19_test_try odoo.addons.base.models.ir_cron: Skipping database odoo_19_test_try as its base version is not 19.0.1.3. 
2026-07-15 12:22:01,955 49738 WARNING theme_test odoo.addons.base.models.ir_cron: Skipping database theme_test as its base version is not 19.0.1.3. 
2026-07-15 12:22:19,118 49738 WARNING 19_theme_setting odoo.addons.base.models.ir_cron: Skipping database 19_theme_setting as its base version is not 19.0.1.3. 
2026-07-15 12:22:19,124 49738 WARNING manas odoo.addons.base.models.ir_cron: Skipping database manas as its base version is not 19.0.1.3. 
2026-07-15 12:22:19,130 49738 WARNING odoo_19_test_try odoo.addons.base.models.ir_cron: Skipping database odoo_19_test_try as its base version is not 19.0.1.3. 
2026-07-15 12:22:19,133 49738 WARNING theme_test odoo.addons.base.models.ir_cron: Skipping database theme_test as its base version is not 19.0.1.3. 
2026-07-15 12:23:03,068 49738 WARNING 19_theme_setting odoo.addons.base.models.ir_cron: Skipping database 19_theme_setting as its base version is not 19.0.1.3. 
2026-07-15 12:23:03,075 49738 WARNING manas odoo.addons.base.models.ir_cron: Skipping database manas as its base version is not 19.0.1.3. 
2026-07-15 12:23:03,083 49738 WARNING odoo_19_test_try odoo.addons.base.models.ir_cron: Skipping database odoo_19_test_try as its base version is not 19.0.1.3. 
2026-07-15 12:23:03,086 49738 WARNING theme_test odoo.addons.base.models.ir_cron: Skipping database theme_test as its base version is not 19.0.1.3. 
2026-07-15 12:23:19,250 49738 WARNING 19_theme_setting odoo.addons.base.models.ir_cron: Skipping database 19_theme_setting as its base version is not 19.0.1.3. 
2026-07-15 12:23:19,256 49738 WARNING manas odoo.addons.base.models.ir_cron: Skipping database manas as its base version is not 19.0.1.3. 
2026-07-15 12:23:19,262 49738 WARNING odoo_19_test_try odoo.addons.base.models.ir_cron: Skipping database odoo_19_test_try as its base version is not 19.0.1.3. 
2026-07-15 12:23:19,265 49738 WARNING theme_test odoo.addons.base.models.ir_cron: Skipping database theme_test as its base version is not 19.0.1.3. 
2026-07-15 12:24:04,179 49738 WARNING 19_theme_setting odoo.addons.base.models.ir_cron: Skipping database 19_theme_setting as its base version is not 19.0.1.3. 
2026-07-15 12:24:04,187 49738 WARNING manas odoo.addons.base.models.ir_cron: Skipping database manas as its base version is not 19.0.1.3. 
2026-07-15 12:24:04,193 49738 WARNING odoo_19_test_try odoo.addons.base.models.ir_cron: Skipping database odoo_19_test_try as its base version is not 19.0.1.3. 
2026-07-15 12:24:04,196 49738 WARNING theme_test odoo.addons.base.models.ir_cron: Skipping database theme_test as its base version is not 19.0.1.3. 
2026-07-15 12:24:19,354 49738 WARNING 19_theme_setting odoo.addons.base.models.ir_cron: Skipping database 19_theme_setting as its base version is not 19.0.1.3. 
2026-07-15 12:24:19,367 49738 WARNING manas odoo.addons.base.models.ir_cron: Skipping database manas as its base version is not 19.0.1.3. 
2026-07-15 12:24:19,375 49738 WARNING odoo_19_test_try odoo.addons.base.models.ir_cron: Skipping database odoo_19_test_try as its base version is not 19.0.1.3. 
2026-07-15 12:24:19,382 49738 WARNING theme_test odoo.addons.base.models.ir_cron: Skipping database theme_test as its base version is not 19.0.1.3. 
2026-07-15 12:25:05,288 49738 WARNING 19_theme_setting odoo.addons.base.models.ir_cron: Skipping database 19_theme_setting as its base version is not 19.0.1.3. 
2026-07-15 12:25:05,295 49738 WARNING manas odoo.addons.base.models.ir_cron: Skipping database manas as its base version is not 19.0.1.3. 
2026-07-15 12:25:05,302 49738 WARNING odoo_19_test_try odoo.addons.base.models.ir_cron: Skipping database odoo_19_test_try as its base version is not 19.0.1.3. 
2026-07-15 12:25:05,305 49738 WARNING theme_test odoo.addons.base.models.ir_cron: Skipping database theme_test as its base version is not 19.0.1.3. 
2026-07-15 12:25:19,468 49738 WARNING 19_theme_setting odoo.addons.base.models.ir_cron: Skipping database 19_theme_setting as its base version is not 19.0.1.3. 
2026-07-15 12:25:19,475 49738 WARNING manas odoo.addons.base.models.ir_cron: Skipping database manas as its base version is not 19.0.1.3. 
2026-07-15 12:25:19,481 49738 WARNING odoo_19_test_try odoo.addons.base.models.ir_cron: Skipping database odoo_19_test_try as its base version is not 19.0.1.3. 
2026-07-15 12:25:19,484 49738 WARNING theme_test odoo.addons.base.models.ir_cron: Skipping database theme_test as its base version is not 19.0.1.3. 
2026-07-15 12:25:27,623 49738 INFO oca_module_testing werkzeug: 127.0.0.1 - - [15/Jul/2026 12:25:27] "POST /web/dataset/call_kw/account.move/get_analytix_dashboard_data#account.move.get_analytix_dashboard_data HTTP/1.1" 200 - 29 0.019 0.029
2026-07-15 12:25:27,647 49738 INFO oca_module_testing werkzeug: 127.0.0.1 - - [15/Jul/2026 12:25:27] "POST /web/dataset/call_kw/account.move/get_analytix_invoices_data#account.move.get_analytix_invoices_data HTTP/1.1" 200 - 7 0.005 0.013
2026-07-15 12:25:58,865 49738 INFO ? odoo.registry: Reloading the model registry after database signaling. 
2026-07-15 12:25:58,881 49738 INFO ? odoo.modules.loading: loading 1 modules... 
2026-07-15 12:25:58,886 49738 INFO ? odoo.modules.loading: 1 modules loaded in 0.00s, 0 queries (+0 extra) 
2026-07-15 12:25:58,892 49738 INFO ? odoo.modules.loading: loading 85 modules... 
2026-07-15 12:25:58,923 49738 INFO ? odoo.modules.loading: 85 modules loaded in 0.03s, 0 queries (+0 extra) 
2026-07-15 12:25:59,091 49738 INFO ? odoo.modules.loading: Modules loaded. 
2026-07-15 12:25:59,111 49738 INFO ? odoo.registry: Registry loaded in 0.245s 
2026-07-15 12:25:59,111 49738 INFO oca_module_testing odoo.addons.base.models.ir_http: Generating routing map for key None 
2026-07-15 12:25:59,252 49738 INFO oca_module_testing werkzeug: 127.0.0.1 - - [15/Jul/2026 12:25:59] "POST /web/dataset/call_kw/account.move/web_read#account.move.web_read HTTP/1.1" 200 - 110 0.059 0.333
2026-07-15 12:25:59,384 49738 INFO oca_module_testing werkzeug: 127.0.0.1 - - [15/Jul/2026 12:25:59] "POST /mail/thread/messages HTTP/1.1" 200 - 10 0.014 0.013
2026-07-15 12:25:59,407 49738 INFO oca_module_testing werkzeug: 127.0.0.1 - - [15/Jul/2026 12:25:59] "POST /mail/data HTTP/1.1" 200 - 43 0.025 0.025
2026-07-15 12:26:06,363 49738 WARNING 19_theme_setting odoo.addons.base.models.ir_cron: Skipping database 19_theme_setting as its base version is not 19.0.1.3. 
2026-07-15 12:26:06,369 49738 WARNING manas odoo.addons.base.models.ir_cron: Skipping database manas as its base version is not 19.0.1.3. 
2026-07-15 12:26:06,376 49738 WARNING odoo_19_test_try odoo.addons.base.models.ir_cron: Skipping database odoo_19_test_try as its base version is not 19.0.1.3. 
2026-07-15 12:26:06,379 49738 WARNING theme_test odoo.addons.base.models.ir_cron: Skipping database theme_test as its base version is not 19.0.1.3. 
2026-07-15 12:26:19,551 49738 WARNING 19_theme_setting odoo.addons.base.models.ir_cron: Skipping database 19_theme_setting as its base version is not 19.0.1.3. 
2026-07-15 12:26:19,577 49738 INFO 360_dash_analytix odoo.addons.base.models.ir_cron: Job 'Notification: Notify scheduled messages' (8) starting 
2026-07-15 12:26:19,617 49738 INFO 360_dash_analytix odoo.addons.base.models.ir_cron: Job 'Notification: Notify scheduled messages' (8) fully done (#loop 1; done 0; remaining 0; duration 0.04s) 
2026-07-15 12:26:19,626 49738 INFO 360_dash_analytix odoo.addons.base.models.ir_cron: Job 'Mail: Email Queue Manager' (3) starting 
2026-07-15 12:26:19,639 49738 INFO 360_dash_analytix odoo.addons.base.models.ir_cron: Job 'Mail: Email Queue Manager' (3) fully done (#loop 1; done 0; remaining 0; duration 0.01s) 
2026-07-15 12:26:19,645 49738 WARNING manas odoo.addons.base.models.ir_cron: Skipping database manas as its base version is not 19.0.1.3. 
2026-07-15 12:26:19,650 49738 WARNING odoo_19_test_try odoo.addons.base.models.ir_cron: Skipping database odoo_19_test_try as its base version is not 19.0.1.3. 
2026-07-15 12:26:19,653 49738 WARNING theme_test odoo.addons.base.models.ir_cron: Skipping database theme_test as its base version is not 19.0.1.3. 
2026-07-15 12:27:07,469 49738 WARNING 19_theme_setting odoo.addons.base.models.ir_cron: Skipping database 19_theme_setting as its base version is not 19.0.1.3. 
2026-07-15 12:27:07,475 49738 WARNING manas odoo.addons.base.models.ir_cron: Skipping database manas as its base version is not 19.0.1.3. 
2026-07-15 12:27:07,484 49738 INFO oca_module_testing odoo.addons.base.models.ir_cron: Job 'Base: Auto-vacuum internal data' (1) starting 
2026-07-15 12:27:08,031 49738 INFO oca_module_testing odoo.addons.base.models.res_users: GC 'auth_totp.device' delete 0 entries 
2026-07-15 12:27:08,169 49738 INFO oca_module_testing odoo.addons.sms.models.sms_sms: GC'd 0 sms marked for deletion 
2026-07-15 12:27:08,227 49738 INFO oca_module_testing odoo.addons.base.models.res_device: GC device logs delete 0 entries 
2026-07-15 12:27:08,328 49738 INFO oca_module_testing odoo.addons.base.models.res_users: GC'd 0 user log entries 
2026-07-15 12:27:08,338 49738 INFO oca_module_testing odoo.addons.base.models.ir_attachment: filestore gc 0 checked, 0 removed 
2026-07-15 12:27:08,357 49738 INFO oca_module_testing odoo.addons.base.models.res_users: GC 'res.users.apikeys' delete 0 entries 
2026-07-15 12:27:08,392 49738 INFO oca_module_testing odoo.addons.api_doc.models.ir_attachment: GC'd 0 /doc cached index 
2026-07-15 12:27:08,448 49738 INFO oca_module_testing odoo.addons.base.models.res_device: GC device logs delete 0 entries 
2026-07-15 12:27:08,510 49738 INFO oca_module_testing odoo.addons.base.models.ir_cron: Job 'Base: Auto-vacuum internal data' (1) fully done (#loop 1; done 129; remaining 0; duration 1.03s) 
2026-07-15 12:27:08,513 49738 WARNING odoo_19_test_try odoo.addons.base.models.ir_cron: Skipping database odoo_19_test_try as its base version is not 19.0.1.3. 
2026-07-15 12:27:08,516 49738 WARNING theme_test odoo.addons.base.models.ir_cron: Skipping database theme_test as its base version is not 19.0.1.3. 
2026-07-15 12:27:19,734 49738 WARNING 19_theme_setting odoo.addons.base.models.ir_cron: Skipping database 19_theme_setting as its base version is not 19.0.1.3. 
2026-07-15 12:27:19,742 49738 WARNING manas odoo.addons.base.models.ir_cron: Skipping database manas as its base version is not 19.0.1.3. 
2026-07-15 12:27:19,748 49738 WARNING odoo_19_test_try odoo.addons.base.models.ir_cron: Skipping database odoo_19_test_try as its base version is not 19.0.1.3. 
2026-07-15 12:27:19,751 49738 WARNING theme_test odoo.addons.base.models.ir_cron: Skipping database theme_test as its base version is not 19.0.1.3. 
2026-07-15 12:28:09,606 49738 WARNING 19_theme_setting odoo.addons.base.models.ir_cron: Skipping database 19_theme_setting as its base version is not 19.0.1.3. 
2026-07-15 12:28:09,609 49738 WARNING manas odoo.addons.base.models.ir_cron: Skipping database manas as its base version is not 19.0.1.3. 
2026-07-15 12:28:09,613 49738 WARNING odoo_19_test_try odoo.addons.base.models.ir_cron: Skipping database odoo_19_test_try as its base version is not 19.0.1.3. 
2026-07-15 12:28:09,627 49738 INFO tezzzzzzzzzzzzzzzzzzzzz odoo.addons.base.models.ir_cron: Job 'Payment: Post-process transactions' (15) starting 
2026-07-15 12:28:09,653 49738 INFO tezzzzzzzzzzzzzzzzzzzzz odoo.addons.base.models.ir_cron: Job 'Payment: Post-process transactions' (15) fully done (#loop 1; done 0; remaining 0; duration 0.03s) 
2026-07-15 12:28:09,660 49738 WARNING theme_test odoo.addons.base.models.ir_cron: Skipping database theme_test as its base version is not 19.0.1.3. 
2026-07-15 12:28:19,833 49738 WARNING 19_theme_setting odoo.addons.base.models.ir_cron: Skipping database 19_theme_setting as its base version is not 19.0.1.3. 
2026-07-15 12:28:19,841 49738 WARNING manas odoo.addons.base.models.ir_cron: Skipping database manas as its base version is not 19.0.1.3. 
2026-07-15 12:28:19,864 49738 WARNING odoo_19_test_try odoo.addons.base.models.ir_cron: Skipping database odoo_19_test_try as its base version is not 19.0.1.3. 
2026-07-15 12:28:19,867 49738 WARNING theme_test odoo.addons.base.models.ir_cron: Skipping database theme_test as its base version is not 19.0.1.3. 
2026-07-15 12:29:10,792 49738 WARNING 19_theme_setting odoo.addons.base.models.ir_cron: Skipping database 19_theme_setting as its base version is not 19.0.1.3. 
2026-07-15 12:29:10,801 49738 WARNING manas odoo.addons.base.models.ir_cron: Skipping database manas as its base version is not 19.0.1.3. 
2026-07-15 12:29:10,809 49738 WARNING odoo_19_test_try odoo.addons.base.models.ir_cron: Skipping database odoo_19_test_try as its base version is not 19.0.1.3. 
2026-07-15 12:29:10,813 49738 WARNING theme_test odoo.addons.base.models.ir_cron: Skipping database theme_test as its base version is not 19.0.1.3. 
2026-07-15 12:29:19,950 49738 WARNING 19_theme_setting odoo.addons.base.models.ir_cron: Skipping database 19_theme_setting as its base version is not 19.0.1.3. 
2026-07-15 12:29:19,958 49738 WARNING manas odoo.addons.base.models.ir_cron: Skipping database manas as its base version is not 19.0.1.3. 
2026-07-15 12:29:19,963 49738 WARNING odoo_19_test_try odoo.addons.base.models.ir_cron: Skipping database odoo_19_test_try as its base version is not 19.0.1.3. 
2026-07-15 12:29:19,967 49738 WARNING theme_test odoo.addons.base.models.ir_cron: Skipping database theme_test as its base version is not 19.0.1.3. 
2026-07-15 12:30:11,906 49738 WARNING 19_theme_setting odoo.addons.base.models.ir_cron: Skipping database 19_theme_setting as its base version is not 19.0.1.3. 
2026-07-15 12:30:11,914 49738 WARNING manas odoo.addons.base.models.ir_cron: Skipping database manas as its base version is not 19.0.1.3. 
2026-07-15 12:30:11,919 49738 WARNING odoo_19_test_try odoo.addons.base.models.ir_cron: Skipping database odoo_19_test_try as its base version is not 19.0.1.3. 
2026-07-15 12:30:11,923 49738 WARNING theme_test odoo.addons.base.models.ir_cron: Skipping database theme_test as its base version is not 19.0.1.3. 
2026-07-15 12:30:20,040 49738 WARNING 19_theme_setting odoo.addons.base.models.ir_cron: Skipping database 19_theme_setting as its base version is not 19.0.1.3. 
2026-07-15 12:30:20,049 49738 WARNING manas odoo.addons.base.models.ir_cron: Skipping database manas as its base version is not 19.0.1.3. 
2026-07-15 12:30:20,054 49738 WARNING odoo_19_test_try odoo.addons.base.models.ir_cron: Skipping database odoo_19_test_try as its base version is not 19.0.1.3. 
2026-07-15 12:30:20,058 49738 WARNING theme_test odoo.addons.base.models.ir_cron: Skipping database theme_test as its base version is not 19.0.1.3. 
2026-07-15 12:31:09,624 49738 INFO oca_module_testing werkzeug: 127.0.0.1 - - [15/Jul/2026 12:31:09] "GET /odoo/action-388/account.move/10 HTTP/1.1" 200 - 66 0.026 0.504
2026-07-15 12:31:09,753 49738 INFO oca_module_testing werkzeug: 127.0.0.1 - - [15/Jul/2026 12:31:09] "GET /web/webclient/load_menus HTTP/1.1" 200 - 12 0.014 0.050
2026-07-15 12:31:10,086 49738 INFO oca_module_testing werkzeug: 127.0.0.1 - - [15/Jul/2026 12:31:10] "GET /web/webclient/translations?hash=&lang=en_US HTTP/1.1" 200 - 2 0.002 0.007
2026-07-15 12:31:10,326 49738 INFO oca_module_testing werkzeug: 127.0.0.1 - - [15/Jul/2026 12:31:10] "GET /web/image?model=res.users&field=avatar_128&id=2 HTTP/1.1" 304 - 16 0.020 0.023
2026-07-15 12:31:10,341 49738 INFO oca_module_testing werkzeug: 127.0.0.1 - - [15/Jul/2026 12:31:10] "GET /bus/websocket_worker_bundle?v=19.0-2 HTTP/1.1" 304 - 4 0.008 0.032
2026-07-15 12:31:10,405 49738 INFO oca_module_testing werkzeug: 127.0.0.1 - - [15/Jul/2026 12:31:10] "GET /websocket?version=19.0-2 HTTP/1.1" 101 - 1 0.001 0.037
2026-07-15 12:31:10,719 49738 INFO oca_module_testing werkzeug: 127.0.0.1 - - [15/Jul/2026 12:31:10] "POST /mail/data HTTP/1.1" 200 - 60 0.353 0.067
2026-07-15 12:31:10,721 49738 INFO oca_module_testing werkzeug: 127.0.0.1 - - [15/Jul/2026 12:31:10] "GET /web/service-worker.js HTTP/1.1" 200 - 1 0.006 0.073
2026-07-15 12:31:10,786 49738 INFO oca_module_testing werkzeug: 127.0.0.1 - - [15/Jul/2026 12:31:10] "POST /web/dataset/call_kw/account.move/get_views#account.move.get_views HTTP/1.1" 200 - 72 0.048 0.450
2026-07-15 12:31:10,854 49738 INFO oca_module_testing werkzeug: 127.0.0.1 - - [15/Jul/2026 12:31:10] "POST /web/dataset/call_kw/account.move/web_read#account.move.web_read HTTP/1.1" 200 - 42 0.016 0.027
2026-07-15 12:31:10,945 49738 INFO oca_module_testing werkzeug: 127.0.0.1 - - [15/Jul/2026 12:31:10] "POST /web/dataset/call_kw/ir.http/lazy_session_info#ir.http.lazy_session_info HTTP/1.1" 200 - 2 0.001 0.002
2026-07-15 12:31:11,099 49738 INFO oca_module_testing werkzeug: 127.0.0.1 - - [15/Jul/2026 12:31:11] "POST /mail/thread/messages HTTP/1.1" 200 - 26 0.025 0.017
2026-07-15 12:31:11,101 49738 INFO oca_module_testing werkzeug: 127.0.0.1 - - [15/Jul/2026 12:31:11] "POST /mail/data HTTP/1.1" 200 - 26 0.027 0.018
2026-07-15 12:31:11,146 49738 INFO oca_module_testing werkzeug: 127.0.0.1 - - [15/Jul/2026 12:31:11] "GET /web/bundle/web.assets_emoji?lang=en_US&debug=1 HTTP/1.1" 200 - 2 0.001 0.003
2026-07-15 12:31:12,777 49738 INFO oca_module_testing werkzeug: 127.0.0.1 - - [15/Jul/2026 12:31:12] "POST /web/action/load HTTP/1.1" 200 - 10 0.002 0.005
2026-07-15 12:31:13,008 49738 WARNING 19_theme_setting odoo.addons.base.models.ir_cron: Skipping database 19_theme_setting as its base version is not 19.0.1.3. 
2026-07-15 12:31:13,013 49738 WARNING manas odoo.addons.base.models.ir_cron: Skipping database manas as its base version is not 19.0.1.3. 
2026-07-15 12:31:13,021 49738 WARNING odoo_19_test_try odoo.addons.base.models.ir_cron: Skipping database odoo_19_test_try as its base version is not 19.0.1.3. 
2026-07-15 12:31:13,043 49738 INFO oca_module_testing werkzeug: 127.0.0.1 - - [15/Jul/2026 12:31:13] "POST /web/dataset/call_kw/res.config.settings/get_views#res.config.settings.get_views HTTP/1.1" 200 - 401 0.070 0.182
2026-07-15 12:31:13,045 49738 WARNING theme_test odoo.addons.base.models.ir_cron: Skipping database theme_test as its base version is not 19.0.1.3. 
2026-07-15 12:31:13,121 49738 INFO oca_module_testing werkzeug: 127.0.0.1 - - [15/Jul/2026 12:31:13] "POST /web/dataset/call_kw/res.config.settings/onchange#res.config.settings.onchange HTTP/1.1" 200 - 162 0.028 0.032
2026-07-15 12:31:13,212 49738 INFO oca_module_testing werkzeug: 127.0.0.1 - - [15/Jul/2026 12:31:13] "POST /base_setup/demo_active HTTP/1.1" 200 - 3 0.002 0.002
2026-07-15 12:31:13,222 49738 INFO oca_module_testing werkzeug: 127.0.0.1 - - [15/Jul/2026 12:31:13] "POST /base_setup/data HTTP/1.1" 200 - 6 0.002 0.003
2026-07-15 12:31:14,911 49738 INFO oca_module_testing werkzeug: 127.0.0.1 - - [15/Jul/2026 12:31:14] "POST /web/action/load HTTP/1.1" 200 - 11 0.002 0.005
2026-07-15 12:31:14,968 49738 INFO oca_module_testing werkzeug: 127.0.0.1 - - [15/Jul/2026 12:31:14] "POST /web/dataset/call_kw/ir.module.module/get_views#ir.module.module.get_views HTTP/1.1" 200 - 41 0.012 0.025
2026-07-15 12:31:14,978 49738 INFO oca_module_testing werkzeug: 127.0.0.1 - - [15/Jul/2026 12:31:14] "POST /web/dataset/call_kw/ir.module.module/search_panel_select_range#ir.module.module.search_panel_select_range HTTP/1.1" 200 - 1 0.000 0.002
2026-07-15 12:31:15,008 49738 INFO oca_module_testing werkzeug: 127.0.0.1 - - [15/Jul/2026 12:31:15] "POST /web/dataset/call_kw/ir.module.module/web_search_read#ir.module.module.web_search_read HTTP/1.1" 200 - 3 0.003 0.018
2026-07-15 12:31:15,008 49738 INFO oca_module_testing werkzeug: 127.0.0.1 - - [15/Jul/2026 12:31:15] "POST /web/dataset/call_kw/ir.module.module/check_module_update#ir.module.module.check_module_update HTTP/1.1" 200 - 2 0.002 0.003
2026-07-15 12:31:15,010 49738 INFO oca_module_testing werkzeug: 127.0.0.1 - - [15/Jul/2026 12:31:15] "POST /web/dataset/call_kw/ir.module.module/search_panel_select_range#ir.module.module.search_panel_select_range HTTP/1.1" 200 - 52 0.019 0.015
2026-07-15 12:31:15,050 49738 INFO oca_module_testing werkzeug: 127.0.0.1 - - [15/Jul/2026 12:31:15] "POST /web/dataset/call_kw/ir.module.module/check_module_update#ir.module.module.check_module_update HTTP/1.1" 200 - 2 0.001 0.002
2026-07-15 12:31:16,277 49738 INFO oca_module_testing werkzeug: 127.0.0.1 - - [15/Jul/2026 12:31:16] "POST /web/dataset/call_kw/ir.module.module/search_panel_select_range#ir.module.module.search_panel_select_range HTTP/1.1" 200 - 50 0.023 0.018
2026-07-15 12:31:16,277 49738 INFO oca_module_testing werkzeug: 127.0.0.1 - - [15/Jul/2026 12:31:16] "POST /web/dataset/call_kw/ir.module.module/web_search_read#ir.module.module.web_search_read HTTP/1.1" 200 - 4 0.007 0.030
2026-07-15 12:31:16,354 49738 INFO oca_module_testing werkzeug: 127.0.0.1 - - [15/Jul/2026 12:31:16] "POST /web/dataset/call_kw/ir.module.module/check_module_update#ir.module.module.check_module_update HTTP/1.1" 200 - 2 0.001 0.003
2026-07-15 12:31:18,381 49738 INFO oca_module_testing werkzeug: 127.0.0.1 - - [15/Jul/2026 12:31:18] "POST /web/dataset/call_kw/ir.module.module/search_panel_select_range#ir.module.module.search_panel_select_range HTTP/1.1" 200 - 50 0.011 0.014
2026-07-15 12:31:18,391 49738 INFO oca_module_testing werkzeug: 127.0.0.1 - - [15/Jul/2026 12:31:18] "POST /web/dataset/call_kw/ir.module.module/web_search_read#ir.module.module.web_search_read HTTP/1.1" 200 - 3 0.002 0.003
2026-07-15 12:31:18,401 49738 INFO oca_module_testing werkzeug: 127.0.0.1 - - [15/Jul/2026 12:31:18] "POST /web/dataset/call_kw/ir.module.module/check_module_update#ir.module.module.check_module_update HTTP/1.1" 200 - 2 0.001 0.002
2026-07-15 12:31:20,140 49738 WARNING 19_theme_setting odoo.addons.base.models.ir_cron: Skipping database 19_theme_setting as its base version is not 19.0.1.3. 
2026-07-15 12:31:20,145 49738 WARNING manas odoo.addons.base.models.ir_cron: Skipping database manas as its base version is not 19.0.1.3. 
2026-07-15 12:31:20,153 49738 WARNING odoo_19_test_try odoo.addons.base.models.ir_cron: Skipping database odoo_19_test_try as its base version is not 19.0.1.3. 
2026-07-15 12:31:20,156 49738 WARNING theme_test odoo.addons.base.models.ir_cron: Skipping database theme_test as its base version is not 19.0.1.3. 
2026-07-15 12:31:21,211 49738 INFO oca_module_testing odoo.addons.base.models.ir_module: ALLOW access to module.button_immediate_upgrade on ['Analytix 360 Finance Dashboard'] to user admin #2 via 127.0.0.1 
2026-07-15 12:31:21,212 49738 INFO oca_module_testing odoo.addons.base.models.ir_module: ALLOW access to module.button_upgrade on ['Analytix 360 Finance Dashboard'] to user admin #2 via 127.0.0.1 
2026-07-15 12:31:21,213 49738 INFO oca_module_testing odoo.addons.base.models.ir_module: ALLOW access to module.update_list on ['Analytix 360 Finance Dashboard'] to user admin #2 via 127.0.0.1 
2026-07-15 12:31:21,450 49738 WARNING oca_module_testing odoo.modules.module: Missing `author` key in manifest for 'analytix_finance_dashboard', defaulting to '' 
2026-07-15 12:31:22,369 49738 INFO oca_module_testing odoo.addons.base.models.ir_module: ALLOW access to module.button_install on [] to user admin #2 via 127.0.0.1 
2026-07-15 12:31:22,417 49738 INFO oca_module_testing odoo.modules.loading: loading 1 modules... 
2026-07-15 12:31:22,424 49738 INFO oca_module_testing odoo.modules.loading: 1 modules loaded in 0.01s, 0 queries (+0 extra) 
2026-07-15 12:31:22,459 49738 INFO oca_module_testing odoo.modules.loading: updating modules list 
2026-07-15 12:31:22,460 49738 INFO oca_module_testing odoo.addons.base.models.ir_module: ALLOW access to module.update_list on [] to user __system__ #1 via 127.0.0.1 
2026-07-15 12:31:22,669 49738 WARNING oca_module_testing odoo.modules.module: Missing `author` key in manifest for 'analytix_finance_dashboard', defaulting to '' 
2026-07-15 12:31:23,525 49738 INFO oca_module_testing odoo.modules.loading: loading 85 modules... 
2026-07-15 12:31:23,578 49738 INFO oca_module_testing odoo.modules.loading: Loading module analytix_finance_dashboard (77/85) 
2026-07-15 12:31:23,763 49738 INFO oca_module_testing odoo.registry: module analytix_finance_dashboard: creating or updating database tables 
2026-07-15 12:31:23,795 49738 WARNING oca_module_testing odoo.addons.base.models.ir_model: Two fields (sale_lock_date, tax_lock_date) of res.config.settings() have the same label: Hard Lock Date. [Modules: om_fiscal_year and om_fiscal_year] 
2026-07-15 12:31:23,795 49738 WARNING oca_module_testing odoo.addons.base.models.ir_model: Two fields (purchase_lock_date, tax_lock_date) of res.config.settings() have the same label: Hard Lock Date. [Modules: om_fiscal_year and om_fiscal_year] 
2026-07-15 12:31:23,795 49738 WARNING oca_module_testing odoo.addons.base.models.ir_model: Two fields (hard_lock_date, tax_lock_date) of res.config.settings() have the same label: Hard Lock Date. [Modules: om_fiscal_year and om_fiscal_year] 
2026-07-15 12:31:23,863 49738 INFO oca_module_testing odoo.modules.loading: loading analytix_finance_dashboard/security/ir.model.access.csv 
2026-07-15 12:31:23,870 49738 INFO oca_module_testing odoo.modules.loading: loading analytix_finance_dashboard/views/dashboard_action.xml 
2026-07-15 12:31:23,872 49738 INFO oca_module_testing odoo.modules.loading: loading analytix_finance_dashboard/views/menu_views.xml 
2026-07-15 12:31:23,878 49738 INFO oca_module_testing odoo.modules.loading: loading analytix_finance_dashboard/views/set_home_action.xml 
2026-07-15 12:31:23,883 49738 INFO oca_module_testing odoo.modules.loading: loading analytix_finance_dashboard/views/zatca_settings.xml 
2026-07-15 12:31:23,943 49738 INFO oca_module_testing odoo.addons.base.models.ir_module: module analytix_finance_dashboard: no translation for language ar_001 
2026-07-15 12:31:23,951 49738 INFO oca_module_testing odoo.modules.loading: Module analytix_finance_dashboard loaded in 0.37s, 271 queries (+271 other) 
2026-07-15 12:31:23,952 49738 INFO oca_module_testing odoo.modules.loading: 85 modules loaded in 0.43s, 271 queries (+271 extra) 
2026-07-15 12:31:24,199 49738 INFO oca_module_testing odoo.addons.base.models.ir_model: Deleting 2125@ir.model.fields.selection (analytix_finance_dashboard.selection__analytix_document__doc_type__credit_note) 
2026-07-15 12:31:24,224 49738 INFO oca_module_testing odoo.models.unlink: User #1 deleted ir.model.data records with IDs: [47119] 
2026-07-15 12:31:24,224 49738 INFO oca_module_testing odoo.models.unlink: User #1 deleted ir.model.fields.selection records with IDs: [2125] 
2026-07-15 12:31:24,228 49738 INFO oca_module_testing odoo.addons.base.models.ir_model: Deleting 2124@ir.model.fields.selection (analytix_finance_dashboard.selection__analytix_document__doc_type__debit_note) 
2026-07-15 12:31:24,233 49738 INFO oca_module_testing odoo.models.unlink: User #1 deleted ir.model.data records with IDs: [47118] 
2026-07-15 12:31:24,234 49738 INFO oca_module_testing odoo.models.unlink: User #1 deleted ir.model.fields.selection records with IDs: [2124] 
2026-07-15 12:31:24,236 49738 INFO oca_module_testing odoo.addons.base.models.ir_model: Deleting 2123@ir.model.fields.selection (analytix_finance_dashboard.selection__analytix_document__doc_type__payment_voucher) 
2026-07-15 12:31:24,241 49738 INFO oca_module_testing odoo.models.unlink: User #1 deleted ir.model.data records with IDs: [47117] 
2026-07-15 12:31:24,242 49738 INFO oca_module_testing odoo.models.unlink: User #1 deleted ir.model.fields.selection records with IDs: [2123] 
2026-07-15 12:31:24,245 49738 INFO oca_module_testing odoo.addons.base.models.ir_model: Deleting 2122@ir.model.fields.selection (analytix_finance_dashboard.selection__analytix_document__doc_type__receipt_voucher) 
2026-07-15 12:31:24,250 49738 INFO oca_module_testing odoo.models.unlink: User #1 deleted ir.model.data records with IDs: [47116] 
2026-07-15 12:31:24,250 49738 INFO oca_module_testing odoo.models.unlink: User #1 deleted ir.model.fields.selection records with IDs: [2122] 
2026-07-15 12:31:24,253 49738 INFO oca_module_testing odoo.addons.base.models.ir_model: Deleting 2121@ir.model.fields.selection (analytix_finance_dashboard.selection__analytix_document__doc_type__bank_statement) 
2026-07-15 12:31:24,258 49738 INFO oca_module_testing odoo.models.unlink: User #1 deleted ir.model.data records with IDs: [47115] 
2026-07-15 12:31:24,258 49738 INFO oca_module_testing odoo.models.unlink: User #1 deleted ir.model.fields.selection records with IDs: [2121] 
2026-07-15 12:31:24,265 49738 INFO oca_module_testing odoo.registry: verifying fields for every extended model 
2026-07-15 12:31:24,292 49738 WARNING oca_module_testing odoo.addons.base.models.ir_model: Two fields (sale_lock_date, tax_lock_date) of res.config.settings() have the same label: Hard Lock Date. [Modules: om_fiscal_year and om_fiscal_year] 
2026-07-15 12:31:24,292 49738 WARNING oca_module_testing odoo.addons.base.models.ir_model: Two fields (purchase_lock_date, tax_lock_date) of res.config.settings() have the same label: Hard Lock Date. [Modules: om_fiscal_year and om_fiscal_year] 
2026-07-15 12:31:24,292 49738 WARNING oca_module_testing odoo.addons.base.models.ir_model: Two fields (hard_lock_date, tax_lock_date) of res.config.settings() have the same label: Hard Lock Date. [Modules: om_fiscal_year and om_fiscal_year] 
2026-07-15 12:31:24,653 49738 INFO oca_module_testing odoo.modules.loading: Modules loaded. 
2026-07-15 12:31:24,669 49738 INFO oca_module_testing odoo.registry: Registry changed, signaling through the database 
2026-07-15 12:31:24,670 49738 INFO oca_module_testing odoo.registry: Registry loaded in 2.270s 
2026-07-15 12:31:24,671 49738 INFO oca_module_testing odoo.addons.base.models.ir_module: getting next ir.actions.todo() 
2026-07-15 12:31:24,686 49738 INFO oca_module_testing werkzeug: 127.0.0.1 - - [15/Jul/2026 12:31:24] "POST /web/dataset/call_button/ir.module.module/button_immediate_upgrade#ir.module.module.button_immediate_upgrade HTTP/1.1" 200 - 4984 1.582 1.920
2026-07-15 12:31:24,697 49738 INFO oca_module_testing odoo.addons.base.models.ir_http: Generating routing map for key None 
2026-07-15 12:31:25,043 49738 INFO oca_module_testing werkzeug: 127.0.0.1 - - [15/Jul/2026 12:31:25] "GET /odoo HTTP/1.1" 200 - 78 0.023 0.325
2026-07-15 12:31:25,112 49738 INFO oca_module_testing werkzeug: 127.0.0.1 - - [15/Jul/2026 12:31:25] "GET /web/webclient/load_menus HTTP/1.1" 200 - 13 0.008 0.030
2026-07-15 12:31:25,302 49738 INFO oca_module_testing werkzeug: 127.0.0.1 - - [15/Jul/2026 12:31:25] "GET /web/webclient/translations?hash=&lang=en_US HTTP/1.1" 200 - 2 0.001 0.003
2026-07-15 12:31:25,415 49738 INFO oca_module_testing werkzeug: 127.0.0.1 - - [15/Jul/2026 12:31:25] "POST /web/action/load HTTP/1.1" 200 - 7 0.008 0.006
2026-07-15 12:31:25,425 49738 INFO oca_module_testing werkzeug: 127.0.0.1 - - [15/Jul/2026 12:31:25] "GET /bus/websocket_worker_bundle?v=19.0-2 HTTP/1.1" 304 - 4 0.008 0.012
2026-07-15 12:31:25,436 49738 INFO oca_module_testing werkzeug: 127.0.0.1 - - [15/Jul/2026 12:31:25] "GET /web/image?model=res.users&field=avatar_128&id=2 HTTP/1.1" 304 - 16 0.019 0.017
2026-07-15 12:31:25,485 49738 INFO oca_module_testing werkzeug: 127.0.0.1 - - [15/Jul/2026 12:31:25] "GET /websocket?version=19.0-2 HTTP/1.1" 101 - 1 0.001 0.005
2026-07-15 12:31:25,491 49738 INFO oca_module_testing werkzeug: 127.0.0.1 - - [15/Jul/2026 12:31:25] "POST /mail/data HTTP/1.1" 200 - 63 0.047 0.041
2026-07-15 12:31:25,529 49738 INFO oca_module_testing werkzeug: 127.0.0.1 - - [15/Jul/2026 12:31:25] "POST /web/dataset/call_kw/account.move/get_analytix_dashboard_data#account.move.get_analytix_dashboard_data HTTP/1.1" 200 - 29 0.016 0.022
2026-07-15 12:31:25,544 49738 INFO oca_module_testing werkzeug: 127.0.0.1 - - [15/Jul/2026 12:31:25] "POST /web/dataset/call_kw/account.move/get_analytix_invoices_data#account.move.get_analytix_invoices_data HTTP/1.1" 200 - 7 0.003 0.007
2026-07-15 12:31:26,052 49738 INFO oca_module_testing werkzeug: 127.0.0.1 - - [15/Jul/2026 12:31:26] "GET /web/service-worker.js HTTP/1.1" 200 - 1 0.000 0.002
2026-07-15 12:31:27,680 49738 INFO oca_module_testing werkzeug: 127.0.0.1 - - [15/Jul/2026 12:31:27] "POST /web/dataset/call_kw/analytix.document/get_analytix_documents_list#analytix.document.get_analytix_documents_list HTTP/1.1" 200 - 11 0.007 0.015
2026-07-15 12:31:48,438 49738 ERROR oca_module_testing odoo.http: Exception during request handling. 
Traceback (most recent call last):
  File "/home/amalraj/odoo19_new/odoo-19.0/odoo/http.py", line 2829, in __call__
    response = request._serve_db()
               ^^^^^^^^^^^^^^^^^^^
  File "/home/amalraj/odoo19_new/odoo-19.0/odoo/http.py", line 2304, in _serve_db
    raise self._update_served_exception(exc)
  File "/home/amalraj/odoo19_new/odoo-19.0/odoo/http.py", line 2302, in _serve_db
    return service_model.retrying(serve_func, env=self.env)
           ^^^^^^^^^^^^^^^^^^^^^^^^^^^^^^^^^^^^^^^^^^^^^^^^
  File "/home/amalraj/odoo19_new/odoo-19.0/odoo/service/model.py", line 188, in retrying
    result = func()
             ^^^^^^
  File "/home/amalraj/odoo19_new/odoo-19.0/odoo/http.py", line 2357, in _serve_ir_http
    response = self.dispatcher.dispatch(rule.endpoint, args)
               ^^^^^^^^^^^^^^^^^^^^^^^^^^^^^^^^^^^^^^^^^^^^^
  File "/home/amalraj/odoo19_new/odoo-19.0/odoo/http.py", line 2572, in dispatch
    result = self.request.registry['ir.http']._dispatch(endpoint)
             ^^^^^^^^^^^^^^^^^^^^^^^^^^^^^^^^^^^^^^^^^^^^^^^^^^^^
  File "/home/amalraj/odoo19_new/odoo-19.0/odoo/addons/base/models/ir_http.py", line 355, in _dispatch
    result = endpoint(**request.params)
             ^^^^^^^^^^^^^^^^^^^^^^^^^^
  File "/home/amalraj/odoo19_new/odoo-19.0/odoo/http.py", line 811, in route_wrapper
    result = endpoint(self, *args, **params_ok)
             ^^^^^^^^^^^^^^^^^^^^^^^^^^^^^^^^^^
  File "/home/amalraj/odoo19_new/odoo-19.0/addons/web/controllers/dataset.py", line 32, in call_kw
    return call_kw(request.env[model], method, args, kwargs)
           ^^^^^^^^^^^^^^^^^^^^^^^^^^^^^^^^^^^^^^^^^^^^^^^^^
  File "/home/amalraj/odoo19_new/odoo-19.0/odoo/service/model.py", line 97, in call_kw
    result = method(recs, *args, **kwargs)
             ^^^^^^^^^^^^^^^^^^^^^^^^^^^^^
  File "/home/amalraj/odoo19_new/odoo-19.0/custom/analytix_finance_dashboard/models/analytix_document.py", line 77, in save_analytix_document
    'mimetype':     doc.mimetype or '',
  File "/home/amalraj/odoo19_new/odoo-19.0/odoo/orm/decorators.py", line 365, in create
    return method(self, vals_list)
           ^^^^^^^^^^^^^^^^^^^^^^^
  File "/home/amalraj/odoo19_new/odoo-19.0/odoo/orm/models.py", line 4709, in create
    records = self._create(data_list)
              ^^^^^^^^^^^^^^^^^^^^^^^
  File "/home/amalraj/odoo19_new/odoo-19.0/odoo/orm/models.py", line 4868, in _create
    row.append(field.convert_to_column_insert(stored[fname], self, stored))
               ^^^^^^^^^^^^^^^^^^^^^^^^^^^^^^^^^^^^^^^^^^^^^^^^^^^^^^^^^^^
  File "/home/amalraj/odoo19_new/odoo-19.0/odoo/orm/fields.py", line 1002, in convert_to_column_insert
    value = self.convert_to_column(value, record, values, validate)
            ^^^^^^^^^^^^^^^^^^^^^^^^^^^^^^^^^^^^^^^^^^^^^^^^^^^^^^^
  File "/home/amalraj/odoo19_new/odoo-19.0/odoo/orm/fields_selection.py", line 225, in convert_to_column
    value = self.convert_to_cache(value, record)
            ^^^^^^^^^^^^^^^^^^^^^^^^^^^^^^^^^^^^
  File "/home/amalraj/odoo19_new/odoo-19.0/odoo/orm/fields_selection.py", line 235, in convert_to_cache
    raise ValueError("Wrong value for %s: %r" % (self, value))
ValueError: Wrong value for analytix.document.doc_type: 'receipt_voucher'
2026-07-15 12:31:48,439 49738 INFO oca_module_testing werkzeug: 127.0.0.1 - - [15/Jul/2026 12:31:48] "POST /web/dataset/call_kw/analytix.document/save_analytix_document#analytix.document.save_analytix_document HTTP/1.1" 200 - 4 0.004 0.010
2026-07-15 12:31:53,559 49738 ERROR oca_module_testing odoo.http: Exception during request handling. 
Traceback (most recent call last):
  File "/home/amalraj/odoo19_new/odoo-19.0/odoo/http.py", line 2829, in __call__
    response = request._serve_db()
               ^^^^^^^^^^^^^^^^^^^
  File "/home/amalraj/odoo19_new/odoo-19.0/odoo/http.py", line 2304, in _serve_db
    raise self._update_served_exception(exc)
  File "/home/amalraj/odoo19_new/odoo-19.0/odoo/http.py", line 2302, in _serve_db
    return service_model.retrying(serve_func, env=self.env)
           ^^^^^^^^^^^^^^^^^^^^^^^^^^^^^^^^^^^^^^^^^^^^^^^^
  File "/home/amalraj/odoo19_new/odoo-19.0/odoo/service/model.py", line 188, in retrying
    result = func()
             ^^^^^^
  File "/home/amalraj/odoo19_new/odoo-19.0/odoo/http.py", line 2357, in _serve_ir_http
    response = self.dispatcher.dispatch(rule.endpoint, args)
               ^^^^^^^^^^^^^^^^^^^^^^^^^^^^^^^^^^^^^^^^^^^^^
  File "/home/amalraj/odoo19_new/odoo-19.0/odoo/http.py", line 2572, in dispatch
    result = self.request.registry['ir.http']._dispatch(endpoint)
             ^^^^^^^^^^^^^^^^^^^^^^^^^^^^^^^^^^^^^^^^^^^^^^^^^^^^
  File "/home/amalraj/odoo19_new/odoo-19.0/odoo/addons/base/models/ir_http.py", line 355, in _dispatch
    result = endpoint(**request.params)
             ^^^^^^^^^^^^^^^^^^^^^^^^^^
  File "/home/amalraj/odoo19_new/odoo-19.0/odoo/http.py", line 811, in route_wrapper
    result = endpoint(self, *args, **params_ok)
             ^^^^^^^^^^^^^^^^^^^^^^^^^^^^^^^^^^
  File "/home/amalraj/odoo19_new/odoo-19.0/addons/web/controllers/dataset.py", line 32, in call_kw
    return call_kw(request.env[model], method, args, kwargs)
           ^^^^^^^^^^^^^^^^^^^^^^^^^^^^^^^^^^^^^^^^^^^^^^^^^
  File "/home/amalraj/odoo19_new/odoo-19.0/odoo/service/model.py", line 97, in call_kw
    result = method(recs, *args, **kwargs)
             ^^^^^^^^^^^^^^^^^^^^^^^^^^^^^
  File "/home/amalraj/odoo19_new/odoo-19.0/custom/analytix_finance_dashboard/models/analytix_document.py", line 77, in save_analytix_document
    'mimetype':     doc.mimetype or '',
  File "/home/amalraj/odoo19_new/odoo-19.0/odoo/orm/decorators.py", line 365, in create
    return method(self, vals_list)
           ^^^^^^^^^^^^^^^^^^^^^^^
  File "/home/amalraj/odoo19_new/odoo-19.0/odoo/orm/models.py", line 4709, in create
    records = self._create(data_list)
              ^^^^^^^^^^^^^^^^^^^^^^^
  File "/home/amalraj/odoo19_new/odoo-19.0/odoo/orm/models.py", line 4868, in _create
    row.append(field.convert_to_column_insert(stored[fname], self, stored))
               ^^^^^^^^^^^^^^^^^^^^^^^^^^^^^^^^^^^^^^^^^^^^^^^^^^^^^^^^^^^
  File "/home/amalraj/odoo19_new/odoo-19.0/odoo/orm/fields.py", line 1002, in convert_to_column_insert
    value = self.convert_to_column(value, record, values, validate)
            ^^^^^^^^^^^^^^^^^^^^^^^^^^^^^^^^^^^^^^^^^^^^^^^^^^^^^^^
  File "/home/amalraj/odoo19_new/odoo-19.0/odoo/orm/fields_selection.py", line 225, in convert_to_column
    value = self.convert_to_cache(value, record)
            ^^^^^^^^^^^^^^^^^^^^^^^^^^^^^^^^^^^^
  File "/home/amalraj/odoo19_new/odoo-19.0/odoo/orm/fields_selection.py", line 235, in convert_to_cache
    raise ValueError("Wrong value for %s: %r" % (self, value))
ValueError: Wrong value for analytix.document.doc_type: 'payment_voucher'
2026-07-15 12:31:53,560 49738 INFO oca_module_testing werkzeug: 127.0.0.1 - - [15/Jul/2026 12:31:53] "POST /web/dataset/call_kw/analytix.document/save_analytix_document#analytix.document.save_analytix_document HTTP/1.1" 200 - 2 0.001 0.006
2026-07-15 12:31:55,757 49738 INFO oca_module_testing werkzeug: 127.0.0.1 - - [15/Jul/2026 12:31:55] "POST /web/dataset/call_kw/analytix.document/save_analytix_document#analytix.document.save_analytix_document HTTP/1.1" 200 - 8 0.004 0.016
2026-07-15 12:31:55,775 49738 INFO oca_module_testing werkzeug: 127.0.0.1 - - [15/Jul/2026 12:31:55] "POST /web/dataset/call_kw/analytix.document/get_analytix_documents_list#analytix.document.get_analytix_documents_list HTTP/1.1" 200 - 6 0.004 0.008
2026-07-15 12:32:14,122 49738 WARNING 19_theme_setting odoo.addons.base.models.ir_cron: Skipping database 19_theme_setting as its base version is not 19.0.1.3. 
2026-07-15 12:32:14,126 49738 WARNING manas odoo.addons.base.models.ir_cron: Skipping database manas as its base version is not 19.0.1.3. 
2026-07-15 12:32:14,130 49738 WARNING odoo_19_test_try odoo.addons.base.models.ir_cron: Skipping database odoo_19_test_try as its base version is not 19.0.1.3. 
2026-07-15 12:32:14,133 49738 WARNING theme_test odoo.addons.base.models.ir_cron: Skipping database theme_test as its base version is not 19.0.1.3. 
2026-07-15 12:32:20,215 49738 WARNING 19_theme_setting odoo.addons.base.models.ir_cron: Skipping database 19_theme_setting as its base version is not 19.0.1.3. 
2026-07-15 12:32:20,219 49738 WARNING manas odoo.addons.base.models.ir_cron: Skipping database manas as its base version is not 19.0.1.3. 
2026-07-15 12:32:20,222 49738 WARNING odoo_19_test_try odoo.addons.base.models.ir_cron: Skipping database odoo_19_test_try as its base version is not 19.0.1.3. 
2026-07-15 12:32:20,224 49738 WARNING theme_test odoo.addons.base.models.ir_cron: Skipping database theme_test as its base version is not 19.0.1.3. 
2026-07-15 12:33:15,226 49738 WARNING 19_theme_setting odoo.addons.base.models.ir_cron: Skipping database 19_theme_setting as its base version is not 19.0.1.3. 
2026-07-15 12:33:15,234 49738 WARNING manas odoo.addons.base.models.ir_cron: Skipping database manas as its base version is not 19.0.1.3. 
2026-07-15 12:33:15,241 49738 INFO oca_module_testing odoo.addons.base.models.ir_cron: Job 'Base: Auto-vacuum internal data' (1) starting 
2026-07-15 12:33:15,616 49738 INFO oca_module_testing odoo.addons.base.models.res_users: GC'd 0 user log entries 
2026-07-15 12:33:15,700 49738 INFO oca_module_testing odoo.addons.base.models.res_users: GC 'res.users.apikeys' delete 0 entries 
2026-07-15 12:33:15,740 49738 INFO oca_module_testing odoo.addons.base.models.res_users: GC 'auth_totp.device' delete 0 entries 
2026-07-15 12:33:15,795 49738 INFO oca_module_testing odoo.addons.base.models.res_device: GC device logs delete 0 entries 
2026-07-15 12:33:15,829 49738 INFO oca_module_testing odoo.addons.sms.models.sms_sms: GC'd 0 sms marked for deletion 
2026-07-15 12:33:15,907 49738 INFO oca_module_testing odoo.addons.api_doc.models.ir_attachment: GC'd 0 /doc cached index 
2026-07-15 12:33:16,008 49738 INFO oca_module_testing odoo.addons.base.models.res_device: GC device logs delete 0 entries 
2026-07-15 12:33:16,018 49738 INFO oca_module_testing odoo.addons.base.models.ir_attachment: filestore gc 1 checked, 0 removed 
2026-07-15 12:33:16,154 49738 INFO oca_module_testing odoo.addons.base.models.ir_cron: Job 'Base: Auto-vacuum internal data' (1) fully done (#loop 1; done 129; remaining 0; duration 0.91s) 
2026-07-15 12:33:16,159 49738 WARNING odoo_19_test_try odoo.addons.base.models.ir_cron: Skipping database odoo_19_test_try as its base version is not 19.0.1.3. 
2026-07-15 12:33:16,163 49738 WARNING theme_test odoo.addons.base.models.ir_cron: Skipping database theme_test as its base version is not 19.0.1.3. 
2026-07-15 12:33:20,280 49738 WARNING 19_theme_setting odoo.addons.base.models.ir_cron: Skipping database 19_theme_setting as its base version is not 19.0.1.3. 
2026-07-15 12:33:20,314 49738 INFO demo_testing odoo.addons.base.models.ir_cron: Job 'Notification: Notify scheduled messages' (8) starting 
2026-07-15 12:33:20,362 49738 INFO demo_testing odoo.addons.base.models.ir_cron: Job 'Notification: Notify scheduled messages' (8) fully done (#loop 1; done 0; remaining 0; duration 0.05s) 
2026-07-15 12:33:20,373 49738 INFO demo_testing odoo.addons.base.models.ir_cron: Job 'Mail: Email Queue Manager' (3) starting 
2026-07-15 12:33:20,388 49738 INFO demo_testing odoo.addons.base.models.ir_cron: Job 'Mail: Email Queue Manager' (3) fully done (#loop 1; done 0; remaining 0; duration 0.01s) 
2026-07-15 12:33:20,391 49738 WARNING manas odoo.addons.base.models.ir_cron: Skipping database manas as its base version is not 19.0.1.3. 
2026-07-15 12:33:20,399 49738 WARNING odoo_19_test_try odoo.addons.base.models.ir_cron: Skipping database odoo_19_test_try as its base version is not 19.0.1.3. 
2026-07-15 12:33:20,403 49738 WARNING theme_test odoo.addons.base.models.ir_cron: Skipping database theme_test as its base version is not 19.0.1.3. 
2026-07-15 12:34:17,256 49738 WARNING 19_theme_setting odoo.addons.base.models.ir_cron: Skipping database 19_theme_setting as its base version is not 19.0.1.3. 
2026-07-15 12:34:17,262 49738 WARNING manas odoo.addons.base.models.ir_cron: Skipping database manas as its base version is not 19.0.1.3. 
2026-07-15 12:34:17,272 49738 WARNING odoo_19_test_try odoo.addons.base.models.ir_cron: Skipping database odoo_19_test_try as its base version is not 19.0.1.3. 
2026-07-15 12:34:17,279 49738 INFO tezzzzzzzzzzzzzzzzzzzzz odoo.addons.base.models.ir_cron: Job 'eCommerce: send email to customers about their abandoned cart' (32) starting 
2026-07-15 12:34:17,301 49738 INFO tezzzzzzzzzzzzzzzzzzzzz odoo.addons.base.models.ir_cron: Job 'eCommerce: send email to customers about their abandoned cart' (32) fully done (#loop 1; done 0; remaining 0; duration 0.02s) 
2026-07-15 12:34:17,309 49738 INFO tezzzzzzzzzzzzzzzzzzzzz odoo.addons.base.models.ir_cron: Job 'Product: send email regarding products availability' (33) starting 
2026-07-15 12:34:17,326 49738 INFO tezzzzzzzzzzzzzzzzzzzzz odoo.addons.base.models.ir_cron: Job 'Product: send email regarding products availability' (33) fully done (#loop 1; done 0; remaining 0; duration 0.02s) 
2026-07-15 12:34:17,328 49738 WARNING theme_test odoo.addons.base.models.ir_cron: Skipping database theme_test as its base version is not 19.0.1.3. 
2026-07-15 12:34:20,483 49738 WARNING 19_theme_setting odoo.addons.base.models.ir_cron: Skipping database 19_theme_setting as its base version is not 19.0.1.3. 
2026-07-15 12:34:20,490 49738 WARNING manas odoo.addons.base.models.ir_cron: Skipping database manas as its base version is not 19.0.1.3. 
2026-07-15 12:34:20,497 49738 WARNING odoo_19_test_try odoo.addons.base.models.ir_cron: Skipping database odoo_19_test_try as its base version is not 19.0.1.3. 
2026-07-15 12:34:20,500 49738 WARNING theme_test odoo.addons.base.models.ir_cron: Skipping database theme_test as its base version is not 19.0.1.3. 
2026-07-15 12:35:18,420 49738 WARNING 19_theme_setting odoo.addons.base.models.ir_cron: Skipping database 19_theme_setting as its base version is not 19.0.1.3. 
2026-07-15 12:35:18,428 49738 WARNING manas odoo.addons.base.models.ir_cron: Skipping database manas as its base version is not 19.0.1.3. 
2026-07-15 12:35:18,434 49738 WARNING odoo_19_test_try odoo.addons.base.models.ir_cron: Skipping database odoo_19_test_try as its base version is not 19.0.1.3. 
2026-07-15 12:35:18,437 49738 WARNING theme_test odoo.addons.base.models.ir_cron: Skipping database theme_test as its base version is not 19.0.1.3. 
2026-07-15 12:35:20,582 49738 WARNING 19_theme_setting odoo.addons.base.models.ir_cron: Skipping database 19_theme_setting as its base version is not 19.0.1.3. 
2026-07-15 12:35:20,588 49738 WARNING manas odoo.addons.base.models.ir_cron: Skipping database manas as its base version is not 19.0.1.3. 
2026-07-15 12:35:20,596 49738 WARNING odoo_19_test_try odoo.addons.base.models.ir_cron: Skipping database odoo_19_test_try as its base version is not 19.0.1.3. 
2026-07-15 12:35:20,599 49738 WARNING theme_test odoo.addons.base.models.ir_cron: Skipping database theme_test as its base version is not 19.0.1.3. 
2026-07-15 12:36:19,522 49738 WARNING 19_theme_setting odoo.addons.base.models.ir_cron: Skipping database 19_theme_setting as its base version is not 19.0.1.3. 
2026-07-15 12:36:19,526 49738 WARNING manas odoo.addons.base.models.ir_cron: Skipping database manas as its base version is not 19.0.1.3. 
2026-07-15 12:36:19,529 49738 WARNING odoo_19_test_try odoo.addons.base.models.ir_cron: Skipping database odoo_19_test_try as its base version is not 19.0.1.3. 
2026-07-15 12:36:19,532 49738 WARNING theme_test odoo.addons.base.models.ir_cron: Skipping database theme_test as its base version is not 19.0.1.3. 
2026-07-15 12:36:20,682 49738 WARNING 19_theme_setting odoo.addons.base.models.ir_cron: Skipping database 19_theme_setting as its base version is not 19.0.1.3. 
2026-07-15 12:36:20,690 49738 WARNING manas odoo.addons.base.models.ir_cron: Skipping database manas as its base version is not 19.0.1.3. 
2026-07-15 12:36:20,699 49738 WARNING odoo_19_test_try odoo.addons.base.models.ir_cron: Skipping database odoo_19_test_try as its base version is not 19.0.1.3. 
2026-07-15 12:36:20,704 49738 WARNING theme_test odoo.addons.base.models.ir_cron: Skipping database theme_test as its base version is not 19.0.1.3. 
2026-07-15 12:37:20,623 49738 WARNING 19_theme_setting odoo.addons.base.models.ir_cron: Skipping database 19_theme_setting as its base version is not 19.0.1.3. 
2026-07-15 12:37:20,628 49738 WARNING manas odoo.addons.base.models.ir_cron: Skipping database manas as its base version is not 19.0.1.3. 
2026-07-15 12:37:20,635 49738 WARNING odoo_19_test_try odoo.addons.base.models.ir_cron: Skipping database odoo_19_test_try as its base version is not 19.0.1.3. 
2026-07-15 12:37:20,638 49738 WARNING theme_test odoo.addons.base.models.ir_cron: Skipping database theme_test as its base version is not 19.0.1.3. 
2026-07-15 12:37:20,785 49738 WARNING 19_theme_setting odoo.addons.base.models.ir_cron: Skipping database 19_theme_setting as its base version is not 19.0.1.3. 
2026-07-15 12:37:20,791 49738 WARNING manas odoo.addons.base.models.ir_cron: Skipping database manas as its base version is not 19.0.1.3. 
2026-07-15 12:37:20,798 49738 WARNING odoo_19_test_try odoo.addons.base.models.ir_cron: Skipping database odoo_19_test_try as its base version is not 19.0.1.3. 
2026-07-15 12:37:20,803 49738 WARNING theme_test odoo.addons.base.models.ir_cron: Skipping database theme_test as its base version is not 19.0.1.3. 
2026-07-15 12:38:20,883 49738 WARNING 19_theme_setting odoo.addons.base.models.ir_cron: Skipping database 19_theme_setting as its base version is not 19.0.1.3. 
2026-07-15 12:38:20,888 49738 WARNING manas odoo.addons.base.models.ir_cron: Skipping database manas as its base version is not 19.0.1.3. 
2026-07-15 12:38:20,894 49738 WARNING odoo_19_test_try odoo.addons.base.models.ir_cron: Skipping database odoo_19_test_try as its base version is not 19.0.1.3. 
2026-07-15 12:38:20,958 49738 INFO self_login odoo.addons.base.models.ir_cron: Job 'Notification: Notify scheduled messages' (8) starting 
2026-07-15 12:38:20,999 49738 INFO self_login odoo.addons.base.models.ir_cron: Job 'Notification: Notify scheduled messages' (8) fully done (#loop 1; done 0; remaining 0; duration 0.04s) 
2026-07-15 12:38:21,007 49738 INFO self_login odoo.addons.base.models.ir_cron: Job 'Mail: Email Queue Manager' (3) starting 
2026-07-15 12:38:21,024 49738 INFO self_login odoo.addons.base.models.ir_cron: Job 'Mail: Email Queue Manager' (3) fully done (#loop 1; done 0; remaining 0; duration 0.02s) 
2026-07-15 12:38:21,031 49738 INFO tezzzzzzzzzzzzzzzzzzzzz odoo.addons.base.models.ir_cron: Job 'Payment: Post-process transactions' (15) starting 
2026-07-15 12:38:21,044 49738 INFO tezzzzzzzzzzzzzzzzzzzzz odoo.addons.base.models.ir_cron: Job 'Payment: Post-process transactions' (15) fully done (#loop 1; done 0; remaining 0; duration 0.01s) 
2026-07-15 12:38:21,051 49738 WARNING theme_test odoo.addons.base.models.ir_cron: Skipping database theme_test as its base version is not 19.0.1.3. 
2026-07-15 12:38:21,731 49738 WARNING 19_theme_setting odoo.addons.base.models.ir_cron: Skipping database 19_theme_setting as its base version is not 19.0.1.3. 
2026-07-15 12:38:21,737 49738 WARNING manas odoo.addons.base.models.ir_cron: Skipping database manas as its base version is not 19.0.1.3. 
2026-07-15 12:38:21,742 49738 WARNING odoo_19_test_try odoo.addons.base.models.ir_cron: Skipping database odoo_19_test_try as its base version is not 19.0.1.3. 
2026-07-15 12:38:21,747 49738 WARNING theme_test odoo.addons.base.models.ir_cron: Skipping database theme_test as its base version is not 19.0.1.3. 
2026-07-15 12:39:21,132 49738 WARNING 19_theme_setting odoo.addons.base.models.ir_cron: Skipping database 19_theme_setting as its base version is not 19.0.1.3. 
2026-07-15 12:39:21,138 49738 WARNING manas odoo.addons.base.models.ir_cron: Skipping database manas as its base version is not 19.0.1.3. 
2026-07-15 12:39:21,143 49738 WARNING odoo_19_test_try odoo.addons.base.models.ir_cron: Skipping database odoo_19_test_try as its base version is not 19.0.1.3. 
2026-07-15 12:39:21,147 49738 WARNING theme_test odoo.addons.base.models.ir_cron: Skipping database theme_test as its base version is not 19.0.1.3. 
2026-07-15 12:39:22,842 49738 WARNING 19_theme_setting odoo.addons.base.models.ir_cron: Skipping database 19_theme_setting as its base version is not 19.0.1.3. 
2026-07-15 12:39:22,850 49738 WARNING manas odoo.addons.base.models.ir_cron: Skipping database manas as its base version is not 19.0.1.3. 
2026-07-15 12:39:22,857 49738 WARNING odoo_19_test_try odoo.addons.base.models.ir_cron: Skipping database odoo_19_test_try as its base version is not 19.0.1.3. 
2026-07-15 12:39:22,861 49738 WARNING theme_test odoo.addons.base.models.ir_cron: Skipping database theme_test as its base version is not 19.0.1.3. 
2026-07-15 12:40:21,233 49738 WARNING 19_theme_setting odoo.addons.base.models.ir_cron: Skipping database 19_theme_setting as its base version is not 19.0.1.3. 
2026-07-15 12:40:21,240 49738 WARNING manas odoo.addons.base.models.ir_cron: Skipping database manas as its base version is not 19.0.1.3. 
2026-07-15 12:40:21,247 49738 WARNING odoo_19_test_try odoo.addons.base.models.ir_cron: Skipping database odoo_19_test_try as its base version is not 19.0.1.3. 
2026-07-15 12:40:21,252 49738 WARNING theme_test odoo.addons.base.models.ir_cron: Skipping database theme_test as its base version is not 19.0.1.3. 
2026-07-15 12:40:23,948 49738 WARNING 19_theme_setting odoo.addons.base.models.ir_cron: Skipping database 19_theme_setting as its base version is not 19.0.1.3. 
2026-07-15 12:40:23,954 49738 WARNING manas odoo.addons.base.models.ir_cron: Skipping database manas as its base version is not 19.0.1.3. 
2026-07-15 12:40:23,958 49738 WARNING odoo_19_test_try odoo.addons.base.models.ir_cron: Skipping database odoo_19_test_try as its base version is not 19.0.1.3. 
2026-07-15 12:40:23,961 49738 WARNING theme_test odoo.addons.base.models.ir_cron: Skipping database theme_test as its base version is not 19.0.1.3. 
2026-07-15 12:41:21,333 49738 WARNING 19_theme_setting odoo.addons.base.models.ir_cron: Skipping database 19_theme_setting as its base version is not 19.0.1.3. 
2026-07-15 12:41:21,339 49738 WARNING manas odoo.addons.base.models.ir_cron: Skipping database manas as its base version is not 19.0.1.3. 
2026-07-15 12:41:21,344 49738 WARNING odoo_19_test_try odoo.addons.base.models.ir_cron: Skipping database odoo_19_test_try as its base version is not 19.0.1.3. 
2026-07-15 12:41:21,348 49738 WARNING theme_test odoo.addons.base.models.ir_cron: Skipping database theme_test as its base version is not 19.0.1.3. 
2026-07-15 12:41:25,017 49738 WARNING 19_theme_setting odoo.addons.base.models.ir_cron: Skipping database 19_theme_setting as its base version is not 19.0.1.3. 
2026-07-15 12:41:25,024 49738 WARNING manas odoo.addons.base.models.ir_cron: Skipping database manas as its base version is not 19.0.1.3. 
2026-07-15 12:41:25,029 49738 WARNING odoo_19_test_try odoo.addons.base.models.ir_cron: Skipping database odoo_19_test_try as its base version is not 19.0.1.3. 
2026-07-15 12:41:25,032 49738 WARNING theme_test odoo.addons.base.models.ir_cron: Skipping database theme_test as its base version is not 19.0.1.3. 
2026-07-15 12:42:21,383 49738 WARNING 19_theme_setting odoo.addons.base.models.ir_cron: Skipping database 19_theme_setting as its base version is not 19.0.1.3. 
2026-07-15 12:42:21,388 49738 WARNING manas odoo.addons.base.models.ir_cron: Skipping database manas as its base version is not 19.0.1.3. 
2026-07-15 12:42:21,396 49738 INFO oca_module_testing odoo.addons.base.models.ir_cron: Job 'Notification: Notify scheduled messages' (9) starting 
2026-07-15 12:42:21,411 49738 INFO oca_module_testing odoo.addons.base.models.ir_cron: Job 'Notification: Notify scheduled messages' (9) fully done (#loop 1; done 0; remaining 0; duration 0.02s) 
2026-07-15 12:42:21,420 49738 INFO oca_module_testing odoo.addons.base.models.ir_cron: Job 'Mail: Email Queue Manager' (4) starting 
2026-07-15 12:42:21,434 49738 INFO oca_module_testing odoo.addons.base.models.ir_cron: Job 'Mail: Email Queue Manager' (4) fully done (#loop 1; done 0; remaining 0; duration 0.01s) 
2026-07-15 12:42:21,438 49738 WARNING odoo_19_test_try odoo.addons.base.models.ir_cron: Skipping database odoo_19_test_try as its base version is not 19.0.1.3. 
2026-07-15 12:42:21,442 49738 WARNING theme_test odoo.addons.base.models.ir_cron: Skipping database theme_test as its base version is not 19.0.1.3. 
2026-07-15 12:42:26,125 49738 WARNING 19_theme_setting odoo.addons.base.models.ir_cron: Skipping database 19_theme_setting as its base version is not 19.0.1.3. 
2026-07-15 12:42:26,133 49738 WARNING manas odoo.addons.base.models.ir_cron: Skipping database manas as its base version is not 19.0.1.3. 
2026-07-15 12:42:26,138 49738 WARNING odoo_19_test_try odoo.addons.base.models.ir_cron: Skipping database odoo_19_test_try as its base version is not 19.0.1.3. 
2026-07-15 12:42:26,142 49738 WARNING theme_test odoo.addons.base.models.ir_cron: Skipping database theme_test as its base version is not 19.0.1.3. 
2026-07-15 12:42:29,416 49738 INFO oca_module_testing werkzeug: 127.0.0.1 - - [15/Jul/2026 12:42:29] "GET /odoo/action-388 HTTP/1.1" 200 - 22 0.011 0.021
2026-07-15 12:42:29,474 49738 INFO oca_module_testing werkzeug: 127.0.0.1 - - [15/Jul/2026 12:42:29] "GET /web/webclient/load_menus HTTP/1.1" 200 - 1 0.001 0.014
2026-07-15 12:42:29,824 49738 INFO oca_module_testing werkzeug: 127.0.0.1 - - [15/Jul/2026 12:42:29] "GET /web/webclient/translations?hash=309395e7b381598b2edc4f4c75a99a6d285ecbd8&lang=en_US HTTP/1.1" 200 - 1 0.001 0.003
2026-07-15 12:42:30,009 49738 INFO oca_module_testing werkzeug: 127.0.0.1 - - [15/Jul/2026 12:42:30] "GET /web/image?model=res.users&field=avatar_128&id=2 HTTP/1.1" 304 - 9 0.006 0.013
2026-07-15 12:42:30,081 49738 INFO oca_module_testing werkzeug: 127.0.0.1 - - [15/Jul/2026 12:42:30] "POST /mail/data HTTP/1.1" 200 - 39 0.022 0.037
2026-07-15 12:42:30,112 49738 INFO oca_module_testing werkzeug: 127.0.0.1 - - [15/Jul/2026 12:42:30] "GET /bus/websocket_worker_bundle?v=19.0-2 HTTP/1.1" 304 - 3 0.002 0.005
2026-07-15 12:42:30,172 49738 INFO oca_module_testing werkzeug: 127.0.0.1 - - [15/Jul/2026 12:42:30] "GET /websocket?version=19.0-2 HTTP/1.1" 101 - 1 0.001 0.006
2026-07-15 12:42:30,216 49738 INFO oca_module_testing werkzeug: 127.0.0.1 - - [15/Jul/2026 12:42:30] "POST /web/dataset/call_kw/account.move/get_analytix_dashboard_data#account.move.get_analytix_dashboard_data HTTP/1.1" 200 - 29 0.022 0.030
2026-07-15 12:42:30,233 49738 INFO oca_module_testing werkzeug: 127.0.0.1 - - [15/Jul/2026 12:42:30] "POST /web/dataset/call_kw/analytix.document/get_analytix_documents_list#analytix.document.get_analytix_documents_list HTTP/1.1" 200 - 6 0.003 0.008
2026-07-15 12:42:30,436 49738 INFO oca_module_testing werkzeug: 127.0.0.1 - - [15/Jul/2026 12:42:30] "GET /web/service-worker.js HTTP/1.1" 200 - 1 0.001 0.004
2026-07-15 12:42:31,984 49738 INFO oca_module_testing werkzeug: 127.0.0.1 - - [15/Jul/2026 12:42:31] "POST /web/action/load HTTP/1.1" 200 - 11 0.005 0.009
2026-07-15 12:42:32,081 49738 INFO oca_module_testing werkzeug: 127.0.0.1 - - [15/Jul/2026 12:42:32] "POST /web/dataset/call_kw/ir.module.module/get_views#ir.module.module.get_views HTTP/1.1" 200 - 44 0.024 0.049
2026-07-15 12:42:32,097 49738 INFO oca_module_testing werkzeug: 127.0.0.1 - - [15/Jul/2026 12:42:32] "POST /web/dataset/call_kw/ir.module.module/search_panel_select_range#ir.module.module.search_panel_select_range HTTP/1.1" 200 - 1 0.001 0.004
2026-07-15 12:42:32,134 49738 INFO oca_module_testing werkzeug: 127.0.0.1 - - [15/Jul/2026 12:42:32] "POST /web/dataset/call_kw/ir.module.module/web_search_read#ir.module.module.web_search_read HTTP/1.1" 200 - 3 0.004 0.029
2026-07-15 12:42:32,142 49738 INFO oca_module_testing werkzeug: 127.0.0.1 - - [15/Jul/2026 12:42:32] "POST /web/dataset/call_kw/ir.module.module/check_module_update#ir.module.module.check_module_update HTTP/1.1" 200 - 2 0.001 0.004
2026-07-15 12:42:32,144 49738 INFO oca_module_testing werkzeug: 127.0.0.1 - - [15/Jul/2026 12:42:32] "POST /web/dataset/call_kw/ir.module.module/search_panel_select_range#ir.module.module.search_panel_select_range HTTP/1.1" 200 - 53 0.027 0.024
2026-07-15 12:42:32,222 49738 INFO oca_module_testing werkzeug: 127.0.0.1 - - [15/Jul/2026 12:42:32] "POST /web/dataset/call_kw/ir.module.module/check_module_update#ir.module.module.check_module_update HTTP/1.1" 200 - 2 0.001 0.003
2026-07-15 12:42:37,558 49738 INFO oca_module_testing werkzeug: 127.0.0.1 - - [15/Jul/2026 12:42:37] "POST /web/dataset/call_kw/ir.module.module/search_panel_select_range#ir.module.module.search_panel_select_range HTTP/1.1" 200 - 1 0.001 0.004
2026-07-15 12:42:37,572 49738 INFO oca_module_testing werkzeug: 127.0.0.1 - - [15/Jul/2026 12:42:37] "POST /web/dataset/call_kw/ir.module.module/check_module_update#ir.module.module.check_module_update HTTP/1.1" 200 - 2 0.005 0.007
2026-07-15 12:42:37,598 49738 INFO oca_module_testing werkzeug: 127.0.0.1 - - [15/Jul/2026 12:42:37] "POST /web/dataset/call_kw/ir.module.module/web_search_read#ir.module.module.web_search_read HTTP/1.1" 200 - 3 0.007 0.035
2026-07-15 12:42:37,604 49738 INFO oca_module_testing werkzeug: 127.0.0.1 - - [15/Jul/2026 12:42:37] "POST /web/dataset/call_kw/ir.module.module/search_panel_select_range#ir.module.module.search_panel_select_range HTTP/1.1" 200 - 50 0.028 0.023
2026-07-15 12:42:37,615 49738 INFO oca_module_testing werkzeug: 127.0.0.1 - - [15/Jul/2026 12:42:37] "POST /web/dataset/call_kw/ir.module.module/check_module_update#ir.module.module.check_module_update HTTP/1.1" 200 - 2 0.001 0.003
2026-07-15 12:42:38,873 49738 INFO oca_module_testing werkzeug: 127.0.0.1 - - [15/Jul/2026 12:42:38] "POST /web/dataset/call_kw/ir.module.module/search_panel_select_range#ir.module.module.search_panel_select_range HTTP/1.1" 200 - 50 0.023 0.020
2026-07-15 12:42:38,877 49738 INFO oca_module_testing werkzeug: 127.0.0.1 - - [15/Jul/2026 12:42:38] "POST /web/dataset/call_kw/ir.module.module/web_search_read#ir.module.module.web_search_read HTTP/1.1" 200 - 4 0.006 0.036
2026-07-15 12:42:38,957 49738 INFO oca_module_testing werkzeug: 127.0.0.1 - - [15/Jul/2026 12:42:38] "POST /web/dataset/call_kw/ir.module.module/check_module_update#ir.module.module.check_module_update HTTP/1.1" 200 - 2 0.001 0.003
2026-07-15 12:42:41,191 49738 INFO oca_module_testing werkzeug: 127.0.0.1 - - [15/Jul/2026 12:42:41] "POST /web/dataset/call_kw/ir.module.module/search_panel_select_range#ir.module.module.search_panel_select_range HTTP/1.1" 200 - 50 0.017 0.021
2026-07-15 12:42:41,207 49738 INFO oca_module_testing werkzeug: 127.0.0.1 - - [15/Jul/2026 12:42:41] "POST /web/dataset/call_kw/ir.module.module/web_search_read#ir.module.module.web_search_read HTTP/1.1" 200 - 3 0.004 0.005
2026-07-15 12:42:41,219 49738 INFO oca_module_testing werkzeug: 127.0.0.1 - - [15/Jul/2026 12:42:41] "POST /web/dataset/call_kw/ir.module.module/check_module_update#ir.module.module.check_module_update HTTP/1.1" 200 - 2 0.001 0.003
2026-07-15 12:42:44,116 49738 INFO oca_module_testing odoo.addons.base.models.ir_module: ALLOW access to module.button_immediate_upgrade on ['Analytix 360 Finance Dashboard'] to user admin #2 via 127.0.0.1 
2026-07-15 12:42:44,117 49738 INFO oca_module_testing odoo.addons.base.models.ir_module: ALLOW access to module.button_upgrade on ['Analytix 360 Finance Dashboard'] to user admin #2 via 127.0.0.1 
2026-07-15 12:42:44,117 49738 INFO oca_module_testing odoo.addons.base.models.ir_module: ALLOW access to module.update_list on ['Analytix 360 Finance Dashboard'] to user admin #2 via 127.0.0.1 
2026-07-15 12:42:44,347 49738 WARNING oca_module_testing odoo.modules.module: Missing `author` key in manifest for 'analytix_finance_dashboard', defaulting to '' 
2026-07-15 12:42:45,276 49738 INFO oca_module_testing odoo.addons.base.models.ir_module: ALLOW access to module.button_install on [] to user admin #2 via 127.0.0.1 
2026-07-15 12:42:45,329 49738 INFO oca_module_testing odoo.modules.loading: loading 1 modules... 
2026-07-15 12:42:45,335 49738 INFO oca_module_testing odoo.modules.loading: 1 modules loaded in 0.01s, 0 queries (+0 extra) 
2026-07-15 12:42:45,373 49738 INFO oca_module_testing odoo.modules.loading: updating modules list 
2026-07-15 12:42:45,375 49738 INFO oca_module_testing odoo.addons.base.models.ir_module: ALLOW access to module.update_list on [] to user __system__ #1 via 127.0.0.1 
2026-07-15 12:42:45,596 49738 WARNING oca_module_testing odoo.modules.module: Missing `author` key in manifest for 'analytix_finance_dashboard', defaulting to '' 
2026-07-15 12:42:46,489 49738 INFO oca_module_testing odoo.modules.loading: loading 85 modules... 
2026-07-15 12:42:46,538 49738 INFO oca_module_testing odoo.modules.loading: Loading module analytix_finance_dashboard (77/85) 
2026-07-15 12:42:46,849 49738 INFO oca_module_testing odoo.registry: module analytix_finance_dashboard: creating or updating database tables 
2026-07-15 12:42:46,894 49738 WARNING oca_module_testing odoo.addons.base.models.ir_model: Two fields (sale_lock_date, tax_lock_date) of res.config.settings() have the same label: Hard Lock Date. [Modules: om_fiscal_year and om_fiscal_year] 
2026-07-15 12:42:46,894 49738 WARNING oca_module_testing odoo.addons.base.models.ir_model: Two fields (purchase_lock_date, tax_lock_date) of res.config.settings() have the same label: Hard Lock Date. [Modules: om_fiscal_year and om_fiscal_year] 
2026-07-15 12:42:46,894 49738 WARNING oca_module_testing odoo.addons.base.models.ir_model: Two fields (hard_lock_date, tax_lock_date) of res.config.settings() have the same label: Hard Lock Date. [Modules: om_fiscal_year and om_fiscal_year] 
2026-07-15 12:42:46,963 49738 INFO oca_module_testing odoo.modules.loading: loading analytix_finance_dashboard/security/ir.model.access.csv 
2026-07-15 12:42:46,968 49738 INFO oca_module_testing odoo.modules.loading: loading analytix_finance_dashboard/views/dashboard_action.xml 
2026-07-15 12:42:46,970 49738 INFO oca_module_testing odoo.modules.loading: loading analytix_finance_dashboard/views/menu_views.xml 
2026-07-15 12:42:46,976 49738 INFO oca_module_testing odoo.modules.loading: loading analytix_finance_dashboard/views/set_home_action.xml 
2026-07-15 12:42:46,981 49738 INFO oca_module_testing odoo.modules.loading: loading analytix_finance_dashboard/views/zatca_settings.xml 
2026-07-15 12:42:47,042 49738 INFO oca_module_testing odoo.addons.base.models.ir_module: module analytix_finance_dashboard: no translation for language ar_001 
2026-07-15 12:42:47,048 49738 INFO oca_module_testing odoo.modules.loading: Module analytix_finance_dashboard loaded in 0.51s, 270 queries (+270 other) 
2026-07-15 12:42:47,050 49738 INFO oca_module_testing odoo.modules.loading: 85 modules loaded in 0.56s, 270 queries (+270 extra) 
2026-07-15 12:42:47,330 49738 INFO oca_module_testing odoo.registry: verifying fields for every extended model 
2026-07-15 12:42:47,358 49738 WARNING oca_module_testing odoo.addons.base.models.ir_model: Two fields (sale_lock_date, tax_lock_date) of res.config.settings() have the same label: Hard Lock Date. [Modules: om_fiscal_year and om_fiscal_year] 
2026-07-15 12:42:47,358 49738 WARNING oca_module_testing odoo.addons.base.models.ir_model: Two fields (purchase_lock_date, tax_lock_date) of res.config.settings() have the same label: Hard Lock Date. [Modules: om_fiscal_year and om_fiscal_year] 
2026-07-15 12:42:47,358 49738 WARNING oca_module_testing odoo.addons.base.models.ir_model: Two fields (hard_lock_date, tax_lock_date) of res.config.settings() have the same label: Hard Lock Date. [Modules: om_fiscal_year and om_fiscal_year] 
2026-07-15 12:42:47,722 49738 INFO oca_module_testing odoo.modules.loading: Modules loaded. 
2026-07-15 12:42:47,736 49738 INFO oca_module_testing odoo.registry: Registry changed, signaling through the database 
2026-07-15 12:42:47,739 49738 INFO oca_module_testing odoo.registry: Registry loaded in 2.422s 
2026-07-15 12:42:47,739 49738 INFO oca_module_testing odoo.addons.base.models.ir_module: getting next ir.actions.todo() 
2026-07-15 12:42:47,754 49738 INFO oca_module_testing werkzeug: 127.0.0.1 - - [15/Jul/2026 12:42:47] "POST /web/dataset/call_button/ir.module.module/button_immediate_upgrade#ir.module.module.button_immediate_upgrade HTTP/1.1" 200 - 4888 1.592 2.052
2026-07-15 12:42:47,767 49738 INFO oca_module_testing odoo.addons.base.models.ir_http: Generating routing map for key None 
2026-07-15 12:42:48,036 49738 INFO oca_module_testing werkzeug: 127.0.0.1 - - [15/Jul/2026 12:42:48] "GET /odoo HTTP/1.1" 200 - 78 0.021 0.251
2026-07-15 12:42:48,103 49738 INFO oca_module_testing werkzeug: 127.0.0.1 - - [15/Jul/2026 12:42:48] "GET /web/webclient/load_menus HTTP/1.1" 200 - 13 0.010 0.033
2026-07-15 12:42:48,269 49738 INFO oca_module_testing werkzeug: 127.0.0.1 - - [15/Jul/2026 12:42:48] "GET /web/webclient/translations?hash=&lang=en_US HTTP/1.1" 200 - 2 0.001 0.002
2026-07-15 12:42:48,382 49738 INFO oca_module_testing werkzeug: 127.0.0.1 - - [15/Jul/2026 12:42:48] "POST /web/action/load HTTP/1.1" 200 - 7 0.007 0.011
2026-07-15 12:42:48,394 49738 INFO oca_module_testing werkzeug: 127.0.0.1 - - [15/Jul/2026 12:42:48] "GET /web/image?model=res.users&field=avatar_128&id=2 HTTP/1.1" 304 - 16 0.014 0.014
2026-07-15 12:42:48,395 49738 INFO oca_module_testing werkzeug: 127.0.0.1 - - [15/Jul/2026 12:42:48] "GET /bus/websocket_worker_bundle?v=19.0-2 HTTP/1.1" 304 - 4 0.006 0.020
2026-07-15 12:42:48,429 49738 INFO oca_module_testing werkzeug: 127.0.0.1 - - [15/Jul/2026 12:42:48] "POST /mail/data HTTP/1.1" 200 - 63 0.030 0.031
2026-07-15 12:42:48,474 49738 INFO oca_module_testing werkzeug: 127.0.0.1 - - [15/Jul/2026 12:42:48] "GET /websocket?version=19.0-2 HTTP/1.1" 101 - 1 0.001 0.002
2026-07-15 12:42:48,498 49738 INFO oca_module_testing werkzeug: 127.0.0.1 - - [15/Jul/2026 12:42:48] "POST /web/dataset/call_kw/account.move/get_analytix_dashboard_data#account.move.get_analytix_dashboard_data HTTP/1.1" 200 - 29 0.008 0.013
2026-07-15 12:42:48,511 49738 INFO oca_module_testing werkzeug: 127.0.0.1 - - [15/Jul/2026 12:42:48] "POST /web/dataset/call_kw/analytix.document/get_analytix_documents_list#analytix.document.get_analytix_documents_list HTTP/1.1" 200 - 11 0.003 0.006
2026-07-15 12:42:49,083 49738 INFO oca_module_testing werkzeug: 127.0.0.1 - - [15/Jul/2026 12:42:49] "GET /web/service-worker.js HTTP/1.1" 200 - 1 0.000 0.002
2026-07-15 12:43:06,098 49738 ERROR oca_module_testing odoo.http: Exception during request handling. 
Traceback (most recent call last):
  File "/home/amalraj/odoo19_new/odoo-19.0/odoo/http.py", line 2829, in __call__
    response = request._serve_db()
               ^^^^^^^^^^^^^^^^^^^
  File "/home/amalraj/odoo19_new/odoo-19.0/odoo/http.py", line 2304, in _serve_db
    raise self._update_served_exception(exc)
  File "/home/amalraj/odoo19_new/odoo-19.0/odoo/http.py", line 2302, in _serve_db
    return service_model.retrying(serve_func, env=self.env)
           ^^^^^^^^^^^^^^^^^^^^^^^^^^^^^^^^^^^^^^^^^^^^^^^^
  File "/home/amalraj/odoo19_new/odoo-19.0/odoo/service/model.py", line 188, in retrying
    result = func()
             ^^^^^^
  File "/home/amalraj/odoo19_new/odoo-19.0/odoo/http.py", line 2357, in _serve_ir_http
    response = self.dispatcher.dispatch(rule.endpoint, args)
               ^^^^^^^^^^^^^^^^^^^^^^^^^^^^^^^^^^^^^^^^^^^^^
  File "/home/amalraj/odoo19_new/odoo-19.0/odoo/http.py", line 2572, in dispatch
    result = self.request.registry['ir.http']._dispatch(endpoint)
             ^^^^^^^^^^^^^^^^^^^^^^^^^^^^^^^^^^^^^^^^^^^^^^^^^^^^
  File "/home/amalraj/odoo19_new/odoo-19.0/odoo/addons/base/models/ir_http.py", line 355, in _dispatch
    result = endpoint(**request.params)
             ^^^^^^^^^^^^^^^^^^^^^^^^^^
  File "/home/amalraj/odoo19_new/odoo-19.0/odoo/http.py", line 811, in route_wrapper
    result = endpoint(self, *args, **params_ok)
             ^^^^^^^^^^^^^^^^^^^^^^^^^^^^^^^^^^
  File "/home/amalraj/odoo19_new/odoo-19.0/addons/web/controllers/dataset.py", line 32, in call_kw
    return call_kw(request.env[model], method, args, kwargs)
           ^^^^^^^^^^^^^^^^^^^^^^^^^^^^^^^^^^^^^^^^^^^^^^^^^
  File "/home/amalraj/odoo19_new/odoo-19.0/odoo/service/model.py", line 97, in call_kw
    result = method(recs, *args, **kwargs)
             ^^^^^^^^^^^^^^^^^^^^^^^^^^^^^
  File "/home/amalraj/odoo19_new/odoo-19.0/custom/analytix_finance_dashboard/models/analytix_document.py", line 77, in save_analytix_document
    'mimetype':     doc.mimetype or '',
  File "/home/amalraj/odoo19_new/odoo-19.0/odoo/orm/decorators.py", line 365, in create
    return method(self, vals_list)
           ^^^^^^^^^^^^^^^^^^^^^^^
  File "/home/amalraj/odoo19_new/odoo-19.0/odoo/orm/models.py", line 4709, in create
    records = self._create(data_list)
              ^^^^^^^^^^^^^^^^^^^^^^^
  File "/home/amalraj/odoo19_new/odoo-19.0/odoo/orm/models.py", line 4868, in _create
    row.append(field.convert_to_column_insert(stored[fname], self, stored))
               ^^^^^^^^^^^^^^^^^^^^^^^^^^^^^^^^^^^^^^^^^^^^^^^^^^^^^^^^^^^
  File "/home/amalraj/odoo19_new/odoo-19.0/odoo/orm/fields.py", line 1002, in convert_to_column_insert
    value = self.convert_to_column(value, record, values, validate)
            ^^^^^^^^^^^^^^^^^^^^^^^^^^^^^^^^^^^^^^^^^^^^^^^^^^^^^^^
  File "/home/amalraj/odoo19_new/odoo-19.0/odoo/orm/fields_selection.py", line 225, in convert_to_column
    value = self.convert_to_cache(value, record)
            ^^^^^^^^^^^^^^^^^^^^^^^^^^^^^^^^^^^^
  File "/home/amalraj/odoo19_new/odoo-19.0/odoo/orm/fields_selection.py", line 235, in convert_to_cache
    raise ValueError("Wrong value for %s: %r" % (self, value))
ValueError: Wrong value for analytix.document.doc_type: 'payment_voucher'
2026-07-15 12:43:06,100 49738 INFO oca_module_testing werkzeug: 127.0.0.1 - - [15/Jul/2026 12:43:06] "POST /web/dataset/call_kw/analytix.document/save_analytix_document#analytix.document.save_analytix_document HTTP/1.1" 200 - 4 0.002 0.006
2026-07-15 12:43:21,525 49738 WARNING 19_theme_setting odoo.addons.base.models.ir_cron: Skipping database 19_theme_setting as its base version is not 19.0.1.3. 
2026-07-15 12:43:21,531 49738 WARNING manas odoo.addons.base.models.ir_cron: Skipping database manas as its base version is not 19.0.1.3. 
2026-07-15 12:43:21,537 49738 WARNING odoo_19_test_try odoo.addons.base.models.ir_cron: Skipping database odoo_19_test_try as its base version is not 19.0.1.3. 
2026-07-15 12:43:21,540 49738 WARNING theme_test odoo.addons.base.models.ir_cron: Skipping database theme_test as its base version is not 19.0.1.3. 
2026-07-15 12:43:27,231 49738 WARNING 19_theme_setting odoo.addons.base.models.ir_cron: Skipping database 19_theme_setting as its base version is not 19.0.1.3. 
2026-07-15 12:43:27,237 49738 WARNING manas odoo.addons.base.models.ir_cron: Skipping database manas as its base version is not 19.0.1.3. 
2026-07-15 12:43:27,243 49738 WARNING odoo_19_test_try odoo.addons.base.models.ir_cron: Skipping database odoo_19_test_try as its base version is not 19.0.1.3. 
2026-07-15 12:43:27,246 49738 WARNING theme_test odoo.addons.base.models.ir_cron: Skipping database theme_test as its base version is not 19.0.1.3. 
2026-07-15 12:44:21,620 49738 WARNING 19_theme_setting odoo.addons.base.models.ir_cron: Skipping database 19_theme_setting as its base version is not 19.0.1.3. 
2026-07-15 12:44:21,625 49738 WARNING manas odoo.addons.base.models.ir_cron: Skipping database manas as its base version is not 19.0.1.3. 
2026-07-15 12:44:21,632 49738 INFO oca_module_testing odoo.addons.base.models.ir_cron: Job 'Base: Auto-vacuum internal data' (1) starting 
2026-07-15 12:44:22,156 49738 INFO oca_module_testing odoo.addons.base.models.res_users: GC'd 0 user log entries 
2026-07-15 12:44:22,271 49738 INFO oca_module_testing odoo.addons.base.models.res_device: GC device logs delete 0 entries 
2026-07-15 12:44:22,359 49738 INFO oca_module_testing odoo.addons.api_doc.models.ir_attachment: GC'd 0 /doc cached index 
2026-07-15 12:44:22,385 49738 INFO oca_module_testing odoo.addons.base.models.ir_attachment: filestore gc 0 checked, 0 removed 
2026-07-15 12:44:22,390 49738 INFO oca_module_testing odoo.addons.base.models.res_users: GC 'res.users.apikeys' delete 0 entries 
2026-07-15 12:44:22,409 49738 INFO oca_module_testing odoo.addons.sms.models.sms_sms: GC'd 0 sms marked for deletion 
2026-07-15 12:44:22,474 49738 INFO oca_module_testing odoo.addons.base.models.res_users: GC 'auth_totp.device' delete 0 entries 
2026-07-15 12:44:22,520 49738 INFO oca_module_testing odoo.addons.base.models.res_device: GC device logs delete 0 entries 
2026-07-15 12:44:22,555 49738 INFO oca_module_testing odoo.addons.base.models.ir_cron: Job 'Base: Auto-vacuum internal data' (1) fully done (#loop 1; done 129; remaining 0; duration 0.92s) 
2026-07-15 12:44:22,559 49738 WARNING odoo_19_test_try odoo.addons.base.models.ir_cron: Skipping database odoo_19_test_try as its base version is not 19.0.1.3. 
2026-07-15 12:44:22,562 49738 WARNING theme_test odoo.addons.base.models.ir_cron: Skipping database theme_test as its base version is not 19.0.1.3. 
2026-07-15 12:44:28,335 49738 WARNING 19_theme_setting odoo.addons.base.models.ir_cron: Skipping database 19_theme_setting as its base version is not 19.0.1.3. 
2026-07-15 12:44:28,341 49738 WARNING manas odoo.addons.base.models.ir_cron: Skipping database manas as its base version is not 19.0.1.3. 
2026-07-15 12:44:28,347 49738 WARNING odoo_19_test_try odoo.addons.base.models.ir_cron: Skipping database odoo_19_test_try as its base version is not 19.0.1.3. 
2026-07-15 12:44:28,350 49738 WARNING theme_test odoo.addons.base.models.ir_cron: Skipping database theme_test as its base version is not 19.0.1.3. 
2026-07-15 12:45:22,643 49738 WARNING 19_theme_setting odoo.addons.base.models.ir_cron: Skipping database 19_theme_setting as its base version is not 19.0.1.3. 
2026-07-15 12:45:22,650 49738 WARNING manas odoo.addons.base.models.ir_cron: Skipping database manas as its base version is not 19.0.1.3. 
2026-07-15 12:45:22,655 49738 WARNING odoo_19_test_try odoo.addons.base.models.ir_cron: Skipping database odoo_19_test_try as its base version is not 19.0.1.3. 
2026-07-15 12:45:22,658 49738 WARNING theme_test odoo.addons.base.models.ir_cron: Skipping database theme_test as its base version is not 19.0.1.3. 
2026-07-15 12:45:29,439 49738 WARNING 19_theme_setting odoo.addons.base.models.ir_cron: Skipping database 19_theme_setting as its base version is not 19.0.1.3. 
2026-07-15 12:45:29,445 49738 WARNING manas odoo.addons.base.models.ir_cron: Skipping database manas as its base version is not 19.0.1.3. 
2026-07-15 12:45:29,450 49738 WARNING odoo_19_test_try odoo.addons.base.models.ir_cron: Skipping database odoo_19_test_try as its base version is not 19.0.1.3. 
2026-07-15 12:45:29,453 49738 WARNING theme_test odoo.addons.base.models.ir_cron: Skipping database theme_test as its base version is not 19.0.1.3. 
2026-07-15 12:46:22,739 49738 WARNING 19_theme_setting odoo.addons.base.models.ir_cron: Skipping database 19_theme_setting as its base version is not 19.0.1.3. 
2026-07-15 12:46:22,746 49738 WARNING manas odoo.addons.base.models.ir_cron: Skipping database manas as its base version is not 19.0.1.3. 
2026-07-15 12:46:22,752 49738 WARNING odoo_19_test_try odoo.addons.base.models.ir_cron: Skipping database odoo_19_test_try as its base version is not 19.0.1.3. 
2026-07-15 12:46:22,756 49738 WARNING theme_test odoo.addons.base.models.ir_cron: Skipping database theme_test as its base version is not 19.0.1.3. 
2026-07-15 12:46:30,546 49738 WARNING 19_theme_setting odoo.addons.base.models.ir_cron: Skipping database 19_theme_setting as its base version is not 19.0.1.3. 
2026-07-15 12:46:30,552 49738 WARNING manas odoo.addons.base.models.ir_cron: Skipping database manas as its base version is not 19.0.1.3. 
2026-07-15 12:46:30,557 49738 WARNING odoo_19_test_try odoo.addons.base.models.ir_cron: Skipping database odoo_19_test_try as its base version is not 19.0.1.3. 
2026-07-15 12:46:30,561 49738 WARNING theme_test odoo.addons.base.models.ir_cron: Skipping database theme_test as its base version is not 19.0.1.3. 
2026-07-15 12:46:33,476 49738 INFO ? odoo.service.server: Initiating shutdown 
2026-07-15 12:46:33,476 49738 INFO ? odoo.service.server: Hit CTRL-C again or send a second signal to force the shutdown. 
2026-07-15 12:46:33,936 49738 INFO ? odoo.sql_db: ConnectionPool(read/write;used=0/count=0/max=64): Closed 23 connections  
2026-07-15 12:46:33,939 49738 INFO ? odoo.service.server: cron0 max age (0s) reached, releasing connection. 
2026-07-15 12:46:33,946 49738 INFO ? odoo.service.server: cron1 max age (0s) reached, releasing connection. 
2026-07-15 12:46:35,883 90371 WARNING ? odoo.tools.config: unknown option 'xmlrpc_port' in the config file at /home/amalraj/odoo19_new/odoo-19.0/odoo19.conf, option stored as-is, without parsing 
2026-07-15 12:46:35,883 90371 WARNING ? odoo.tools.config: missing --http-interface/http_interface, using 0.0.0.0 by default, will change to 127.0.0.1 in 20.0 
2026-07-15 12:46:35,884 90371 INFO ? odoo: Odoo version 19.0 
2026-07-15 12:46:35,884 90371 INFO ? odoo: Using configuration file at /home/amalraj/odoo19_new/odoo-19.0/odoo19.conf 
2026-07-15 12:46:35,884 90371 INFO ? odoo: addons paths: _NamespacePath(['/home/amalraj/odoo19_new/odoo-19.0/odoo/addons', '/home/amalraj/.local/share/Odoo/addons/19.0', '/home/amalraj/odoo19_new/odoo-19.0/addons', '/home/amalraj/odoo19_new/odoo-19.0/custom']) 
2026-07-15 12:46:35,884 90371 INFO ? odoo: database: odoo19@localhost:5432 
2026-07-15 12:46:36,340 90371 INFO ? odoo.service.server: HTTP service (werkzeug) running on analytix-HP-255R-15-6-inch-G10-Notebook-PC:8069 
2026-07-15 12:46:40,231 90371 INFO ? odoo.modules.loading: loading 1 modules... 
2026-07-15 12:46:40,239 90371 INFO ? odoo.modules.loading: 1 modules loaded in 0.01s, 0 queries (+0 extra) 
2026-07-15 12:46:40,262 90371 WARNING ? odoo.modules.module: Missing `author` key in manifest for 'analytix_finance_dashboard', defaulting to '' 
2026-07-15 12:46:40,290 90371 INFO ? odoo.modules.loading: loading 85 modules... 
2026-07-15 12:46:41,112 90371 WARNING ? py.warnings: /home/amalraj/odoo19_new/odoo-19.0/odoo/osv/__init__.py:4: DeprecationWarning: Since 19.0, odoo.osv is deprecated use odoo.fields.Domain
  File "/home/amalraj/odoo19_new/odoo-19.0/odoo/http.py", line 2829, in __call__
    response = request._serve_db()
  File "/home/amalraj/odoo19_new/odoo-19.0/odoo/http.py", line 2248, in _serve_db
    registry = Registry(self.db)
  File "/home/amalraj/odoo19_new/odoo-19.0/odoo/orm/registry.py", line 120, in __new__
    return cls.new(db_name)
  File "/home/amalraj/odoo19_new/odoo-19.0/odoo/tools/func.py", line 88, in locked
    return func(inst, *args, **kwargs)
  File "/home/amalraj/odoo19_new/odoo-19.0/odoo/orm/registry.py", line 199, in new
    load_modules(
  File "/home/amalraj/odoo19_new/odoo-19.0/odoo/modules/loading.py", line 464, in load_modules
    load_module_graph(
  File "/home/amalraj/odoo19_new/odoo-19.0/odoo/modules/loading.py", line 178, in load_module_graph
    load_openerp_module(package.name)
  File "/home/amalraj/odoo19_new/odoo-19.0/odoo/modules/module.py", line 505, in load_openerp_module
    __import__(qualname)
  File "/home/amalraj/odoo19_new/odoo-19.0/custom/accounting_pdf_reports/__init__.py", line 2, in <module>
    from . import models
  File "/home/amalraj/odoo19_new/odoo-19.0/custom/accounting_pdf_reports/models/__init__.py", line 3, in <module>
    from . import account_move_line
  File "/home/amalraj/odoo19_new/odoo-19.0/custom/accounting_pdf_reports/models/account_move_line.py", line 2, in <module>
    from odoo.osv import expression
  File "/home/amalraj/odoo19_new/odoo-19.0/odoo/osv/__init__.py", line 4, in <module>
    warnings.warn("Since 19.0, odoo.osv is deprecated use odoo.fields.Domain", DeprecationWarning)
 
2026-07-15 12:46:41,138 90371 WARNING ? odoo.tools.translate: no translation language detected, skipping translation <frame at 0x79c622ad65a0, file '/home/amalraj/odoo19_new/odoo-19.0/custom/om_account_followup/wizard/followup_print.py', line 34, code FollowupPrint> 
Stack (most recent call last):
  File "/usr/lib/python3.12/threading.py", line 1030, in _bootstrap
    self._bootstrap_inner()
  File "/usr/lib/python3.12/threading.py", line 1073, in _bootstrap_inner
    self.run()
  File "/usr/lib/python3.12/threading.py", line 1010, in run
    self._target(*self._args, **self._kwargs)
  File "/usr/lib/python3.12/socketserver.py", line 692, in process_request_thread
    self.finish_request(request, client_address)
  File "/usr/lib/python3.12/socketserver.py", line 362, in finish_request
    self.RequestHandlerClass(request, client_address, self)
  File "/home/amalraj/odoo19_new/odoo-19.0/odoo/service/server.py", line 143, in __init__
    super().__init__(*args, **kwargs)
  File "/usr/lib/python3.12/socketserver.py", line 761, in __init__
    self.handle()
  File "/home/amalraj/odoo19_new/.venv/lib/python3.12/site-packages/werkzeug/serving.py", line 390, in handle
    super().handle()
  File "/usr/lib/python3.12/http/server.py", line 436, in handle
    self.handle_one_request()
  File "/usr/lib/python3.12/http/server.py", line 424, in handle_one_request
    method()
  File "/home/amalraj/odoo19_new/.venv/lib/python3.12/site-packages/werkzeug/serving.py", line 362, in run_wsgi
    execute(self.server.app)
  File "/home/amalraj/odoo19_new/.venv/lib/python3.12/site-packages/werkzeug/serving.py", line 323, in execute
    application_iter = app(environ, start_response)
  File "/home/amalraj/odoo19_new/odoo-19.0/odoo/http.py", line 2829, in __call__
    response = request._serve_db()
  File "/home/amalraj/odoo19_new/odoo-19.0/odoo/http.py", line 2248, in _serve_db
    registry = Registry(self.db)
  File "/home/amalraj/odoo19_new/odoo-19.0/odoo/orm/registry.py", line 120, in __new__
    return cls.new(db_name)
  File "/home/amalraj/odoo19_new/odoo-19.0/odoo/tools/func.py", line 88, in locked
    return func(inst, *args, **kwargs)
  File "/home/amalraj/odoo19_new/odoo-19.0/odoo/orm/registry.py", line 199, in new
    load_modules(
  File "/home/amalraj/odoo19_new/odoo-19.0/odoo/modules/loading.py", line 464, in load_modules
    load_module_graph(
  File "/home/amalraj/odoo19_new/odoo-19.0/odoo/modules/loading.py", line 178, in load_module_graph
    load_openerp_module(package.name)
  File "/home/amalraj/odoo19_new/odoo-19.0/odoo/modules/module.py", line 505, in load_openerp_module
    __import__(qualname)
  File "<frozen importlib._bootstrap>", line 1360, in _find_and_load
  File "<frozen importlib._bootstrap>", line 1331, in _find_and_load_unlocked
  File "<frozen importlib._bootstrap>", line 935, in _load_unlocked
  File "<frozen importlib._bootstrap_external>", line 995, in exec_module
  File "<frozen importlib._bootstrap>", line 488, in _call_with_frames_removed
  File "/home/amalraj/odoo19_new/odoo-19.0/custom/om_account_followup/__init__.py", line 1, in <module>
    from . import wizard
  File "<frozen importlib._bootstrap>", line 1415, in _handle_fromlist
  File "<frozen importlib._bootstrap>", line 488, in _call_with_frames_removed
  File "<frozen importlib._bootstrap>", line 1360, in _find_and_load
  File "<frozen importlib._bootstrap>", line 1331, in _find_and_load_unlocked
  File "<frozen importlib._bootstrap>", line 935, in _load_unlocked
  File "<frozen importlib._bootstrap_external>", line 995, in exec_module
  File "<frozen importlib._bootstrap>", line 488, in _call_with_frames_removed
  File "/home/amalraj/odoo19_new/odoo-19.0/custom/om_account_followup/wizard/__init__.py", line 1, in <module>
    from . import followup_print
  File "<frozen importlib._bootstrap>", line 1415, in _handle_fromlist
  File "<frozen importlib._bootstrap>", line 488, in _call_with_frames_removed
  File "<frozen importlib._bootstrap>", line 1360, in _find_and_load
  File "<frozen importlib._bootstrap>", line 1331, in _find_and_load_unlocked
  File "<frozen importlib._bootstrap>", line 935, in _load_unlocked
  File "<frozen importlib._bootstrap_external>", line 995, in exec_module
  File "<frozen importlib._bootstrap>", line 488, in _call_with_frames_removed
  File "/home/amalraj/odoo19_new/odoo-19.0/custom/om_account_followup/wizard/followup_print.py", line 7, in <module>
    class FollowupPrint(models.TransientModel):
  File "/home/amalraj/odoo19_new/odoo-19.0/custom/om_account_followup/wizard/followup_print.py", line 34, in FollowupPrint
    default=_('Invoices Reminder'))
  File "/home/amalraj/odoo19_new/odoo-19.0/odoo/tools/translate.py", line 577, in get_text_alias
    module, lang = _get_translation_source(1)
  File "/home/amalraj/odoo19_new/odoo-19.0/odoo/tools/translate.py", line 566, in _get_translation_source
    lang = lang or _get_lang(frame, default_lang)
  File "/home/amalraj/odoo19_new/odoo-19.0/odoo/tools/translate.py", line 557, in _get_lang
    _logger.log(log_level, 'no translation language detected, skipping translation %s', frame, stack_info=True)
2026-07-15 12:46:41,221 90371 INFO ? odoo.modules.loading: 85 modules loaded in 0.93s, 0 queries (+0 extra) 
2026-07-15 12:46:41,485 90371 INFO ? odoo.modules.loading: Modules loaded. 
2026-07-15 12:46:41,560 90371 INFO ? odoo.registry: Registry loaded in 1.377s 
2026-07-15 12:46:41,562 90371 INFO oca_module_testing odoo.addons.base.models.ir_http: Generating routing map for key None 
2026-07-15 12:46:41,600 90371 INFO oca_module_testing werkzeug: 127.0.0.1 - - [15/Jul/2026 12:46:41] "GET /websocket?version=19.0-2 HTTP/1.1" 101 - 29 0.039 1.381
2026-07-15 12:46:41,617 90371 INFO oca_module_testing werkzeug: 127.0.0.1 - - [15/Jul/2026 12:46:41] "POST /bus/has_missed_notifications HTTP/1.1" 200 - 2 0.001 0.002
2026-07-15 12:46:41,951 90371 INFO ? odoo.addons.bus.models.bus: Bus.loop listen imbus on db postgres 
2026-07-15 12:47:36,444 90371 WARNING 19_theme_setting odoo.addons.base.models.ir_cron: Skipping database 19_theme_setting as its base version is not 19.0.1.3. 
2026-07-15 12:47:36,623 90371 WARNING manas odoo.addons.base.models.ir_cron: Skipping database manas as its base version is not 19.0.1.3. 
2026-07-15 12:47:36,724 90371 WARNING odoo_19_test_try odoo.addons.base.models.ir_cron: Skipping database odoo_19_test_try as its base version is not 19.0.1.3. 
2026-07-15 12:47:36,822 90371 INFO tezzzzzzzzzzzzzzzzzzzzz odoo.modules.loading: loading 1 modules... 
2026-07-15 12:47:36,828 90371 INFO tezzzzzzzzzzzzzzzzzzzzz odoo.modules.loading: 1 modules loaded in 0.00s, 0 queries (+0 extra) 
2026-07-15 12:47:36,882 90371 INFO tezzzzzzzzzzzzzzzzzzzzz odoo.modules.module_graph: module analytix_finance_dashboard: some depends are not loaded, skipped 
2026-07-15 12:47:36,886 90371 INFO tezzzzzzzzzzzzzzzzzzzzz odoo.modules.loading: loading 177 modules... 
2026-07-15 12:47:36,893 90371 WARNING tezzzzzzzzzzzzzzzzzzzzz odoo.addons.attachment_indexation.models.ir_attachment: Attachment indexation of PDF documents is unavailable because the 'pdfminer.six' Python library cannot be found on the system. You may install it from https://pypi.org/project/pdfminer.six/ (e.g. `pip3 install pdfminer.six`) 
2026-07-15 12:47:37,226 90371 WARNING tezzzzzzzzzzzzzzzzzzzzz py.warnings: /home/amalraj/odoo19_new/odoo-19.0/custom/accounting_19_dashboard/controllers/main.py:8: DeprecationWarning: Since 19.0, @route(type='json') is a deprecated alias to @route(type='jsonrpc')
  File "/usr/lib/python3.12/threading.py", line 1030, in _bootstrap
    self._bootstrap_inner()
  File "/usr/lib/python3.12/threading.py", line 1073, in _bootstrap_inner
    self.run()
  File "/usr/lib/python3.12/threading.py", line 1010, in run
    self._target(*self._args, **self._kwargs)
  File "/home/amalraj/odoo19_new/odoo-19.0/odoo/service/server.py", line 604, in cron_thread
    _run_cron(cr)
  File "/home/amalraj/odoo19_new/odoo-19.0/odoo/service/server.py", line 596, in _run_cron
    IrCron._process_jobs(db_name)
  File "/home/amalraj/odoo19_new/odoo-19.0/odoo/addons/base/models/ir_cron.py", line 199, in _process_jobs
    cls._process_jobs_loop(cron_cr, job_ids=[job['id'] for job in jobs])
  File "/home/amalraj/odoo19_new/odoo-19.0/odoo/addons/base/models/ir_cron.py", line 235, in _process_jobs_loop
    registry = Registry(db_name).check_signaling()
  File "/home/amalraj/odoo19_new/odoo-19.0/odoo/orm/registry.py", line 120, in __new__
    return cls.new(db_name)
  File "/home/amalraj/odoo19_new/odoo-19.0/odoo/tools/func.py", line 88, in locked
    return func(inst, *args, **kwargs)
  File "/home/amalraj/odoo19_new/odoo-19.0/odoo/orm/registry.py", line 199, in new
    load_modules(
  File "/home/amalraj/odoo19_new/odoo-19.0/odoo/modules/loading.py", line 464, in load_modules
    load_module_graph(
  File "/home/amalraj/odoo19_new/odoo-19.0/odoo/modules/loading.py", line 178, in load_module_graph
    load_openerp_module(package.name)
  File "/home/amalraj/odoo19_new/odoo-19.0/odoo/modules/module.py", line 505, in load_openerp_module
    __import__(qualname)
  File "/home/amalraj/odoo19_new/odoo-19.0/custom/accounting_19_dashboard/__init__.py", line 2, in <module>
    from . import controllers
  File "/home/amalraj/odoo19_new/odoo-19.0/custom/accounting_19_dashboard/controllers/__init__.py", line 2, in <module>
    from . import main
  File "/home/amalraj/odoo19_new/odoo-19.0/custom/accounting_19_dashboard/controllers/main.py", line 8, in <module>
    class AccountingDashboardController(http.Controller):
 
2026-07-15 12:47:37,438 90371 WARNING 19_theme_setting odoo.addons.base.models.ir_cron: Skipping database 19_theme_setting as its base version is not 19.0.1.3. 
2026-07-15 12:47:37,448 90371 WARNING manas odoo.addons.base.models.ir_cron: Skipping database manas as its base version is not 19.0.1.3. 
2026-07-15 12:47:37,457 90371 WARNING odoo_19_test_try odoo.addons.base.models.ir_cron: Skipping database odoo_19_test_try as its base version is not 19.0.1.3. 
2026-07-15 12:47:37,609 90371 WARNING theme_test odoo.addons.base.models.ir_cron: Skipping database theme_test as its base version is not 19.0.1.3. 
2026-07-15 12:47:37,885 90371 INFO tezzzzzzzzzzzzzzzzzzzzz odoo.modules.loading: 177 modules loaded in 1.00s, 0 queries (+37 extra) 
2026-07-15 12:47:38,394 90371 ERROR tezzzzzzzzzzzzzzzzzzzzz odoo.modules.loading: Some modules are not loaded, some dependencies or manifest may be missing: ['analytix_finance_dashboard'] 
2026-07-15 12:47:38,394 90371 INFO tezzzzzzzzzzzzzzzzzzzzz odoo.modules.loading: Modules loaded. 
2026-07-15 12:47:38,447 90371 INFO tezzzzzzzzzzzzzzzzzzzzz odoo.registry: Registry loaded in 1.673s 
2026-07-15 12:47:38,450 90371 INFO tezzzzzzzzzzzzzzzzzzzzz odoo.addons.base.models.ir_cron: Job 'Payment: Post-process transactions' (15) starting 
2026-07-15 12:47:38,555 90371 INFO tezzzzzzzzzzzzzzzzzzzzz odoo.addons.base.models.ir_cron: Job 'Payment: Post-process transactions' (15) fully done (#loop 1; done 0; remaining 0; duration 0.10s) 
2026-07-15 12:47:38,587 90371 WARNING theme_test odoo.addons.base.models.ir_cron: Skipping database theme_test as its base version is not 19.0.1.3. 
2026-07-15 12:47:59,445 90371 INFO oca_module_testing werkzeug: 127.0.0.1 - - [15/Jul/2026 12:47:59] "GET /odoo/action-388 HTTP/1.1" 200 - 71 0.045 0.508
2026-07-15 12:47:59,567 90371 INFO oca_module_testing werkzeug: 127.0.0.1 - - [15/Jul/2026 12:47:59] "GET /web/webclient/load_menus HTTP/1.1" 200 - 13 0.019 0.056
2026-07-15 12:47:59,873 90371 INFO oca_module_testing werkzeug: 127.0.0.1 - - [15/Jul/2026 12:47:59] "GET /web/webclient/translations?hash=309395e7b381598b2edc4f4c75a99a6d285ecbd8&lang=en_US HTTP/1.1" 200 - 2 0.001 0.013
2026-07-15 12:48:00,056 90371 INFO oca_module_testing werkzeug: 127.0.0.1 - - [15/Jul/2026 12:48:00] "GET /web/image?model=res.users&field=avatar_128&id=2 HTTP/1.1" 304 - 13 0.012 0.019
2026-07-15 12:48:00,152 90371 INFO oca_module_testing werkzeug: 127.0.0.1 - - [15/Jul/2026 12:48:00] "GET /bus/websocket_worker_bundle?v=19.0-2 HTTP/1.1" 304 - 4 0.004 0.011
2026-07-15 12:48:00,158 90371 INFO oca_module_testing werkzeug: 127.0.0.1 - - [15/Jul/2026 12:48:00] "POST /mail/data HTTP/1.1" 200 - 64 0.057 0.058
2026-07-15 12:48:00,219 90371 INFO oca_module_testing werkzeug: 127.0.0.1 - - [15/Jul/2026 12:48:00] "POST /web/dataset/call_kw/account.move/get_analytix_dashboard_data#account.move.get_analytix_dashboard_data HTTP/1.1" 200 - 29 0.023 0.029
2026-07-15 12:48:00,230 90371 INFO oca_module_testing werkzeug: 127.0.0.1 - - [15/Jul/2026 12:48:00] "GET /websocket?version=19.0-2 HTTP/1.1" 101 - 1 0.001 0.006
2026-07-15 12:48:00,249 90371 INFO oca_module_testing werkzeug: 127.0.0.1 - - [15/Jul/2026 12:48:00] "POST /web/dataset/call_kw/analytix.document/get_analytix_documents_list#analytix.document.get_analytix_documents_list HTTP/1.1" 200 - 11 0.009 0.014
2026-07-15 12:48:00,465 90371 INFO oca_module_testing werkzeug: 127.0.0.1 - - [15/Jul/2026 12:48:00] "GET /web/service-worker.js HTTP/1.1" 200 - 1 0.001 0.003
2026-07-15 12:48:01,971 90371 INFO oca_module_testing werkzeug: 127.0.0.1 - - [15/Jul/2026 12:48:01] "POST /web/action/load HTTP/1.1" 200 - 11 0.010 0.010
2026-07-15 12:48:02,067 90371 INFO oca_module_testing werkzeug: 127.0.0.1 - - [15/Jul/2026 12:48:02] "POST /web/dataset/call_kw/ir.module.module/get_views#ir.module.module.get_views HTTP/1.1" 200 - 45 0.028 0.044
2026-07-15 12:48:02,084 90371 INFO oca_module_testing werkzeug: 127.0.0.1 - - [15/Jul/2026 12:48:02] "POST /web/dataset/call_kw/ir.module.module/search_panel_select_range#ir.module.module.search_panel_select_range HTTP/1.1" 200 - 1 0.001 0.004
2026-07-15 12:48:02,143 90371 INFO oca_module_testing werkzeug: 127.0.0.1 - - [15/Jul/2026 12:48:02] "POST /web/dataset/call_kw/ir.module.module/search_panel_select_range#ir.module.module.search_panel_select_range HTTP/1.1" 200 - 53 0.031 0.031
2026-07-15 12:48:02,148 90371 INFO oca_module_testing werkzeug: 127.0.0.1 - - [15/Jul/2026 12:48:02] "POST /web/dataset/call_kw/ir.module.module/web_search_read#ir.module.module.web_search_read HTTP/1.1" 200 - 4 0.007 0.055
2026-07-15 12:48:02,152 90371 INFO oca_module_testing werkzeug: 127.0.0.1 - - [15/Jul/2026 12:48:02] "POST /web/dataset/call_kw/ir.module.module/check_module_update#ir.module.module.check_module_update HTTP/1.1" 200 - 2 0.006 0.020
2026-07-15 12:48:02,226 90371 INFO oca_module_testing werkzeug: 127.0.0.1 - - [15/Jul/2026 12:48:02] "POST /web/dataset/call_kw/ir.module.module/check_module_update#ir.module.module.check_module_update HTTP/1.1" 200 - 2 0.001 0.003
2026-07-15 12:48:03,334 90371 INFO oca_module_testing werkzeug: 127.0.0.1 - - [15/Jul/2026 12:48:03] "POST /web/dataset/call_kw/ir.module.module/search_panel_select_range#ir.module.module.search_panel_select_range HTTP/1.1" 200 - 50 0.018 0.017
2026-07-15 12:48:03,353 90371 INFO oca_module_testing werkzeug: 127.0.0.1 - - [15/Jul/2026 12:48:03] "POST /web/dataset/call_kw/ir.module.module/web_search_read#ir.module.module.web_search_read HTTP/1.1" 200 - 4 0.005 0.047
2026-07-15 12:48:03,432 90371 INFO oca_module_testing werkzeug: 127.0.0.1 - - [15/Jul/2026 12:48:03] "POST /web/dataset/call_kw/ir.module.module/check_module_update#ir.module.module.check_module_update HTTP/1.1" 200 - 2 0.001 0.003
2026-07-15 12:48:05,559 90371 INFO oca_module_testing werkzeug: 127.0.0.1 - - [15/Jul/2026 12:48:05] "POST /web/dataset/call_kw/ir.module.module/search_panel_select_range#ir.module.module.search_panel_select_range HTTP/1.1" 200 - 50 0.019 0.023
2026-07-15 12:48:05,574 90371 INFO oca_module_testing werkzeug: 127.0.0.1 - - [15/Jul/2026 12:48:05] "POST /web/dataset/call_kw/ir.module.module/web_search_read#ir.module.module.web_search_read HTTP/1.1" 200 - 3 0.004 0.005
2026-07-15 12:48:05,585 90371 INFO oca_module_testing werkzeug: 127.0.0.1 - - [15/Jul/2026 12:48:05] "POST /web/dataset/call_kw/ir.module.module/check_module_update#ir.module.module.check_module_update HTTP/1.1" 200 - 2 0.001 0.003
2026-07-15 12:48:08,003 90371 INFO oca_module_testing odoo.addons.base.models.ir_module: ALLOW access to module.button_immediate_upgrade on ['Analytix 360 Finance Dashboard'] to user admin #2 via 127.0.0.1 
2026-07-15 12:48:08,004 90371 INFO oca_module_testing odoo.addons.base.models.ir_module: ALLOW access to module.button_upgrade on ['Analytix 360 Finance Dashboard'] to user admin #2 via 127.0.0.1 
2026-07-15 12:48:08,004 90371 INFO oca_module_testing odoo.addons.base.models.ir_module: ALLOW access to module.update_list on ['Analytix 360 Finance Dashboard'] to user admin #2 via 127.0.0.1 
2026-07-15 12:48:08,227 90371 WARNING oca_module_testing odoo.modules.module: Missing `author` key in manifest for 'analytix_finance_dashboard', defaulting to '' 
2026-07-15 12:48:09,303 90371 INFO oca_module_testing odoo.addons.base.models.ir_module: ALLOW access to module.button_install on [] to user admin #2 via 127.0.0.1 
2026-07-15 12:48:09,352 90371 INFO oca_module_testing odoo.modules.loading: loading 1 modules... 
2026-07-15 12:48:09,358 90371 INFO oca_module_testing odoo.modules.loading: 1 modules loaded in 0.01s, 0 queries (+0 extra) 
2026-07-15 12:48:09,394 90371 INFO oca_module_testing odoo.modules.loading: updating modules list 
2026-07-15 12:48:09,395 90371 INFO oca_module_testing odoo.addons.base.models.ir_module: ALLOW access to module.update_list on [] to user __system__ #1 via 127.0.0.1 
2026-07-15 12:48:09,608 90371 WARNING oca_module_testing odoo.modules.module: Missing `author` key in manifest for 'analytix_finance_dashboard', defaulting to '' 
2026-07-15 12:48:10,444 90371 INFO oca_module_testing odoo.modules.loading: loading 85 modules... 
2026-07-15 12:48:10,488 90371 INFO oca_module_testing odoo.modules.loading: Loading module analytix_finance_dashboard (77/85) 
2026-07-15 12:48:10,753 90371 INFO oca_module_testing odoo.registry: module analytix_finance_dashboard: creating or updating database tables 
2026-07-15 12:48:10,790 90371 WARNING oca_module_testing odoo.addons.base.models.ir_model: Two fields (sale_lock_date, tax_lock_date) of res.config.settings() have the same label: Hard Lock Date. [Modules: om_fiscal_year and om_fiscal_year] 
2026-07-15 12:48:10,790 90371 WARNING oca_module_testing odoo.addons.base.models.ir_model: Two fields (purchase_lock_date, tax_lock_date) of res.config.settings() have the same label: Hard Lock Date. [Modules: om_fiscal_year and om_fiscal_year] 
2026-07-15 12:48:10,790 90371 WARNING oca_module_testing odoo.addons.base.models.ir_model: Two fields (hard_lock_date, tax_lock_date) of res.config.settings() have the same label: Hard Lock Date. [Modules: om_fiscal_year and om_fiscal_year] 
2026-07-15 12:48:10,869 90371 INFO oca_module_testing odoo.modules.loading: loading analytix_finance_dashboard/security/ir.model.access.csv 
2026-07-15 12:48:11,172 90371 INFO oca_module_testing odoo.modules.loading: loading analytix_finance_dashboard/views/dashboard_action.xml 
2026-07-15 12:48:11,175 90371 INFO oca_module_testing odoo.modules.loading: loading analytix_finance_dashboard/views/menu_views.xml 
2026-07-15 12:48:11,182 90371 INFO oca_module_testing odoo.modules.loading: loading analytix_finance_dashboard/views/set_home_action.xml 
2026-07-15 12:48:11,187 90371 INFO oca_module_testing odoo.modules.loading: loading analytix_finance_dashboard/views/zatca_settings.xml 
2026-07-15 12:48:11,247 90371 INFO oca_module_testing odoo.addons.base.models.ir_module: module analytix_finance_dashboard: no translation for language ar_001 
2026-07-15 12:48:11,255 90371 INFO oca_module_testing odoo.modules.loading: Module analytix_finance_dashboard loaded in 0.77s, 271 queries (+271 other) 
2026-07-15 12:48:11,257 90371 INFO oca_module_testing odoo.modules.loading: 85 modules loaded in 0.81s, 271 queries (+271 extra) 
2026-07-15 12:48:11,531 90371 INFO oca_module_testing odoo.registry: verifying fields for every extended model 
2026-07-15 12:48:11,556 90371 WARNING oca_module_testing odoo.addons.base.models.ir_model: Two fields (sale_lock_date, tax_lock_date) of res.config.settings() have the same label: Hard Lock Date. [Modules: om_fiscal_year and om_fiscal_year] 
2026-07-15 12:48:11,556 90371 WARNING oca_module_testing odoo.addons.base.models.ir_model: Two fields (purchase_lock_date, tax_lock_date) of res.config.settings() have the same label: Hard Lock Date. [Modules: om_fiscal_year and om_fiscal_year] 
2026-07-15 12:48:11,556 90371 WARNING oca_module_testing odoo.addons.base.models.ir_model: Two fields (hard_lock_date, tax_lock_date) of res.config.settings() have the same label: Hard Lock Date. [Modules: om_fiscal_year and om_fiscal_year] 
2026-07-15 12:48:11,924 90371 INFO oca_module_testing odoo.modules.loading: Modules loaded. 
2026-07-15 12:48:11,937 90371 INFO oca_module_testing odoo.registry: Registry changed, signaling through the database 
2026-07-15 12:48:11,937 90371 INFO oca_module_testing odoo.registry: Registry loaded in 2.602s 
2026-07-15 12:48:11,937 90371 INFO oca_module_testing odoo.addons.base.models.ir_module: getting next ir.actions.todo() 
2026-07-15 12:48:11,952 90371 INFO oca_module_testing werkzeug: 127.0.0.1 - - [15/Jul/2026 12:48:11] "POST /web/dataset/call_button/ir.module.module/button_immediate_upgrade#ir.module.module.button_immediate_upgrade HTTP/1.1" 200 - 4889 1.591 2.363
2026-07-15 12:48:11,963 90371 INFO oca_module_testing odoo.addons.base.models.ir_http: Generating routing map for key None 
2026-07-15 12:48:12,238 90371 INFO oca_module_testing werkzeug: 127.0.0.1 - - [15/Jul/2026 12:48:12] "GET /odoo HTTP/1.1" 200 - 78 0.023 0.253
2026-07-15 12:48:12,305 90371 INFO oca_module_testing werkzeug: 127.0.0.1 - - [15/Jul/2026 12:48:12] "GET /web/webclient/load_menus HTTP/1.1" 200 - 13 0.010 0.032
2026-07-15 12:48:12,474 90371 INFO oca_module_testing werkzeug: 127.0.0.1 - - [15/Jul/2026 12:48:12] "GET /web/webclient/translations?hash=&lang=en_US HTTP/1.1" 200 - 2 0.001 0.003
2026-07-15 12:48:12,589 90371 INFO oca_module_testing werkzeug: 127.0.0.1 - - [15/Jul/2026 12:48:12] "POST /web/action/load HTTP/1.1" 200 - 7 0.008 0.010
2026-07-15 12:48:12,597 90371 INFO oca_module_testing werkzeug: 127.0.0.1 - - [15/Jul/2026 12:48:12] "GET /web/image?model=res.users&field=avatar_128&id=2 HTTP/1.1" 304 - 16 0.012 0.013
2026-07-15 12:48:12,603 90371 INFO oca_module_testing werkzeug: 127.0.0.1 - - [15/Jul/2026 12:48:12] "GET /bus/websocket_worker_bundle?v=19.0-2 HTTP/1.1" 304 - 4 0.006 0.021
2026-07-15 12:48:12,647 90371 INFO oca_module_testing werkzeug: 127.0.0.1 - - [15/Jul/2026 12:48:12] "POST /mail/data HTTP/1.1" 200 - 63 0.038 0.034
2026-07-15 12:48:12,686 90371 INFO oca_module_testing werkzeug: 127.0.0.1 - - [15/Jul/2026 12:48:12] "GET /websocket?version=19.0-2 HTTP/1.1" 101 - 1 0.001 0.004
2026-07-15 12:48:12,705 90371 INFO oca_module_testing werkzeug: 127.0.0.1 - - [15/Jul/2026 12:48:12] "POST /web/dataset/call_kw/account.move/get_analytix_dashboard_data#account.move.get_analytix_dashboard_data HTTP/1.1" 200 - 29 0.010 0.014
2026-07-15 12:48:12,719 90371 INFO oca_module_testing werkzeug: 127.0.0.1 - - [15/Jul/2026 12:48:12] "POST /web/dataset/call_kw/analytix.document/get_analytix_documents_list#analytix.document.get_analytix_documents_list HTTP/1.1" 200 - 11 0.003 0.007
2026-07-15 12:48:13,244 90371 INFO oca_module_testing werkzeug: 127.0.0.1 - - [15/Jul/2026 12:48:13] "GET /web/service-worker.js HTTP/1.1" 200 - 1 0.000 0.002
2026-07-15 12:48:37,576 90371 INFO oca_module_testing werkzeug: 127.0.0.1 - - [15/Jul/2026 12:48:37] "POST /web/dataset/call_kw/analytix.document/save_analytix_document#analytix.document.save_analytix_document HTTP/1.1" 200 - 10 0.007 0.010
2026-07-15 12:48:37,595 90371 INFO oca_module_testing werkzeug: 127.0.0.1 - - [15/Jul/2026 12:48:37] "POST /web/dataset/call_kw/analytix.document/get_analytix_documents_list#analytix.document.get_analytix_documents_list HTTP/1.1" 200 - 6 0.004 0.009
2026-07-15 12:48:38,673 90371 WARNING 19_theme_setting odoo.addons.base.models.ir_cron: Skipping database 19_theme_setting as its base version is not 19.0.1.3. 
2026-07-15 12:48:38,676 90371 WARNING 19_theme_setting odoo.addons.base.models.ir_cron: Skipping database 19_theme_setting as its base version is not 19.0.1.3. 
2026-07-15 12:48:38,680 90371 WARNING manas odoo.addons.base.models.ir_cron: Skipping database manas as its base version is not 19.0.1.3. 
2026-07-15 12:48:38,684 90371 WARNING manas odoo.addons.base.models.ir_cron: Skipping database manas as its base version is not 19.0.1.3. 
2026-07-15 12:48:38,741 90371 INFO new_360_dashboard odoo.modules.loading: loading 1 modules... 
2026-07-15 12:48:38,746 90371 INFO new_360_dashboard odoo.modules.loading: 1 modules loaded in 0.01s, 0 queries (+0 extra) 
2026-07-15 12:48:38,754 90371 INFO new_360_dashboard odoo.modules.module_graph: module analytix_finance_dashboard: some depends are not loaded, skipped 
2026-07-15 12:48:38,762 90371 INFO new_360_dashboard odoo.modules.loading: loading 78 modules... 
2026-07-15 12:48:38,817 90371 INFO new_360_dashboard odoo.modules.loading: 78 modules loaded in 0.05s, 0 queries (+0 extra) 
2026-07-15 12:48:39,100 90371 ERROR new_360_dashboard odoo.modules.loading: Some modules are not loaded, some dependencies or manifest may be missing: ['analytix_finance_dashboard'] 
2026-07-15 12:48:39,101 90371 INFO new_360_dashboard odoo.modules.loading: Modules loaded. 
2026-07-15 12:48:39,140 90371 INFO new_360_dashboard odoo.registry: Registry loaded in 0.449s 
2026-07-15 12:48:39,156 90371 INFO new_360_dashboard odoo.addons.base.models.ir_cron: Job 'Notification: Notify scheduled messages' (8) starting 
2026-07-15 12:48:39,159 90371 INFO new_360_dashboard odoo.addons.base.models.ir_cron: Job 'Mail: Email Queue Manager' (3) starting 
2026-07-15 12:48:39,331 90371 INFO new_360_dashboard odoo.addons.base.models.ir_cron: Job 'Notification: Notify scheduled messages' (8) fully done (#loop 1; done 0; remaining 0; duration 0.17s) 
2026-07-15 12:48:39,337 90371 INFO new_360_dashboard odoo.addons.base.models.ir_cron: Job 'Mail: Email Queue Manager' (3) fully done (#loop 1; done 0; remaining 0; duration 0.18s) 
2026-07-15 12:48:39,388 90371 WARNING odoo_19_test_try odoo.addons.base.models.ir_cron: Skipping database odoo_19_test_try as its base version is not 19.0.1.3. 
2026-07-15 12:48:39,390 90371 WARNING odoo_19_test_try odoo.addons.base.models.ir_cron: Skipping database odoo_19_test_try as its base version is not 19.0.1.3. 
2026-07-15 12:48:39,391 90371 WARNING theme_test odoo.addons.base.models.ir_cron: Skipping database theme_test as its base version is not 19.0.1.3. 
2026-07-15 12:48:39,393 90371 WARNING theme_test odoo.addons.base.models.ir_cron: Skipping database theme_test as its base version is not 19.0.1.3. 
2026-07-15 12:49:39,475 90371 WARNING 19_theme_setting odoo.addons.base.models.ir_cron: Skipping database 19_theme_setting as its base version is not 19.0.1.3. 
2026-07-15 12:49:39,481 90371 WARNING manas odoo.addons.base.models.ir_cron: Skipping database manas as its base version is not 19.0.1.3. 
2026-07-15 12:49:39,488 90371 INFO oca_module_testing odoo.addons.base.models.ir_cron: Job 'Base: Auto-vacuum internal data' (1) starting 
2026-07-15 12:49:39,842 90371 INFO oca_module_testing odoo.addons.base.models.res_users: GC 'res.users.apikeys' delete 0 entries 
2026-07-15 12:49:39,859 90371 INFO oca_module_testing odoo.addons.base.models.ir_attachment: filestore gc 1 checked, 0 removed 
2026-07-15 12:49:39,955 90371 INFO oca_module_testing odoo.addons.base.models.res_device: GC device logs delete 0 entries 
2026-07-15 12:49:39,972 90371 INFO oca_module_testing odoo.addons.api_doc.models.ir_attachment: GC'd 0 /doc cached index 
2026-07-15 12:49:39,976 90371 INFO oca_module_testing odoo.addons.base.models.res_users: GC'd 0 user log entries 
2026-07-15 12:49:40,046 90371 INFO oca_module_testing odoo.addons.sms.models.sms_sms: GC'd 0 sms marked for deletion 
2026-07-15 12:49:40,132 90371 INFO oca_module_testing odoo.addons.base.models.res_device: GC device logs delete 0 entries 
2026-07-15 12:49:40,215 90371 INFO oca_module_testing odoo.addons.base.models.res_users: GC 'auth_totp.device' delete 0 entries 
2026-07-15 12:49:40,392 90371 INFO oca_module_testing odoo.addons.base.models.ir_cron: Job 'Base: Auto-vacuum internal data' (1) fully done (#loop 1; done 129; remaining 0; duration 0.90s) 
2026-07-15 12:49:40,396 90371 WARNING odoo_19_test_try odoo.addons.base.models.ir_cron: Skipping database odoo_19_test_try as its base version is not 19.0.1.3. 
2026-07-15 12:49:40,400 90371 WARNING theme_test odoo.addons.base.models.ir_cron: Skipping database theme_test as its base version is not 19.0.1.3. 
2026-07-15 12:49:40,443 90371 WARNING 19_theme_setting odoo.addons.base.models.ir_cron: Skipping database 19_theme_setting as its base version is not 19.0.1.3. 
2026-07-15 12:49:40,450 90371 WARNING manas odoo.addons.base.models.ir_cron: Skipping database manas as its base version is not 19.0.1.3. 
2026-07-15 12:49:40,457 90371 WARNING odoo_19_test_try odoo.addons.base.models.ir_cron: Skipping database odoo_19_test_try as its base version is not 19.0.1.3. 
2026-07-15 12:49:40,461 90371 WARNING theme_test odoo.addons.base.models.ir_cron: Skipping database theme_test as its base version is not 19.0.1.3. 
2026-07-15 12:50:33,813 90371 INFO oca_module_testing werkzeug: 127.0.0.1 - - [15/Jul/2026 12:50:33] "POST /web/dataset/call_kw/analytix.document/save_analytix_document#analytix.document.save_analytix_document HTTP/1.1" 200 - 4 0.003 0.043
2026-07-15 12:50:33,831 90371 INFO oca_module_testing werkzeug: 127.0.0.1 - - [15/Jul/2026 12:50:33] "POST /web/dataset/call_kw/analytix.document/get_analytix_documents_list#analytix.document.get_analytix_documents_list HTTP/1.1" 200 - 6 0.003 0.008
2026-07-15 12:50:40,428 90371 WARNING 19_theme_setting odoo.addons.base.models.ir_cron: Skipping database 19_theme_setting as its base version is not 19.0.1.3. 
2026-07-15 12:50:40,434 90371 WARNING manas odoo.addons.base.models.ir_cron: Skipping database manas as its base version is not 19.0.1.3. 
2026-07-15 12:50:40,439 90371 WARNING odoo_19_test_try odoo.addons.base.models.ir_cron: Skipping database odoo_19_test_try as its base version is not 19.0.1.3. 
2026-07-15 12:50:40,443 90371 WARNING theme_test odoo.addons.base.models.ir_cron: Skipping database theme_test as its base version is not 19.0.1.3. 
2026-07-15 12:50:41,556 90371 WARNING 19_theme_setting odoo.addons.base.models.ir_cron: Skipping database 19_theme_setting as its base version is not 19.0.1.3. 
2026-07-15 12:50:41,563 90371 WARNING manas odoo.addons.base.models.ir_cron: Skipping database manas as its base version is not 19.0.1.3. 
2026-07-15 12:50:41,569 90371 WARNING odoo_19_test_try odoo.addons.base.models.ir_cron: Skipping database odoo_19_test_try as its base version is not 19.0.1.3. 
2026-07-15 12:50:41,572 90371 WARNING theme_test odoo.addons.base.models.ir_cron: Skipping database theme_test as its base version is not 19.0.1.3. 
2026-07-15 12:50:52,227 90371 INFO oca_module_testing werkzeug: 127.0.0.1 - - [15/Jul/2026 12:50:52] "POST /web/dataset/call_kw/analytix.document/save_analytix_document#analytix.document.save_analytix_document HTTP/1.1" 200 - 4 0.003 0.009
2026-07-15 12:50:52,245 90371 INFO oca_module_testing werkzeug: 127.0.0.1 - - [15/Jul/2026 12:50:52] "POST /web/dataset/call_kw/analytix.document/get_analytix_documents_list#analytix.document.get_analytix_documents_list HTTP/1.1" 200 - 6 0.003 0.007
2026-07-15 12:51:16,395 90371 INFO oca_module_testing werkzeug: 127.0.0.1 - - [15/Jul/2026 12:51:16] "POST /web/dataset/call_kw/analytix.document/save_analytix_document#analytix.document.save_analytix_document HTTP/1.1" 200 - 4 0.003 0.009
2026-07-15 12:51:16,414 90371 INFO oca_module_testing werkzeug: 127.0.0.1 - - [15/Jul/2026 12:51:16] "POST /web/dataset/call_kw/analytix.document/get_analytix_documents_list#analytix.document.get_analytix_documents_list HTTP/1.1" 200 - 6 0.003 0.008
2026-07-15 12:51:35,342 90371 INFO oca_module_testing werkzeug: 127.0.0.1 - - [15/Jul/2026 12:51:35] "POST /web/dataset/call_kw/analytix.document/save_analytix_document#analytix.document.save_analytix_document HTTP/1.1" 200 - 4 0.003 0.043
2026-07-15 12:51:35,359 90371 INFO oca_module_testing werkzeug: 127.0.0.1 - - [15/Jul/2026 12:51:35] "POST /web/dataset/call_kw/analytix.document/get_analytix_documents_list#analytix.document.get_analytix_documents_list HTTP/1.1" 200 - 6 0.003 0.008
2026-07-15 12:51:40,525 90371 WARNING 19_theme_setting odoo.addons.base.models.ir_cron: Skipping database 19_theme_setting as its base version is not 19.0.1.3. 
2026-07-15 12:51:40,532 90371 WARNING manas odoo.addons.base.models.ir_cron: Skipping database manas as its base version is not 19.0.1.3. 
2026-07-15 12:51:40,538 90371 WARNING odoo_19_test_try odoo.addons.base.models.ir_cron: Skipping database odoo_19_test_try as its base version is not 19.0.1.3. 
2026-07-15 12:51:40,541 90371 WARNING theme_test odoo.addons.base.models.ir_cron: Skipping database theme_test as its base version is not 19.0.1.3. 
2026-07-15 12:51:42,664 90371 WARNING 19_theme_setting odoo.addons.base.models.ir_cron: Skipping database 19_theme_setting as its base version is not 19.0.1.3. 
2026-07-15 12:51:42,670 90371 WARNING manas odoo.addons.base.models.ir_cron: Skipping database manas as its base version is not 19.0.1.3. 
2026-07-15 12:51:42,676 90371 WARNING odoo_19_test_try odoo.addons.base.models.ir_cron: Skipping database odoo_19_test_try as its base version is not 19.0.1.3. 
2026-07-15 12:51:42,680 90371 WARNING theme_test odoo.addons.base.models.ir_cron: Skipping database theme_test as its base version is not 19.0.1.3. 
2026-07-15 12:52:40,625 90371 WARNING 19_theme_setting odoo.addons.base.models.ir_cron: Skipping database 19_theme_setting as its base version is not 19.0.1.3. 
2026-07-15 12:52:40,631 90371 WARNING manas odoo.addons.base.models.ir_cron: Skipping database manas as its base version is not 19.0.1.3. 
2026-07-15 12:52:40,637 90371 WARNING odoo_19_test_try odoo.addons.base.models.ir_cron: Skipping database odoo_19_test_try as its base version is not 19.0.1.3. 
2026-07-15 12:52:40,640 90371 WARNING theme_test odoo.addons.base.models.ir_cron: Skipping database theme_test as its base version is not 19.0.1.3. 
2026-07-15 12:52:43,771 90371 WARNING 19_theme_setting odoo.addons.base.models.ir_cron: Skipping database 19_theme_setting as its base version is not 19.0.1.3. 
2026-07-15 12:52:43,777 90371 WARNING manas odoo.addons.base.models.ir_cron: Skipping database manas as its base version is not 19.0.1.3. 
2026-07-15 12:52:43,782 90371 WARNING odoo_19_test_try odoo.addons.base.models.ir_cron: Skipping database odoo_19_test_try as its base version is not 19.0.1.3. 
2026-07-15 12:52:43,786 90371 WARNING theme_test odoo.addons.base.models.ir_cron: Skipping database theme_test as its base version is not 19.0.1.3. 
2026-07-15 12:53:40,721 90371 WARNING 19_theme_setting odoo.addons.base.models.ir_cron: Skipping database 19_theme_setting as its base version is not 19.0.1.3. 
2026-07-15 12:53:40,726 90371 WARNING manas odoo.addons.base.models.ir_cron: Skipping database manas as its base version is not 19.0.1.3. 
2026-07-15 12:53:40,732 90371 WARNING odoo_19_test_try odoo.addons.base.models.ir_cron: Skipping database odoo_19_test_try as its base version is not 19.0.1.3. 
2026-07-15 12:53:40,735 90371 WARNING theme_test odoo.addons.base.models.ir_cron: Skipping database theme_test as its base version is not 19.0.1.3. 
2026-07-15 12:53:44,864 90371 WARNING 19_theme_setting odoo.addons.base.models.ir_cron: Skipping database 19_theme_setting as its base version is not 19.0.1.3. 
2026-07-15 12:53:44,869 90371 WARNING manas odoo.addons.base.models.ir_cron: Skipping database manas as its base version is not 19.0.1.3. 
2026-07-15 12:53:44,876 90371 WARNING odoo_19_test_try odoo.addons.base.models.ir_cron: Skipping database odoo_19_test_try as its base version is not 19.0.1.3. 
2026-07-15 12:53:44,880 90371 WARNING theme_test odoo.addons.base.models.ir_cron: Skipping database theme_test as its base version is not 19.0.1.3. 
2026-07-15 12:54:40,809 90371 WARNING 19_theme_setting odoo.addons.base.models.ir_cron: Skipping database 19_theme_setting as its base version is not 19.0.1.3. 
2026-07-15 12:54:40,815 90371 WARNING manas odoo.addons.base.models.ir_cron: Skipping database manas as its base version is not 19.0.1.3. 
2026-07-15 12:54:40,821 90371 WARNING odoo_19_test_try odoo.addons.base.models.ir_cron: Skipping database odoo_19_test_try as its base version is not 19.0.1.3. 
2026-07-15 12:54:40,825 90371 WARNING theme_test odoo.addons.base.models.ir_cron: Skipping database theme_test as its base version is not 19.0.1.3. 
2026-07-15 12:54:45,972 90371 WARNING 19_theme_setting odoo.addons.base.models.ir_cron: Skipping database 19_theme_setting as its base version is not 19.0.1.3. 
2026-07-15 12:54:45,978 90371 WARNING manas odoo.addons.base.models.ir_cron: Skipping database manas as its base version is not 19.0.1.3. 
2026-07-15 12:54:45,984 90371 WARNING odoo_19_test_try odoo.addons.base.models.ir_cron: Skipping database odoo_19_test_try as its base version is not 19.0.1.3. 
2026-07-15 12:54:45,987 90371 WARNING theme_test odoo.addons.base.models.ir_cron: Skipping database theme_test as its base version is not 19.0.1.3. 
2026-07-15 12:55:40,856 90371 WARNING 19_theme_setting odoo.addons.base.models.ir_cron: Skipping database 19_theme_setting as its base version is not 19.0.1.3. 
2026-07-15 12:55:40,863 90371 WARNING manas odoo.addons.base.models.ir_cron: Skipping database manas as its base version is not 19.0.1.3. 
2026-07-15 12:55:40,868 90371 WARNING odoo_19_test_try odoo.addons.base.models.ir_cron: Skipping database odoo_19_test_try as its base version is not 19.0.1.3. 
2026-07-15 12:55:40,871 90371 WARNING theme_test odoo.addons.base.models.ir_cron: Skipping database theme_test as its base version is not 19.0.1.3. 
2026-07-15 12:55:47,051 90371 WARNING 19_theme_setting odoo.addons.base.models.ir_cron: Skipping database 19_theme_setting as its base version is not 19.0.1.3. 
2026-07-15 12:55:47,056 90371 WARNING manas odoo.addons.base.models.ir_cron: Skipping database manas as its base version is not 19.0.1.3. 
2026-07-15 12:55:47,062 90371 WARNING odoo_19_test_try odoo.addons.base.models.ir_cron: Skipping database odoo_19_test_try as its base version is not 19.0.1.3. 
2026-07-15 12:55:47,065 90371 WARNING theme_test odoo.addons.base.models.ir_cron: Skipping database theme_test as its base version is not 19.0.1.3. 
2026-07-15 12:56:40,951 90371 WARNING 19_theme_setting odoo.addons.base.models.ir_cron: Skipping database 19_theme_setting as its base version is not 19.0.1.3. 
2026-07-15 12:56:40,957 90371 WARNING manas odoo.addons.base.models.ir_cron: Skipping database manas as its base version is not 19.0.1.3. 
2026-07-15 12:56:40,964 90371 WARNING odoo_19_test_try odoo.addons.base.models.ir_cron: Skipping database odoo_19_test_try as its base version is not 19.0.1.3. 
2026-07-15 12:56:41,010 90371 INFO tezzzzzzzzzzzzzzzzzzzzz odoo.addons.base.models.ir_cron: Job 'Base: Auto-vacuum internal data' (1) starting 
2026-07-15 12:56:41,944 90371 INFO tezzzzzzzzzzzzzzzzzzzzz odoo.addons.base.models.res_device: GC device logs delete 0 entries 
2026-07-15 12:56:42,008 90371 INFO tezzzzzzzzzzzzzzzzzzzzz odoo.addons.base.models.res_users: GC 'auth_totp.device' delete 0 entries 
2026-07-15 12:56:42,266 90371 INFO tezzzzzzzzzzzzzzzzzzzzz odoo.addons.api_doc.models.ir_attachment: GC'd 0 /doc cached index 
2026-07-15 12:56:42,330 90371 INFO tezzzzzzzzzzzzzzzzzzzzz odoo.addons.base.models.res_device: GC device logs delete 0 entries 
2026-07-15 12:56:42,335 90371 INFO tezzzzzzzzzzzzzzzzzzzzz odoo.addons.base.models.res_users: GC'd 0 user log entries 
2026-07-15 12:56:42,438 90371 INFO tezzzzzzzzzzzzzzzzzzzzz odoo.models.unlink: User #1 deleted ir.cron.progress records with IDs: [1316, 1317, 1318, 1319, 1320, 1321, 1322, 1323, 1324, 1325, 1326, 1327, 1328, 1329, 1330, 1331, 1332, 1333, 1334, 1335, 1336, 1337, 1338, 1339, 1340, 1341, 1342, 1343, 1344, 1345, 1346, 1347, 1348, 1349, 1350, 1351, 1352, 1353, 1354, 1355, 1356, 1357, 1358, 1359, 1360, 1361, 1362, 1363, 1364, 1365, 1366, 1367, 1368, 1369, 1370, 1371, 1372, 1373, 1374, 1375, 1376, 1377, 1378, 1379, 1380, 1381, 1382, 1383, 1384, 1385, 1386, 1387, 1388, 1389, 1390, 1391, 1392, 1393, 1394, 1395, 1396, 1397, 1398, 1399, 1400, 1401, 1402] 
2026-07-15 12:56:42,524 90371 INFO tezzzzzzzzzzzzzzzzzzzzz odoo.addons.base.models.ir_attachment: filestore gc 0 checked, 0 removed 
2026-07-15 12:56:42,565 90371 INFO tezzzzzzzzzzzzzzzzzzzzz odoo.addons.base.models.res_users: GC 'res.users.apikeys' delete 0 entries 
2026-07-15 12:56:42,809 90371 INFO tezzzzzzzzzzzzzzzzzzzzz odoo.addons.sms.models.sms_sms: GC'd 0 sms marked for deletion 
2026-07-15 12:56:42,822 90371 INFO tezzzzzzzzzzzzzzzzzzzzz odoo.addons.base.models.ir_cron: Job 'Base: Auto-vacuum internal data' (1) fully done (#loop 1; done 191; remaining 0; duration 1.81s) 
2026-07-15 12:56:42,831 90371 INFO tezzzzzzzzzzzzzzzzzzzzz odoo.addons.base.models.ir_cron: Job 'Base: Portal Users Deletion' (2) starting 
2026-07-15 12:56:42,845 90371 INFO tezzzzzzzzzzzzzzzzzzzzz odoo.addons.base.models.ir_cron: Job 'Base: Portal Users Deletion' (2) fully done (#loop 1; done 0; remaining 0; duration 0.01s) 
2026-07-15 12:56:42,848 90371 WARNING theme_test odoo.addons.base.models.ir_cron: Skipping database theme_test as its base version is not 19.0.1.3. 
2026-07-15 12:56:48,139 90371 WARNING 19_theme_setting odoo.addons.base.models.ir_cron: Skipping database 19_theme_setting as its base version is not 19.0.1.3. 
2026-07-15 12:56:48,145 90371 WARNING manas odoo.addons.base.models.ir_cron: Skipping database manas as its base version is not 19.0.1.3. 
2026-07-15 12:56:48,151 90371 WARNING odoo_19_test_try odoo.addons.base.models.ir_cron: Skipping database odoo_19_test_try as its base version is not 19.0.1.3. 
2026-07-15 12:56:48,155 90371 WARNING theme_test odoo.addons.base.models.ir_cron: Skipping database theme_test as its base version is not 19.0.1.3. 
2026-07-15 12:57:42,875 90371 WARNING 19_theme_setting odoo.addons.base.models.ir_cron: Skipping database 19_theme_setting as its base version is not 19.0.1.3. 
2026-07-15 12:57:42,880 90371 WARNING manas odoo.addons.base.models.ir_cron: Skipping database manas as its base version is not 19.0.1.3. 
2026-07-15 12:57:42,885 90371 WARNING odoo_19_test_try odoo.addons.base.models.ir_cron: Skipping database odoo_19_test_try as its base version is not 19.0.1.3. 
2026-07-15 12:57:42,889 90371 INFO tezzzzzzzzzzzzzzzzzzzzz odoo.addons.base.models.ir_cron: Job 'Mail: Post scheduled messages' (7) starting 
2026-07-15 12:57:42,932 90371 INFO tezzzzzzzzzzzzzzzzzzzzz odoo.addons.mail.models.mail_scheduled_message: Posting 0 scheduled messages 
2026-07-15 12:57:42,935 90371 INFO tezzzzzzzzzzzzzzzzzzzzz odoo.addons.base.models.ir_cron: Job 'Mail: Post scheduled messages' (7) fully done (#loop 1; done 0; remaining 0; duration 0.05s) 
2026-07-15 12:57:42,941 90371 INFO tezzzzzzzzzzzzzzzzzzzzz odoo.addons.base.models.ir_cron: Job 'Notification: Notify scheduled messages' (8) starting 
2026-07-15 12:57:42,955 90371 INFO tezzzzzzzzzzzzzzzzzzzzz odoo.addons.base.models.ir_cron: Job 'Notification: Notify scheduled messages' (8) fully done (#loop 1; done 0; remaining 0; duration 0.01s) 
2026-07-15 12:57:42,958 90371 INFO tezzzzzzzzzzzzzzzzzzzzz odoo.addons.base.models.ir_cron: Job 'Mail: send web push notification' (9) starting 
2026-07-15 12:57:42,971 90371 INFO tezzzzzzzzzzzzzzzzzzzzz odoo.addons.base.models.ir_cron: Job 'Mail: send web push notification' (9) fully done (#loop 1; done 0; remaining 0; duration 0.01s) 
2026-07-15 12:57:42,975 90371 INFO tezzzzzzzzzzzzzzzzzzzzz odoo.addons.base.models.ir_cron: Job 'Discuss: channel member unmute' (10) starting 
2026-07-15 12:57:42,988 90371 INFO tezzzzzzzzzzzzzzzzzzzzz odoo.addons.base.models.ir_cron: Job 'Discuss: channel member unmute' (10) fully done (#loop 1; done 0; remaining 0; duration 0.01s) 
2026-07-15 12:57:42,992 90371 INFO tezzzzzzzzzzzzzzzzzzzzz odoo.addons.base.models.ir_cron: Job 'SMS: SMS Queue Manager' (12) starting 
2026-07-15 12:57:43,004 90371 INFO tezzzzzzzzzzzzzzzzzzzzz odoo.addons.base.models.ir_cron: Job 'SMS: SMS Queue Manager' (12) fully done (#loop 1; done 0; remaining 0; duration 0.01s) 
2026-07-15 12:57:43,007 90371 INFO tezzzzzzzzzzzzzzzzzzzzz odoo.addons.base.models.ir_cron: Job 'Snailmail: process letters queue' (13) starting 
2026-07-15 12:57:43,022 90371 INFO tezzzzzzzzzzzzzzzzzzzzz odoo.addons.base.models.ir_cron: Job 'Snailmail: process letters queue' (13) fully done (#loop 1; done 0; remaining 0; duration 0.01s) 
2026-07-15 12:57:43,025 90371 INFO tezzzzzzzzzzzzzzzzzzzzz odoo.addons.base.models.ir_cron: Job 'Payment: Post-process transactions' (15) starting 
2026-07-15 12:57:43,036 90371 INFO tezzzzzzzzzzzzzzzzzzzzz odoo.addons.base.models.ir_cron: Job 'Payment: Post-process transactions' (15) fully done (#loop 1; done 0; remaining 0; duration 0.01s) 
2026-07-15 12:57:43,039 90371 INFO tezzzzzzzzzzzzzzzzzzzzz odoo.addons.base.models.ir_cron: Job 'Send invoices automatically' (17) starting 
2026-07-15 12:57:43,069 90371 INFO tezzzzzzzzzzzzzzzzzzzzz odoo.addons.base.models.ir_cron: Job 'Send invoices automatically' (17) fully done (#loop 1; done 0; remaining 0; duration 0.03s) 
2026-07-15 12:57:43,072 90371 INFO tezzzzzzzzzzzzzzzzzzzzz odoo.addons.base.models.ir_cron: Job 'Generate Recurring Payments' (19) starting 
2026-07-15 12:57:43,083 90371 INFO tezzzzzzzzzzzzzzzzzzzzz odoo.addons.base.models.ir_cron: Job 'Generate Recurring Payments' (19) fully done (#loop 1; done 0; remaining 0; duration 0.01s) 
2026-07-15 12:57:43,087 90371 INFO tezzzzzzzzzzzzzzzzzzzzz odoo.addons.base.models.ir_cron: Job 'Mail: Email Queue Manager' (3) starting 
2026-07-15 12:57:43,100 90371 INFO tezzzzzzzzzzzzzzzzzzzzz odoo.addons.base.models.ir_cron: Job 'Mail: Email Queue Manager' (3) fully done (#loop 1; done 0; remaining 0; duration 0.01s) 
2026-07-15 12:57:43,103 90371 INFO tezzzzzzzzzzzzzzzzzzzzz odoo.addons.base.models.ir_cron: Job 'Users: Notify About Unregistered Users' (11) starting 
2026-07-15 12:57:43,121 90371 INFO tezzzzzzzzzzzzzzzzzzzzz odoo.addons.base.models.ir_cron: Job 'Users: Notify About Unregistered Users' (11) fully done (#loop 1; done 0; remaining 0; duration 0.02s) 
2026-07-15 12:57:43,123 90371 WARNING theme_test odoo.addons.base.models.ir_cron: Skipping database theme_test as its base version is not 19.0.1.3. 
2026-07-15 12:57:49,241 90371 WARNING 19_theme_setting odoo.addons.base.models.ir_cron: Skipping database 19_theme_setting as its base version is not 19.0.1.3. 
2026-07-15 12:57:49,246 90371 WARNING manas odoo.addons.base.models.ir_cron: Skipping database manas as its base version is not 19.0.1.3. 
2026-07-15 12:57:49,250 90371 WARNING odoo_19_test_try odoo.addons.base.models.ir_cron: Skipping database odoo_19_test_try as its base version is not 19.0.1.3. 
2026-07-15 12:57:49,253 90371 WARNING theme_test odoo.addons.base.models.ir_cron: Skipping database theme_test as its base version is not 19.0.1.3. 
2026-07-15 12:58:43,164 90371 WARNING 19_theme_setting odoo.addons.base.models.ir_cron: Skipping database 19_theme_setting as its base version is not 19.0.1.3. 
2026-07-15 12:58:43,169 90371 WARNING manas odoo.addons.base.models.ir_cron: Skipping database manas as its base version is not 19.0.1.3. 
2026-07-15 12:58:43,174 90371 WARNING odoo_19_test_try odoo.addons.base.models.ir_cron: Skipping database odoo_19_test_try as its base version is not 19.0.1.3. 
2026-07-15 12:58:43,177 90371 WARNING theme_test odoo.addons.base.models.ir_cron: Skipping database theme_test as its base version is not 19.0.1.3. 
2026-07-15 12:58:50,301 90371 WARNING 19_theme_setting odoo.addons.base.models.ir_cron: Skipping database 19_theme_setting as its base version is not 19.0.1.3. 
2026-07-15 12:58:50,306 90371 WARNING manas odoo.addons.base.models.ir_cron: Skipping database manas as its base version is not 19.0.1.3. 
2026-07-15 12:58:50,327 90371 WARNING odoo_19_test_try odoo.addons.base.models.ir_cron: Skipping database odoo_19_test_try as its base version is not 19.0.1.3. 
2026-07-15 12:58:50,330 90371 WARNING theme_test odoo.addons.base.models.ir_cron: Skipping database theme_test as its base version is not 19.0.1.3. 
2026-07-15 12:59:43,253 90371 WARNING 19_theme_setting odoo.addons.base.models.ir_cron: Skipping database 19_theme_setting as its base version is not 19.0.1.3. 
2026-07-15 12:59:43,258 90371 WARNING manas odoo.addons.base.models.ir_cron: Skipping database manas as its base version is not 19.0.1.3. 
2026-07-15 12:59:43,263 90371 WARNING odoo_19_test_try odoo.addons.base.models.ir_cron: Skipping database odoo_19_test_try as its base version is not 19.0.1.3. 
2026-07-15 12:59:43,266 90371 WARNING theme_test odoo.addons.base.models.ir_cron: Skipping database theme_test as its base version is not 19.0.1.3. 
2026-07-15 12:59:51,417 90371 WARNING 19_theme_setting odoo.addons.base.models.ir_cron: Skipping database 19_theme_setting as its base version is not 19.0.1.3. 
2026-07-15 12:59:51,423 90371 WARNING manas odoo.addons.base.models.ir_cron: Skipping database manas as its base version is not 19.0.1.3. 
2026-07-15 12:59:51,428 90371 WARNING odoo_19_test_try odoo.addons.base.models.ir_cron: Skipping database odoo_19_test_try as its base version is not 19.0.1.3. 
2026-07-15 12:59:51,430 90371 WARNING theme_test odoo.addons.base.models.ir_cron: Skipping database theme_test as its base version is not 19.0.1.3. 
2026-07-15 13:00:43,342 90371 WARNING 19_theme_setting odoo.addons.base.models.ir_cron: Skipping database 19_theme_setting as its base version is not 19.0.1.3. 
2026-07-15 13:00:43,350 90371 WARNING manas odoo.addons.base.models.ir_cron: Skipping database manas as its base version is not 19.0.1.3. 
2026-07-15 13:00:43,354 90371 WARNING odoo_19_test_try odoo.addons.base.models.ir_cron: Skipping database odoo_19_test_try as its base version is not 19.0.1.3. 
2026-07-15 13:00:43,356 90371 WARNING theme_test odoo.addons.base.models.ir_cron: Skipping database theme_test as its base version is not 19.0.1.3. 
2026-07-15 13:00:52,517 90371 WARNING 19_theme_setting odoo.addons.base.models.ir_cron: Skipping database 19_theme_setting as its base version is not 19.0.1.3. 
2026-07-15 13:00:52,522 90371 WARNING manas odoo.addons.base.models.ir_cron: Skipping database manas as its base version is not 19.0.1.3. 
2026-07-15 13:00:52,527 90371 WARNING odoo_19_test_try odoo.addons.base.models.ir_cron: Skipping database odoo_19_test_try as its base version is not 19.0.1.3. 
2026-07-15 13:00:52,530 90371 WARNING theme_test odoo.addons.base.models.ir_cron: Skipping database theme_test as its base version is not 19.0.1.3. 
2026-07-15 13:01:43,432 90371 WARNING 19_theme_setting odoo.addons.base.models.ir_cron: Skipping database 19_theme_setting as its base version is not 19.0.1.3. 
2026-07-15 13:01:43,438 90371 WARNING manas odoo.addons.base.models.ir_cron: Skipping database manas as its base version is not 19.0.1.3. 
2026-07-15 13:01:43,443 90371 WARNING odoo_19_test_try odoo.addons.base.models.ir_cron: Skipping database odoo_19_test_try as its base version is not 19.0.1.3. 
2026-07-15 13:01:43,445 90371 WARNING theme_test odoo.addons.base.models.ir_cron: Skipping database theme_test as its base version is not 19.0.1.3. 
2026-07-15 13:01:53,576 90371 WARNING 19_theme_setting odoo.addons.base.models.ir_cron: Skipping database 19_theme_setting as its base version is not 19.0.1.3. 
2026-07-15 13:01:53,583 90371 WARNING manas odoo.addons.base.models.ir_cron: Skipping database manas as its base version is not 19.0.1.3. 
2026-07-15 13:01:53,589 90371 WARNING odoo_19_test_try odoo.addons.base.models.ir_cron: Skipping database odoo_19_test_try as its base version is not 19.0.1.3. 
2026-07-15 13:01:53,592 90371 WARNING theme_test odoo.addons.base.models.ir_cron: Skipping database theme_test as its base version is not 19.0.1.3. 
2026-07-15 13:02:43,530 90371 WARNING 19_theme_setting odoo.addons.base.models.ir_cron: Skipping database 19_theme_setting as its base version is not 19.0.1.3. 
2026-07-15 13:02:43,536 90371 WARNING manas odoo.addons.base.models.ir_cron: Skipping database manas as its base version is not 19.0.1.3. 
2026-07-15 13:02:43,592 90371 INFO odoo19_demo odoo.modules.loading: loading 1 modules... 
2026-07-15 13:02:43,596 90371 INFO odoo19_demo odoo.modules.loading: 1 modules loaded in 0.00s, 0 queries (+0 extra) 
2026-07-15 13:02:43,616 90371 INFO odoo19_demo odoo.modules.loading: loading 92 modules... 
2026-07-15 13:02:43,642 90371 INFO odoo19_demo odoo.modules.loading: 92 modules loaded in 0.03s, 0 queries (+0 extra) 
2026-07-15 13:02:43,821 90371 INFO odoo19_demo odoo.modules.loading: Modules loaded. 
2026-07-15 13:02:43,863 90371 INFO odoo19_demo odoo.registry: Registry loaded in 0.314s 
2026-07-15 13:02:43,865 90371 INFO odoo19_demo odoo.addons.base.models.ir_cron: Job 'Notification: Notify scheduled messages' (8) starting 
2026-07-15 13:02:43,958 90371 INFO odoo19_demo odoo.addons.base.models.ir_cron: Job 'Notification: Notify scheduled messages' (8) fully done (#loop 1; done 0; remaining 0; duration 0.09s) 
2026-07-15 13:02:43,983 90371 INFO odoo19_demo odoo.addons.base.models.ir_cron: Job 'Mail: Email Queue Manager' (3) starting 
2026-07-15 13:02:44,000 90371 INFO odoo19_demo odoo.addons.base.models.ir_cron: Job 'Mail: Email Queue Manager' (3) fully done (#loop 1; done 0; remaining 0; duration 0.02s) 
2026-07-15 13:02:44,002 90371 WARNING odoo_19_test_try odoo.addons.base.models.ir_cron: Skipping database odoo_19_test_try as its base version is not 19.0.1.3. 
2026-07-15 13:02:44,004 90371 WARNING theme_test odoo.addons.base.models.ir_cron: Skipping database theme_test as its base version is not 19.0.1.3. 
2026-07-15 13:02:54,673 90371 WARNING 19_theme_setting odoo.addons.base.models.ir_cron: Skipping database 19_theme_setting as its base version is not 19.0.1.3. 
2026-07-15 13:02:54,679 90371 WARNING manas odoo.addons.base.models.ir_cron: Skipping database manas as its base version is not 19.0.1.3. 
2026-07-15 13:02:54,683 90371 WARNING odoo_19_test_try odoo.addons.base.models.ir_cron: Skipping database odoo_19_test_try as its base version is not 19.0.1.3. 
2026-07-15 13:02:54,686 90371 WARNING theme_test odoo.addons.base.models.ir_cron: Skipping database theme_test as its base version is not 19.0.1.3. 
2026-07-15 13:03:44,079 90371 WARNING 19_theme_setting odoo.addons.base.models.ir_cron: Skipping database 19_theme_setting as its base version is not 19.0.1.3. 
2026-07-15 13:03:44,085 90371 WARNING manas odoo.addons.base.models.ir_cron: Skipping database manas as its base version is not 19.0.1.3. 
2026-07-15 13:03:44,090 90371 WARNING odoo_19_test_try odoo.addons.base.models.ir_cron: Skipping database odoo_19_test_try as its base version is not 19.0.1.3. 
2026-07-15 13:03:44,092 90371 WARNING theme_test odoo.addons.base.models.ir_cron: Skipping database theme_test as its base version is not 19.0.1.3. 
2026-07-15 13:03:55,771 90371 WARNING 19_theme_setting odoo.addons.base.models.ir_cron: Skipping database 19_theme_setting as its base version is not 19.0.1.3. 
2026-07-15 13:03:55,776 90371 WARNING manas odoo.addons.base.models.ir_cron: Skipping database manas as its base version is not 19.0.1.3. 
2026-07-15 13:03:55,780 90371 WARNING odoo_19_test_try odoo.addons.base.models.ir_cron: Skipping database odoo_19_test_try as its base version is not 19.0.1.3. 
2026-07-15 13:03:55,783 90371 WARNING theme_test odoo.addons.base.models.ir_cron: Skipping database theme_test as its base version is not 19.0.1.3. 
2026-07-15 13:04:44,167 90371 WARNING 19_theme_setting odoo.addons.base.models.ir_cron: Skipping database 19_theme_setting as its base version is not 19.0.1.3. 
2026-07-15 13:04:44,172 90371 WARNING manas odoo.addons.base.models.ir_cron: Skipping database manas as its base version is not 19.0.1.3. 
2026-07-15 13:04:44,177 90371 WARNING odoo_19_test_try odoo.addons.base.models.ir_cron: Skipping database odoo_19_test_try as its base version is not 19.0.1.3. 
2026-07-15 13:04:44,180 90371 WARNING theme_test odoo.addons.base.models.ir_cron: Skipping database theme_test as its base version is not 19.0.1.3. 
2026-07-15 13:04:56,870 90371 WARNING 19_theme_setting odoo.addons.base.models.ir_cron: Skipping database 19_theme_setting as its base version is not 19.0.1.3. 
2026-07-15 13:04:56,875 90371 WARNING manas odoo.addons.base.models.ir_cron: Skipping database manas as its base version is not 19.0.1.3. 
2026-07-15 13:04:56,880 90371 WARNING odoo_19_test_try odoo.addons.base.models.ir_cron: Skipping database odoo_19_test_try as its base version is not 19.0.1.3. 
2026-07-15 13:04:56,882 90371 WARNING theme_test odoo.addons.base.models.ir_cron: Skipping database theme_test as its base version is not 19.0.1.3. 
2026-07-15 13:05:44,256 90371 WARNING 19_theme_setting odoo.addons.base.models.ir_cron: Skipping database 19_theme_setting as its base version is not 19.0.1.3. 
2026-07-15 13:05:44,261 90371 WARNING manas odoo.addons.base.models.ir_cron: Skipping database manas as its base version is not 19.0.1.3. 
2026-07-15 13:05:44,266 90371 WARNING odoo_19_test_try odoo.addons.base.models.ir_cron: Skipping database odoo_19_test_try as its base version is not 19.0.1.3. 
2026-07-15 13:05:44,269 90371 WARNING theme_test odoo.addons.base.models.ir_cron: Skipping database theme_test as its base version is not 19.0.1.3. 
2026-07-15 13:05:57,966 90371 WARNING 19_theme_setting odoo.addons.base.models.ir_cron: Skipping database 19_theme_setting as its base version is not 19.0.1.3. 
2026-07-15 13:05:57,970 90371 WARNING manas odoo.addons.base.models.ir_cron: Skipping database manas as its base version is not 19.0.1.3. 
2026-07-15 13:05:57,973 90371 WARNING odoo_19_test_try odoo.addons.base.models.ir_cron: Skipping database odoo_19_test_try as its base version is not 19.0.1.3. 
2026-07-15 13:05:57,975 90371 WARNING theme_test odoo.addons.base.models.ir_cron: Skipping database theme_test as its base version is not 19.0.1.3. 
2026-07-15 13:06:44,346 90371 WARNING 19_theme_setting odoo.addons.base.models.ir_cron: Skipping database 19_theme_setting as its base version is not 19.0.1.3. 
2026-07-15 13:06:44,353 90371 WARNING manas odoo.addons.base.models.ir_cron: Skipping database manas as its base version is not 19.0.1.3. 
2026-07-15 13:06:44,357 90371 WARNING odoo_19_test_try odoo.addons.base.models.ir_cron: Skipping database odoo_19_test_try as its base version is not 19.0.1.3. 
2026-07-15 13:06:44,360 90371 WARNING theme_test odoo.addons.base.models.ir_cron: Skipping database theme_test as its base version is not 19.0.1.3. 
2026-07-15 13:06:59,062 90371 WARNING 19_theme_setting odoo.addons.base.models.ir_cron: Skipping database 19_theme_setting as its base version is not 19.0.1.3. 
2026-07-15 13:06:59,066 90371 WARNING manas odoo.addons.base.models.ir_cron: Skipping database manas as its base version is not 19.0.1.3. 
2026-07-15 13:06:59,071 90371 WARNING odoo_19_test_try odoo.addons.base.models.ir_cron: Skipping database odoo_19_test_try as its base version is not 19.0.1.3. 
2026-07-15 13:06:59,074 90371 WARNING theme_test odoo.addons.base.models.ir_cron: Skipping database theme_test as its base version is not 19.0.1.3. 
2026-07-15 13:07:44,436 90371 WARNING 19_theme_setting odoo.addons.base.models.ir_cron: Skipping database 19_theme_setting as its base version is not 19.0.1.3. 
2026-07-15 13:07:44,442 90371 WARNING manas odoo.addons.base.models.ir_cron: Skipping database manas as its base version is not 19.0.1.3. 
2026-07-15 13:07:44,446 90371 WARNING odoo_19_test_try odoo.addons.base.models.ir_cron: Skipping database odoo_19_test_try as its base version is not 19.0.1.3. 
2026-07-15 13:07:44,464 90371 INFO tezzzzzzzzzzzzzzzzzzzzz odoo.addons.base.models.ir_cron: Job 'Payment: Post-process transactions' (15) starting 
2026-07-15 13:07:44,497 90371 INFO tezzzzzzzzzzzzzzzzzzzzz odoo.addons.base.models.ir_cron: Job 'Payment: Post-process transactions' (15) fully done (#loop 1; done 0; remaining 0; duration 0.03s) 
2026-07-15 13:07:44,502 90371 WARNING theme_test odoo.addons.base.models.ir_cron: Skipping database theme_test as its base version is not 19.0.1.3. 
2026-07-15 13:08:00,159 90371 WARNING 19_theme_setting odoo.addons.base.models.ir_cron: Skipping database 19_theme_setting as its base version is not 19.0.1.3. 
2026-07-15 13:08:00,164 90371 WARNING manas odoo.addons.base.models.ir_cron: Skipping database manas as its base version is not 19.0.1.3. 
2026-07-15 13:08:00,168 90371 WARNING odoo_19_test_try odoo.addons.base.models.ir_cron: Skipping database odoo_19_test_try as its base version is not 19.0.1.3. 
2026-07-15 13:08:00,170 90371 WARNING theme_test odoo.addons.base.models.ir_cron: Skipping database theme_test as its base version is not 19.0.1.3. 
2026-07-15 13:08:44,577 90371 WARNING 19_theme_setting odoo.addons.base.models.ir_cron: Skipping database 19_theme_setting as its base version is not 19.0.1.3. 
2026-07-15 13:08:44,582 90371 WARNING manas odoo.addons.base.models.ir_cron: Skipping database manas as its base version is not 19.0.1.3. 
2026-07-15 13:08:44,586 90371 WARNING odoo_19_test_try odoo.addons.base.models.ir_cron: Skipping database odoo_19_test_try as its base version is not 19.0.1.3. 
2026-07-15 13:08:44,589 90371 WARNING theme_test odoo.addons.base.models.ir_cron: Skipping database theme_test as its base version is not 19.0.1.3. 
2026-07-15 13:09:01,255 90371 WARNING 19_theme_setting odoo.addons.base.models.ir_cron: Skipping database 19_theme_setting as its base version is not 19.0.1.3. 
2026-07-15 13:09:01,260 90371 WARNING manas odoo.addons.base.models.ir_cron: Skipping database manas as its base version is not 19.0.1.3. 
2026-07-15 13:09:01,265 90371 WARNING odoo_19_test_try odoo.addons.base.models.ir_cron: Skipping database odoo_19_test_try as its base version is not 19.0.1.3. 
2026-07-15 13:09:01,267 90371 WARNING theme_test odoo.addons.base.models.ir_cron: Skipping database theme_test as its base version is not 19.0.1.3. 
2026-07-15 13:09:44,664 90371 WARNING 19_theme_setting odoo.addons.base.models.ir_cron: Skipping database 19_theme_setting as its base version is not 19.0.1.3. 
2026-07-15 13:09:44,669 90371 WARNING manas odoo.addons.base.models.ir_cron: Skipping database manas as its base version is not 19.0.1.3. 
2026-07-15 13:09:44,674 90371 WARNING odoo_19_test_try odoo.addons.base.models.ir_cron: Skipping database odoo_19_test_try as its base version is not 19.0.1.3. 
2026-07-15 13:09:44,676 90371 WARNING theme_test odoo.addons.base.models.ir_cron: Skipping database theme_test as its base version is not 19.0.1.3. 
2026-07-15 13:10:02,354 90371 WARNING 19_theme_setting odoo.addons.base.models.ir_cron: Skipping database 19_theme_setting as its base version is not 19.0.1.3. 
2026-07-15 13:10:02,358 90371 WARNING manas odoo.addons.base.models.ir_cron: Skipping database manas as its base version is not 19.0.1.3. 
2026-07-15 13:10:02,363 90371 WARNING odoo_19_test_try odoo.addons.base.models.ir_cron: Skipping database odoo_19_test_try as its base version is not 19.0.1.3. 
2026-07-15 13:10:02,366 90371 WARNING theme_test odoo.addons.base.models.ir_cron: Skipping database theme_test as its base version is not 19.0.1.3. 
2026-07-15 13:10:44,751 90371 WARNING 19_theme_setting odoo.addons.base.models.ir_cron: Skipping database 19_theme_setting as its base version is not 19.0.1.3. 
2026-07-15 13:10:44,756 90371 WARNING manas odoo.addons.base.models.ir_cron: Skipping database manas as its base version is not 19.0.1.3. 
2026-07-15 13:10:44,811 90371 INFO manas_test odoo.modules.loading: loading 1 modules... 
2026-07-15 13:10:44,816 90371 INFO manas_test odoo.modules.loading: 1 modules loaded in 0.00s, 0 queries (+0 extra) 
2026-07-15 13:10:44,829 90371 INFO manas_test odoo.modules.loading: loading 62 modules... 
2026-07-15 13:10:44,856 90371 INFO manas_test odoo.modules.loading: 62 modules loaded in 0.03s, 0 queries (+0 extra) 
2026-07-15 13:10:45,022 90371 INFO manas_test odoo.modules.loading: Modules loaded. 
2026-07-15 13:10:45,052 90371 INFO manas_test odoo.registry: Registry loaded in 0.286s 
2026-07-15 13:10:45,054 90371 INFO manas_test odoo.addons.base.models.ir_cron: Job 'Notification: Notify scheduled messages' (8) starting 
2026-07-15 13:10:45,136 90371 INFO manas_test odoo.addons.base.models.ir_cron: Job 'Notification: Notify scheduled messages' (8) fully done (#loop 1; done 0; remaining 0; duration 0.08s) 
2026-07-15 13:10:45,168 90371 INFO manas_test odoo.addons.base.models.ir_cron: Job 'Mail: Email Queue Manager' (3) starting 
2026-07-15 13:10:45,182 90371 INFO manas_test odoo.addons.base.models.ir_cron: Job 'Mail: Email Queue Manager' (3) fully done (#loop 1; done 0; remaining 0; duration 0.01s) 
2026-07-15 13:10:45,187 90371 WARNING odoo_19_test_try odoo.addons.base.models.ir_cron: Skipping database odoo_19_test_try as its base version is not 19.0.1.3. 
2026-07-15 13:10:45,190 90371 WARNING theme_test odoo.addons.base.models.ir_cron: Skipping database theme_test as its base version is not 19.0.1.3. 
2026-07-15 13:11:03,453 90371 WARNING 19_theme_setting odoo.addons.base.models.ir_cron: Skipping database 19_theme_setting as its base version is not 19.0.1.3. 
2026-07-15 13:11:03,458 90371 WARNING manas odoo.addons.base.models.ir_cron: Skipping database manas as its base version is not 19.0.1.3. 
2026-07-15 13:11:03,462 90371 WARNING odoo_19_test_try odoo.addons.base.models.ir_cron: Skipping database odoo_19_test_try as its base version is not 19.0.1.3. 
2026-07-15 13:11:03,465 90371 WARNING theme_test odoo.addons.base.models.ir_cron: Skipping database theme_test as its base version is not 19.0.1.3. 
2026-07-15 13:11:45,262 90371 WARNING 19_theme_setting odoo.addons.base.models.ir_cron: Skipping database 19_theme_setting as its base version is not 19.0.1.3. 
2026-07-15 13:11:45,307 90371 INFO 360_r_test odoo.modules.loading: loading 1 modules... 
2026-07-15 13:11:45,310 90371 INFO 360_r_test odoo.modules.loading: 1 modules loaded in 0.00s, 0 queries (+0 extra) 
2026-07-15 13:11:45,321 90371 INFO 360_r_test odoo.modules.loading: loading 62 modules... 
2026-07-15 13:11:45,341 90371 INFO 360_r_test odoo.modules.loading: 62 modules loaded in 0.02s, 0 queries (+0 extra) 
2026-07-15 13:11:45,461 90371 INFO 360_r_test odoo.modules.loading: Modules loaded. 
2026-07-15 13:11:45,485 90371 INFO 360_r_test odoo.registry: Registry loaded in 0.212s 
2026-07-15 13:11:45,487 90371 INFO 360_r_test odoo.addons.base.models.ir_cron: Job 'Notification: Notify scheduled messages' (8) starting 
2026-07-15 13:11:45,555 90371 INFO 360_r_test odoo.addons.base.models.ir_cron: Job 'Notification: Notify scheduled messages' (8) fully done (#loop 1; done 0; remaining 0; duration 0.07s) 
2026-07-15 13:11:45,579 90371 INFO 360_r_test odoo.addons.base.models.ir_cron: Job 'Mail: Email Queue Manager' (3) starting 
2026-07-15 13:11:45,591 90371 INFO 360_r_test odoo.addons.base.models.ir_cron: Job 'Mail: Email Queue Manager' (3) fully done (#loop 1; done 0; remaining 0; duration 0.01s) 
2026-07-15 13:11:45,594 90371 WARNING manas odoo.addons.base.models.ir_cron: Skipping database manas as its base version is not 19.0.1.3. 
2026-07-15 13:11:45,598 90371 WARNING odoo_19_test_try odoo.addons.base.models.ir_cron: Skipping database odoo_19_test_try as its base version is not 19.0.1.3. 
2026-07-15 13:11:45,600 90371 WARNING theme_test odoo.addons.base.models.ir_cron: Skipping database theme_test as its base version is not 19.0.1.3. 
2026-07-15 13:12:04,524 90371 WARNING 19_theme_setting odoo.addons.base.models.ir_cron: Skipping database 19_theme_setting as its base version is not 19.0.1.3. 
2026-07-15 13:12:04,529 90371 WARNING manas odoo.addons.base.models.ir_cron: Skipping database manas as its base version is not 19.0.1.3. 
2026-07-15 13:12:04,534 90371 WARNING odoo_19_test_try odoo.addons.base.models.ir_cron: Skipping database odoo_19_test_try as its base version is not 19.0.1.3. 
2026-07-15 13:12:04,537 90371 WARNING theme_test odoo.addons.base.models.ir_cron: Skipping database theme_test as its base version is not 19.0.1.3. 
2026-07-15 13:12:45,622 90371 WARNING 19_theme_setting odoo.addons.base.models.ir_cron: Skipping database 19_theme_setting as its base version is not 19.0.1.3. 
2026-07-15 13:12:45,626 90371 WARNING manas odoo.addons.base.models.ir_cron: Skipping database manas as its base version is not 19.0.1.3. 
2026-07-15 13:12:45,631 90371 WARNING odoo_19_test_try odoo.addons.base.models.ir_cron: Skipping database odoo_19_test_try as its base version is not 19.0.1.3. 
2026-07-15 13:12:45,634 90371 WARNING theme_test odoo.addons.base.models.ir_cron: Skipping database theme_test as its base version is not 19.0.1.3. 
2026-07-15 13:13:05,622 90371 WARNING 19_theme_setting odoo.addons.base.models.ir_cron: Skipping database 19_theme_setting as its base version is not 19.0.1.3. 
2026-07-15 13:13:05,627 90371 WARNING manas odoo.addons.base.models.ir_cron: Skipping database manas as its base version is not 19.0.1.3. 
2026-07-15 13:13:05,632 90371 WARNING odoo_19_test_try odoo.addons.base.models.ir_cron: Skipping database odoo_19_test_try as its base version is not 19.0.1.3. 
2026-07-15 13:13:05,635 90371 WARNING theme_test odoo.addons.base.models.ir_cron: Skipping database theme_test as its base version is not 19.0.1.3. 
2026-07-15 13:13:45,709 90371 WARNING 19_theme_setting odoo.addons.base.models.ir_cron: Skipping database 19_theme_setting as its base version is not 19.0.1.3. 
2026-07-15 13:13:45,715 90371 WARNING manas odoo.addons.base.models.ir_cron: Skipping database manas as its base version is not 19.0.1.3. 
2026-07-15 13:13:45,719 90371 WARNING odoo_19_test_try odoo.addons.base.models.ir_cron: Skipping database odoo_19_test_try as its base version is not 19.0.1.3. 
2026-07-15 13:13:45,722 90371 WARNING theme_test odoo.addons.base.models.ir_cron: Skipping database theme_test as its base version is not 19.0.1.3. 
2026-07-15 13:13:58,476 90371 INFO oca_module_testing odoo.addons.base.models.res_device: User 2 inserts device log (szRVIPGR5whxaLpDy6ibUgBMVmYiMwRS7ibuLJPcwH) 
2026-07-15 13:13:58,502 90371 INFO oca_module_testing werkzeug: 127.0.0.1 - - [15/Jul/2026 13:13:58] "GET /odoo/action-388 HTTP/1.1" 200 - 23 0.012 0.020
2026-07-15 13:13:58,574 90371 INFO oca_module_testing werkzeug: 127.0.0.1 - - [15/Jul/2026 13:13:58] "GET /web/webclient/load_menus HTTP/1.1" 200 - 1 0.003 0.028
2026-07-15 13:13:58,812 90371 INFO oca_module_testing werkzeug: 127.0.0.1 - - [15/Jul/2026 13:13:58] "GET /web/webclient/translations?hash=309395e7b381598b2edc4f4c75a99a6d285ecbd8&lang=en_US HTTP/1.1" 200 - 1 0.001 0.002
2026-07-15 13:13:58,962 90371 INFO oca_module_testing werkzeug: 127.0.0.1 - - [15/Jul/2026 13:13:58] "GET /web/image?model=res.users&field=avatar_128&id=2 HTTP/1.1" 304 - 9 0.005 0.011
2026-07-15 13:13:59,010 90371 INFO oca_module_testing werkzeug: 127.0.0.1 - - [15/Jul/2026 13:13:59] "POST /mail/data HTTP/1.1" 200 - 39 0.029 0.027
2026-07-15 13:13:59,033 90371 INFO oca_module_testing werkzeug: 127.0.0.1 - - [15/Jul/2026 13:13:59] "GET /bus/websocket_worker_bundle?v=19.0-2 HTTP/1.1" 304 - 3 0.001 0.004
2026-07-15 13:13:59,072 90371 INFO oca_module_testing werkzeug: 127.0.0.1 - - [15/Jul/2026 13:13:59] "GET /websocket?version=19.0-2 HTTP/1.1" 101 - 1 0.001 0.005
2026-07-15 13:13:59,093 90371 INFO oca_module_testing werkzeug: 127.0.0.1 - - [15/Jul/2026 13:13:59] "POST /web/dataset/call_kw/account.move/get_analytix_dashboard_data#account.move.get_analytix_dashboard_data HTTP/1.1" 200 - 29 0.011 0.015
2026-07-15 13:13:59,105 90371 INFO oca_module_testing werkzeug: 127.0.0.1 - - [15/Jul/2026 13:13:59] "POST /web/dataset/call_kw/analytix.document/get_analytix_documents_list#analytix.document.get_analytix_documents_list HTTP/1.1" 200 - 6 0.001 0.004
2026-07-15 13:13:59,532 90371 INFO oca_module_testing werkzeug: 127.0.0.1 - - [15/Jul/2026 13:13:59] "GET /web/service-worker.js HTTP/1.1" 200 - 1 0.001 0.003
2026-07-15 13:14:02,160 90371 INFO oca_module_testing werkzeug: 127.0.0.1 - - [15/Jul/2026 13:14:02] "POST /web/action/load HTTP/1.1" 200 - 11 0.003 0.007
2026-07-15 13:14:02,243 90371 INFO oca_module_testing werkzeug: 127.0.0.1 - - [15/Jul/2026 13:14:02] "POST /web/dataset/call_kw/ir.module.module/get_views#ir.module.module.get_views HTTP/1.1" 200 - 44 0.019 0.034
2026-07-15 13:14:02,256 90371 INFO oca_module_testing werkzeug: 127.0.0.1 - - [15/Jul/2026 13:14:02] "POST /web/dataset/call_kw/ir.module.module/search_panel_select_range#ir.module.module.search_panel_select_range HTTP/1.1" 200 - 1 0.001 0.003
2026-07-15 13:14:02,302 90371 INFO oca_module_testing werkzeug: 127.0.0.1 - - [15/Jul/2026 13:14:02] "POST /web/dataset/call_kw/ir.module.module/web_search_read#ir.module.module.web_search_read HTTP/1.1" 200 - 3 0.004 0.037
2026-07-15 13:14:02,302 90371 INFO oca_module_testing werkzeug: 127.0.0.1 - - [15/Jul/2026 13:14:02] "POST /web/dataset/call_kw/ir.module.module/search_panel_select_range#ir.module.module.search_panel_select_range HTTP/1.1" 200 - 53 0.025 0.024
2026-07-15 13:14:02,307 90371 INFO oca_module_testing werkzeug: 127.0.0.1 - - [15/Jul/2026 13:14:02] "POST /web/dataset/call_kw/ir.module.module/check_module_update#ir.module.module.check_module_update HTTP/1.1" 200 - 2 0.004 0.017
2026-07-15 13:14:02,359 90371 INFO oca_module_testing werkzeug: 127.0.0.1 - - [15/Jul/2026 13:14:02] "POST /web/dataset/call_kw/ir.module.module/check_module_update#ir.module.module.check_module_update HTTP/1.1" 200 - 2 0.001 0.003
2026-07-15 13:14:03,647 90371 INFO oca_module_testing werkzeug: 127.0.0.1 - - [15/Jul/2026 13:14:03] "POST /web/dataset/call_kw/ir.module.module/search_panel_select_range#ir.module.module.search_panel_select_range HTTP/1.1" 200 - 50 0.016 0.015
2026-07-15 13:14:03,649 90371 INFO oca_module_testing werkzeug: 127.0.0.1 - - [15/Jul/2026 13:14:03] "POST /web/dataset/call_kw/ir.module.module/web_search_read#ir.module.module.web_search_read HTTP/1.1" 200 - 4 0.005 0.028
2026-07-15 13:14:03,709 90371 INFO oca_module_testing werkzeug: 127.0.0.1 - - [15/Jul/2026 13:14:03] "POST /web/dataset/call_kw/ir.module.module/check_module_update#ir.module.module.check_module_update HTTP/1.1" 200 - 2 0.001 0.002
2026-07-15 13:14:06,721 90371 WARNING 19_theme_setting odoo.addons.base.models.ir_cron: Skipping database 19_theme_setting as its base version is not 19.0.1.3. 
2026-07-15 13:14:06,726 90371 WARNING manas odoo.addons.base.models.ir_cron: Skipping database manas as its base version is not 19.0.1.3. 
2026-07-15 13:14:06,731 90371 WARNING odoo_19_test_try odoo.addons.base.models.ir_cron: Skipping database odoo_19_test_try as its base version is not 19.0.1.3. 
2026-07-15 13:14:06,733 90371 WARNING theme_test odoo.addons.base.models.ir_cron: Skipping database theme_test as its base version is not 19.0.1.3. 
2026-07-15 13:14:13,090 90371 INFO oca_module_testing werkzeug: 127.0.0.1 - - [15/Jul/2026 13:14:13] "POST /web/dataset/call_kw/ir.module.module/search_panel_select_range#ir.module.module.search_panel_select_range HTTP/1.1" 200 - 50 0.014 0.018
2026-07-15 13:14:13,105 90371 INFO oca_module_testing werkzeug: 127.0.0.1 - - [15/Jul/2026 13:14:13] "POST /web/dataset/call_kw/ir.module.module/web_search_read#ir.module.module.web_search_read HTTP/1.1" 200 - 3 0.005 0.004
2026-07-15 13:14:13,119 90371 INFO oca_module_testing werkzeug: 127.0.0.1 - - [15/Jul/2026 13:14:13] "POST /web/dataset/call_kw/ir.module.module/check_module_update#ir.module.module.check_module_update HTTP/1.1" 200 - 2 0.001 0.003
2026-07-15 13:14:16,276 90371 INFO oca_module_testing odoo.addons.base.models.ir_module: ALLOW access to module.button_immediate_upgrade on ['Analytix 360 Finance Dashboard'] to user admin #2 via 127.0.0.1 
2026-07-15 13:14:16,277 90371 INFO oca_module_testing odoo.addons.base.models.ir_module: ALLOW access to module.button_upgrade on ['Analytix 360 Finance Dashboard'] to user admin #2 via 127.0.0.1 
2026-07-15 13:14:16,277 90371 INFO oca_module_testing odoo.addons.base.models.ir_module: ALLOW access to module.update_list on ['Analytix 360 Finance Dashboard'] to user admin #2 via 127.0.0.1 
2026-07-15 13:14:16,489 90371 WARNING oca_module_testing odoo.modules.module: Missing `author` key in manifest for 'analytix_finance_dashboard', defaulting to '' 
2026-07-15 13:14:17,121 90371 INFO oca_module_testing odoo.addons.base.models.ir_module: ALLOW access to module.button_install on [] to user admin #2 via 127.0.0.1 
2026-07-15 13:14:17,147 90371 INFO oca_module_testing odoo.modules.loading: loading 1 modules... 
2026-07-15 13:14:17,150 90371 INFO oca_module_testing odoo.modules.loading: 1 modules loaded in 0.00s, 0 queries (+0 extra) 
2026-07-15 13:14:17,167 90371 INFO oca_module_testing odoo.modules.loading: updating modules list 
2026-07-15 13:14:17,168 90371 INFO oca_module_testing odoo.addons.base.models.ir_module: ALLOW access to module.update_list on [] to user __system__ #1 via 127.0.0.1 
2026-07-15 13:14:17,268 90371 WARNING oca_module_testing odoo.modules.module: Missing `author` key in manifest for 'analytix_finance_dashboard', defaulting to '' 
2026-07-15 13:14:17,683 90371 INFO oca_module_testing odoo.modules.loading: loading 85 modules... 
2026-07-15 13:14:17,705 90371 INFO oca_module_testing odoo.modules.loading: Loading module analytix_finance_dashboard (77/85) 
2026-07-15 13:14:17,855 90371 INFO oca_module_testing odoo.registry: module analytix_finance_dashboard: creating or updating database tables 
2026-07-15 13:14:17,886 90371 WARNING oca_module_testing odoo.addons.base.models.ir_model: Two fields (sale_lock_date, tax_lock_date) of res.config.settings() have the same label: Hard Lock Date. [Modules: om_fiscal_year and om_fiscal_year] 
2026-07-15 13:14:17,886 90371 WARNING oca_module_testing odoo.addons.base.models.ir_model: Two fields (purchase_lock_date, tax_lock_date) of res.config.settings() have the same label: Hard Lock Date. [Modules: om_fiscal_year and om_fiscal_year] 
2026-07-15 13:14:17,886 90371 WARNING oca_module_testing odoo.addons.base.models.ir_model: Two fields (hard_lock_date, tax_lock_date) of res.config.settings() have the same label: Hard Lock Date. [Modules: om_fiscal_year and om_fiscal_year] 
2026-07-15 13:14:17,952 90371 INFO oca_module_testing odoo.modules.loading: loading analytix_finance_dashboard/security/ir.model.access.csv 
2026-07-15 13:14:17,952 90371 ERROR oca_module_testing odoo.tools.convert: Import specification does not contain 'id' and we are in init mode, Cannot continue. 
2026-07-15 13:14:17,952 90371 INFO oca_module_testing odoo.modules.loading: loading analytix_finance_dashboard/views/dashboard_action.xml 
2026-07-15 13:14:17,955 90371 INFO oca_module_testing odoo.modules.loading: loading analytix_finance_dashboard/views/menu_views.xml 
2026-07-15 13:14:17,961 90371 INFO oca_module_testing odoo.modules.loading: loading analytix_finance_dashboard/views/set_home_action.xml 
2026-07-15 13:14:17,965 90371 INFO oca_module_testing odoo.modules.loading: loading analytix_finance_dashboard/views/zatca_settings.xml 
2026-07-15 13:14:18,024 90371 INFO oca_module_testing odoo.addons.base.models.ir_module: module analytix_finance_dashboard: no translation for language ar_001 
2026-07-15 13:14:18,034 90371 INFO oca_module_testing odoo.modules.loading: Module analytix_finance_dashboard loaded in 0.33s, 256 queries (+256 other) 
2026-07-15 13:14:18,036 90371 INFO oca_module_testing odoo.modules.loading: 85 modules loaded in 0.35s, 256 queries (+256 extra) 
2026-07-15 13:14:18,278 90371 INFO oca_module_testing odoo.addons.base.models.ir_model: Deleting 683@ir.model.access (analytix_finance_dashboard.access_analytix_document_user) 
2026-07-15 13:14:18,301 90371 INFO oca_module_testing odoo.models.unlink: User #1 deleted ir.model.data records with IDs: [44372] 
2026-07-15 13:14:18,301 90371 INFO oca_module_testing odoo.models.unlink: User #1 deleted ir.model.access records with IDs: [683] 
2026-07-15 13:14:18,307 90371 INFO oca_module_testing odoo.registry: verifying fields for every extended model 
2026-07-15 13:14:18,331 90371 WARNING oca_module_testing odoo.addons.base.models.ir_model: Two fields (sale_lock_date, tax_lock_date) of res.config.settings() have the same label: Hard Lock Date. [Modules: om_fiscal_year and om_fiscal_year] 
2026-07-15 13:14:18,331 90371 WARNING oca_module_testing odoo.addons.base.models.ir_model: Two fields (purchase_lock_date, tax_lock_date) of res.config.settings() have the same label: Hard Lock Date. [Modules: om_fiscal_year and om_fiscal_year] 
2026-07-15 13:14:18,331 90371 WARNING oca_module_testing odoo.addons.base.models.ir_model: Two fields (hard_lock_date, tax_lock_date) of res.config.settings() have the same label: Hard Lock Date. [Modules: om_fiscal_year and om_fiscal_year] 
2026-07-15 13:14:18,682 90371 INFO oca_module_testing odoo.modules.loading: Modules loaded. 
2026-07-15 13:14:18,696 90371 INFO oca_module_testing odoo.registry: Registry changed, signaling through the database 
2026-07-15 13:14:18,697 90371 INFO oca_module_testing odoo.registry: Registry loaded in 1.561s 
2026-07-15 13:14:18,697 90371 INFO oca_module_testing odoo.addons.base.models.ir_module: getting next ir.actions.todo() 
2026-07-15 13:14:18,709 90371 INFO oca_module_testing werkzeug: 127.0.0.1 - - [15/Jul/2026 13:14:18] "POST /web/dataset/call_button/ir.module.module/button_immediate_upgrade#ir.module.module.button_immediate_upgrade HTTP/1.1" 200 - 4890 1.094 1.343
2026-07-15 13:14:18,723 90371 INFO oca_module_testing odoo.addons.base.models.ir_http: Generating routing map for key None 
2026-07-15 13:14:18,994 90371 INFO oca_module_testing werkzeug: 127.0.0.1 - - [15/Jul/2026 13:14:18] "GET /odoo HTTP/1.1" 200 - 78 0.020 0.253
2026-07-15 13:14:19,058 90371 INFO oca_module_testing werkzeug: 127.0.0.1 - - [15/Jul/2026 13:14:19] "GET /web/webclient/load_menus HTTP/1.1" 200 - 13 0.009 0.028
2026-07-15 13:14:19,233 90371 INFO oca_module_testing werkzeug: 127.0.0.1 - - [15/Jul/2026 13:14:19] "GET /web/webclient/translations?hash=&lang=en_US HTTP/1.1" 200 - 2 0.001 0.003
2026-07-15 13:14:19,359 90371 INFO oca_module_testing werkzeug: 127.0.0.1 - - [15/Jul/2026 13:14:19] "POST /web/action/load HTTP/1.1" 200 - 7 0.007 0.010
2026-07-15 13:14:19,366 90371 INFO oca_module_testing werkzeug: 127.0.0.1 - - [15/Jul/2026 13:14:19] "GET /bus/websocket_worker_bundle?v=19.0-2 HTTP/1.1" 304 - 4 0.006 0.015
2026-07-15 13:14:19,371 90371 INFO oca_module_testing werkzeug: 127.0.0.1 - - [15/Jul/2026 13:14:19] "GET /web/image?model=res.users&field=avatar_128&id=2 HTTP/1.1" 304 - 16 0.015 0.014
2026-07-15 13:14:19,421 90371 INFO oca_module_testing werkzeug: 127.0.0.1 - - [15/Jul/2026 13:14:19] "GET /websocket?version=19.0-2 HTTP/1.1" 101 - 1 0.001 0.004
2026-07-15 13:14:19,433 90371 INFO oca_module_testing werkzeug: 127.0.0.1 - - [15/Jul/2026 13:14:19] "POST /mail/data HTTP/1.1" 200 - 63 0.040 0.049
2026-07-15 13:14:19,449 90371 INFO oca_module_testing werkzeug: 127.0.0.1 - - [15/Jul/2026 13:14:19] "POST /web/dataset/call_kw/account.move/get_analytix_dashboard_data#account.move.get_analytix_dashboard_data HTTP/1.1" 200 - 29 0.010 0.015
2026-07-15 13:14:19,468 90371 INFO oca_module_testing odoo.addons.base.models.ir_model: Access Denied by ACLs for operation: read, uid: 2, model: analytix.document 
2026-07-15 13:14:19,487 90371 WARNING oca_module_testing odoo.http: You are not allowed to access 'Analytix Finance Document' (analytix.document) records.

No group currently allows this operation.

Contact your administrator to request access if necessary. 
2026-07-15 13:14:19,488 90371 INFO oca_module_testing werkzeug: 127.0.0.1 - - [15/Jul/2026 13:14:19] "POST /web/dataset/call_kw/analytix.document/get_analytix_documents_list#analytix.document.get_analytix_documents_list HTTP/1.1" 200 - 4 0.002 0.020
2026-07-15 13:14:20,026 90371 INFO oca_module_testing werkzeug: 127.0.0.1 - - [15/Jul/2026 13:14:20] "GET /web/service-worker.js HTTP/1.1" 200 - 1 0.001 0.002
2026-07-15 13:14:45,739 90371 WARNING 19_theme_setting odoo.addons.base.models.ir_cron: Skipping database 19_theme_setting as its base version is not 19.0.1.3. 
2026-07-15 13:14:45,742 90371 WARNING manas odoo.addons.base.models.ir_cron: Skipping database manas as its base version is not 19.0.1.3. 
2026-07-15 13:14:45,746 90371 WARNING odoo_19_test_try odoo.addons.base.models.ir_cron: Skipping database odoo_19_test_try as its base version is not 19.0.1.3. 
2026-07-15 13:14:45,748 90371 WARNING theme_test odoo.addons.base.models.ir_cron: Skipping database theme_test as its base version is not 19.0.1.3. 
2026-07-15 13:15:07,790 90371 WARNING 19_theme_setting odoo.addons.base.models.ir_cron: Skipping database 19_theme_setting as its base version is not 19.0.1.3. 
2026-07-15 13:15:07,794 90371 WARNING manas odoo.addons.base.models.ir_cron: Skipping database manas as its base version is not 19.0.1.3. 
2026-07-15 13:15:07,799 90371 WARNING odoo_19_test_try odoo.addons.base.models.ir_cron: Skipping database odoo_19_test_try as its base version is not 19.0.1.3. 
2026-07-15 13:15:07,801 90371 WARNING theme_test odoo.addons.base.models.ir_cron: Skipping database theme_test as its base version is not 19.0.1.3. 
2026-07-15 13:15:45,777 90371 WARNING 19_theme_setting odoo.addons.base.models.ir_cron: Skipping database 19_theme_setting as its base version is not 19.0.1.3. 
2026-07-15 13:15:45,784 90371 WARNING manas odoo.addons.base.models.ir_cron: Skipping database manas as its base version is not 19.0.1.3. 
2026-07-15 13:15:45,789 90371 INFO oca_module_testing odoo.addons.base.models.ir_cron: Job 'Base: Auto-vacuum internal data' (1) starting 
2026-07-15 13:15:46,088 90371 INFO oca_module_testing odoo.addons.base.models.res_users: GC 'res.users.apikeys' delete 0 entries 
2026-07-15 13:15:46,130 90371 INFO oca_module_testing odoo.addons.api_doc.models.ir_attachment: GC'd 0 /doc cached index 
2026-07-15 13:15:46,134 90371 INFO oca_module_testing odoo.addons.base.models.res_device: GC device logs delete 1 entries 
2026-07-15 13:15:46,189 90371 INFO oca_module_testing odoo.addons.base.models.res_users: GC'd 0 user log entries 
2026-07-15 13:15:46,271 90371 INFO oca_module_testing odoo.addons.sms.models.sms_sms: GC'd 0 sms marked for deletion 
2026-07-15 13:15:46,291 90371 INFO oca_module_testing odoo.addons.base.models.res_device: GC device logs delete 0 entries 
2026-07-15 13:15:46,333 90371 INFO oca_module_testing odoo.addons.base.models.ir_attachment: filestore gc 3 checked, 0 removed 
2026-07-15 13:15:46,388 90371 INFO oca_module_testing odoo.addons.base.models.res_users: GC 'auth_totp.device' delete 0 entries 
2026-07-15 13:15:46,503 90371 INFO oca_module_testing odoo.addons.base.models.ir_cron: Job 'Base: Auto-vacuum internal data' (1) fully done (#loop 1; done 129; remaining 0; duration 0.71s) 
2026-07-15 13:15:46,505 90371 WARNING odoo_19_test_try odoo.addons.base.models.ir_cron: Skipping database odoo_19_test_try as its base version is not 19.0.1.3. 
2026-07-15 13:15:46,508 90371 WARNING theme_test odoo.addons.base.models.ir_cron: Skipping database theme_test as its base version is not 19.0.1.3. 
2026-07-15 13:15:47,926 90371 INFO oca_module_testing werkzeug: 127.0.0.1 - - [15/Jul/2026 13:15:47] "POST /web/action/load HTTP/1.1" 200 - 10 0.005 0.007
2026-07-15 13:15:48,602 90371 INFO oca_module_testing werkzeug: 127.0.0.1 - - [15/Jul/2026 13:15:48] "POST /web/dataset/call_kw/res.config.settings/get_views#res.config.settings.get_views HTTP/1.1" 200 - 406 0.103 0.547
2026-07-15 13:15:48,702 90371 INFO oca_module_testing werkzeug: 127.0.0.1 - - [15/Jul/2026 13:15:48] "POST /web/dataset/call_kw/res.config.settings/onchange#res.config.settings.onchange HTTP/1.1" 200 - 167 0.042 0.036
2026-07-15 13:15:48,802 90371 INFO oca_module_testing werkzeug: 127.0.0.1 - - [15/Jul/2026 13:15:48] "POST /base_setup/demo_active HTTP/1.1" 200 - 3 0.002 0.002
2026-07-15 13:15:48,819 90371 INFO oca_module_testing werkzeug: 127.0.0.1 - - [15/Jul/2026 13:15:48] "POST /base_setup/data HTTP/1.1" 200 - 6 0.004 0.002
2026-07-15 13:15:49,676 90371 INFO oca_module_testing werkzeug: 127.0.0.1 - - [15/Jul/2026 13:15:49] "POST /web/action/load HTTP/1.1" 200 - 10 0.005 0.005
2026-07-15 13:15:49,711 90371 INFO oca_module_testing werkzeug: 127.0.0.1 - - [15/Jul/2026 13:15:49] "POST /web/dataset/call_kw/odoo.ocr.api.config/get_views#odoo.ocr.api.config.get_views HTTP/1.1" 200 - 19 0.007 0.011
2026-07-15 13:15:49,725 90371 INFO oca_module_testing werkzeug: 127.0.0.1 - - [15/Jul/2026 13:15:49] "POST /web/dataset/call_kw/odoo.ocr.api.config/web_search_read#odoo.ocr.api.config.web_search_read HTTP/1.1" 200 - 4 0.002 0.004
2026-07-15 13:15:54,194 90371 INFO oca_module_testing werkzeug: 127.0.0.1 - - [15/Jul/2026 13:15:54] "GET /odoo/action-481?debug=1 HTTP/1.1" 200 - 22 0.008 0.017
2026-07-15 13:15:54,253 90371 INFO oca_module_testing werkzeug: 127.0.0.1 - - [15/Jul/2026 13:15:54] "GET /web/webclient/load_menus HTTP/1.1" 200 - 1 0.001 0.012
2026-07-15 13:15:54,512 90371 INFO oca_module_testing werkzeug: 127.0.0.1 - - [15/Jul/2026 13:15:54] "GET /web/webclient/translations?hash=309395e7b381598b2edc4f4c75a99a6d285ecbd8&lang=en_US HTTP/1.1" 200 - 1 0.001 0.003
2026-07-15 13:15:54,677 90371 INFO oca_module_testing werkzeug: 127.0.0.1 - - [15/Jul/2026 13:15:54] "GET /web/image?model=res.users&field=avatar_128&id=2 HTTP/1.1" 304 - 9 0.006 0.015
2026-07-15 13:15:54,684 90371 INFO oca_module_testing werkzeug: 127.0.0.1 - - [15/Jul/2026 13:15:54] "POST /web/dataset/call_kw/odoo.ocr.api.config/get_views#odoo.ocr.api.config.get_views HTTP/1.1" 200 - 2 0.003 0.015
2026-07-15 13:15:54,687 90371 INFO oca_module_testing werkzeug: 127.0.0.1 - - [15/Jul/2026 13:15:54] "GET /bus/websocket_worker_bundle?v=19.0-2 HTTP/1.1" 304 - 3 0.005 0.006
2026-07-15 13:15:54,709 90371 INFO oca_module_testing werkzeug: 127.0.0.1 - - [15/Jul/2026 13:15:54] "POST /web/dataset/call_kw/odoo.ocr.api.config/web_search_read#odoo.ocr.api.config.web_search_read HTTP/1.1" 200 - 3 0.003 0.006
2026-07-15 13:15:54,740 90371 INFO oca_module_testing werkzeug: 127.0.0.1 - - [15/Jul/2026 13:15:54] "POST /mail/data HTTP/1.1" 200 - 39 0.034 0.035
2026-07-15 13:15:54,806 90371 INFO oca_module_testing werkzeug: 127.0.0.1 - - [15/Jul/2026 13:15:54] "GET /websocket?version=19.0-2 HTTP/1.1" 101 - 1 0.000 0.002
2026-07-15 13:15:55,205 90371 INFO oca_module_testing werkzeug: 127.0.0.1 - - [15/Jul/2026 13:15:55] "GET /web/service-worker.js HTTP/1.1" 200 - 1 0.001 0.002
2026-07-15 13:16:08,887 90371 WARNING 19_theme_setting odoo.addons.base.models.ir_cron: Skipping database 19_theme_setting as its base version is not 19.0.1.3. 
2026-07-15 13:16:08,892 90371 WARNING manas odoo.addons.base.models.ir_cron: Skipping database manas as its base version is not 19.0.1.3. 
2026-07-15 13:16:08,897 90371 WARNING odoo_19_test_try odoo.addons.base.models.ir_cron: Skipping database odoo_19_test_try as its base version is not 19.0.1.3. 
2026-07-15 13:16:08,900 90371 WARNING theme_test odoo.addons.base.models.ir_cron: Skipping database theme_test as its base version is not 19.0.1.3. 
2026-07-15 13:16:46,529 90371 WARNING 19_theme_setting odoo.addons.base.models.ir_cron: Skipping database 19_theme_setting as its base version is not 19.0.1.3. 
2026-07-15 13:16:46,534 90371 WARNING manas odoo.addons.base.models.ir_cron: Skipping database manas as its base version is not 19.0.1.3. 
2026-07-15 13:16:46,538 90371 WARNING odoo_19_test_try odoo.addons.base.models.ir_cron: Skipping database odoo_19_test_try as its base version is not 19.0.1.3. 
2026-07-15 13:16:46,541 90371 WARNING theme_test odoo.addons.base.models.ir_cron: Skipping database theme_test as its base version is not 19.0.1.3. 
2026-07-15 13:17:09,944 90371 WARNING 19_theme_setting odoo.addons.base.models.ir_cron: Skipping database 19_theme_setting as its base version is not 19.0.1.3. 
2026-07-15 13:17:09,949 90371 WARNING manas odoo.addons.base.models.ir_cron: Skipping database manas as its base version is not 19.0.1.3. 
2026-07-15 13:17:09,953 90371 WARNING odoo_19_test_try odoo.addons.base.models.ir_cron: Skipping database odoo_19_test_try as its base version is not 19.0.1.3. 
2026-07-15 13:17:09,956 90371 WARNING theme_test odoo.addons.base.models.ir_cron: Skipping database theme_test as its base version is not 19.0.1.3. 
2026-07-15 13:17:46,597 90371 WARNING 19_theme_setting odoo.addons.base.models.ir_cron: Skipping database 19_theme_setting as its base version is not 19.0.1.3. 
2026-07-15 13:17:46,601 90371 WARNING manas odoo.addons.base.models.ir_cron: Skipping database manas as its base version is not 19.0.1.3. 
2026-07-15 13:17:46,605 90371 WARNING odoo_19_test_try odoo.addons.base.models.ir_cron: Skipping database odoo_19_test_try as its base version is not 19.0.1.3. 
2026-07-15 13:17:46,622 90371 INFO tezzzzzzzzzzzzzzzzzzzzz odoo.addons.base.models.ir_cron: Job 'Payment: Post-process transactions' (15) starting 
2026-07-15 13:17:46,652 90371 INFO tezzzzzzzzzzzzzzzzzzzzz odoo.addons.base.models.ir_cron: Job 'Payment: Post-process transactions' (15) fully done (#loop 1; done 0; remaining 0; duration 0.03s) 
2026-07-15 13:17:46,656 90371 WARNING theme_test odoo.addons.base.models.ir_cron: Skipping database theme_test as its base version is not 19.0.1.3. 
2026-07-15 13:18:11,042 90371 WARNING 19_theme_setting odoo.addons.base.models.ir_cron: Skipping database 19_theme_setting as its base version is not 19.0.1.3. 
2026-07-15 13:18:11,047 90371 WARNING manas odoo.addons.base.models.ir_cron: Skipping database manas as its base version is not 19.0.1.3. 
2026-07-15 13:18:11,051 90371 WARNING odoo_19_test_try odoo.addons.base.models.ir_cron: Skipping database odoo_19_test_try as its base version is not 19.0.1.3. 
2026-07-15 13:18:11,054 90371 WARNING theme_test odoo.addons.base.models.ir_cron: Skipping database theme_test as its base version is not 19.0.1.3. 
2026-07-15 13:18:46,734 90371 WARNING 19_theme_setting odoo.addons.base.models.ir_cron: Skipping database 19_theme_setting as its base version is not 19.0.1.3. 
2026-07-15 13:18:46,738 90371 WARNING manas odoo.addons.base.models.ir_cron: Skipping database manas as its base version is not 19.0.1.3. 
2026-07-15 13:18:46,742 90371 WARNING odoo_19_test_try odoo.addons.base.models.ir_cron: Skipping database odoo_19_test_try as its base version is not 19.0.1.3. 
2026-07-15 13:18:46,745 90371 WARNING theme_test odoo.addons.base.models.ir_cron: Skipping database theme_test as its base version is not 19.0.1.3. 
2026-07-15 13:19:12,141 90371 WARNING 19_theme_setting odoo.addons.base.models.ir_cron: Skipping database 19_theme_setting as its base version is not 19.0.1.3. 
2026-07-15 13:19:12,146 90371 WARNING manas odoo.addons.base.models.ir_cron: Skipping database manas as its base version is not 19.0.1.3. 
2026-07-15 13:19:12,150 90371 WARNING odoo_19_test_try odoo.addons.base.models.ir_cron: Skipping database odoo_19_test_try as its base version is not 19.0.1.3. 
2026-07-15 13:19:12,153 90371 WARNING theme_test odoo.addons.base.models.ir_cron: Skipping database theme_test as its base version is not 19.0.1.3. 
2026-07-15 13:19:46,818 90371 WARNING 19_theme_setting odoo.addons.base.models.ir_cron: Skipping database 19_theme_setting as its base version is not 19.0.1.3. 
2026-07-15 13:19:46,822 90371 WARNING manas odoo.addons.base.models.ir_cron: Skipping database manas as its base version is not 19.0.1.3. 
2026-07-15 13:19:46,826 90371 WARNING odoo_19_test_try odoo.addons.base.models.ir_cron: Skipping database odoo_19_test_try as its base version is not 19.0.1.3. 
2026-07-15 13:19:46,829 90371 WARNING theme_test odoo.addons.base.models.ir_cron: Skipping database theme_test as its base version is not 19.0.1.3. 
2026-07-15 13:20:13,239 90371 WARNING 19_theme_setting odoo.addons.base.models.ir_cron: Skipping database 19_theme_setting as its base version is not 19.0.1.3. 
2026-07-15 13:20:13,243 90371 WARNING manas odoo.addons.base.models.ir_cron: Skipping database manas as its base version is not 19.0.1.3. 
2026-07-15 13:20:13,248 90371 WARNING odoo_19_test_try odoo.addons.base.models.ir_cron: Skipping database odoo_19_test_try as its base version is not 19.0.1.3. 
2026-07-15 13:20:13,250 90371 WARNING theme_test odoo.addons.base.models.ir_cron: Skipping database theme_test as its base version is not 19.0.1.3. 
2026-07-15 13:20:46,900 90371 WARNING 19_theme_setting odoo.addons.base.models.ir_cron: Skipping database 19_theme_setting as its base version is not 19.0.1.3. 
2026-07-15 13:20:46,905 90371 WARNING manas odoo.addons.base.models.ir_cron: Skipping database manas as its base version is not 19.0.1.3. 
2026-07-15 13:20:46,908 90371 WARNING odoo_19_test_try odoo.addons.base.models.ir_cron: Skipping database odoo_19_test_try as its base version is not 19.0.1.3. 
2026-07-15 13:20:46,911 90371 WARNING theme_test odoo.addons.base.models.ir_cron: Skipping database theme_test as its base version is not 19.0.1.3. 
2026-07-15 13:21:14,331 90371 WARNING 19_theme_setting odoo.addons.base.models.ir_cron: Skipping database 19_theme_setting as its base version is not 19.0.1.3. 
2026-07-15 13:21:14,335 90371 WARNING manas odoo.addons.base.models.ir_cron: Skipping database manas as its base version is not 19.0.1.3. 
2026-07-15 13:21:14,339 90371 WARNING odoo_19_test_try odoo.addons.base.models.ir_cron: Skipping database odoo_19_test_try as its base version is not 19.0.1.3. 
2026-07-15 13:21:14,342 90371 WARNING theme_test odoo.addons.base.models.ir_cron: Skipping database theme_test as its base version is not 19.0.1.3. 
2026-07-15 13:21:46,987 90371 WARNING 19_theme_setting odoo.addons.base.models.ir_cron: Skipping database 19_theme_setting as its base version is not 19.0.1.3. 
2026-07-15 13:21:46,991 90371 WARNING manas odoo.addons.base.models.ir_cron: Skipping database manas as its base version is not 19.0.1.3. 
2026-07-15 13:21:46,996 90371 WARNING odoo_19_test_try odoo.addons.base.models.ir_cron: Skipping database odoo_19_test_try as its base version is not 19.0.1.3. 
2026-07-15 13:21:46,998 90371 WARNING theme_test odoo.addons.base.models.ir_cron: Skipping database theme_test as its base version is not 19.0.1.3. 
2026-07-15 13:22:15,428 90371 WARNING 19_theme_setting odoo.addons.base.models.ir_cron: Skipping database 19_theme_setting as its base version is not 19.0.1.3. 
2026-07-15 13:22:15,433 90371 WARNING manas odoo.addons.base.models.ir_cron: Skipping database manas as its base version is not 19.0.1.3. 
2026-07-15 13:22:15,437 90371 WARNING odoo_19_test_try odoo.addons.base.models.ir_cron: Skipping database odoo_19_test_try as its base version is not 19.0.1.3. 
2026-07-15 13:22:15,440 90371 WARNING theme_test odoo.addons.base.models.ir_cron: Skipping database theme_test as its base version is not 19.0.1.3. 
2026-07-15 13:22:47,074 90371 WARNING 19_theme_setting odoo.addons.base.models.ir_cron: Skipping database 19_theme_setting as its base version is not 19.0.1.3. 
2026-07-15 13:22:47,079 90371 WARNING manas odoo.addons.base.models.ir_cron: Skipping database manas as its base version is not 19.0.1.3. 
2026-07-15 13:22:47,085 90371 WARNING odoo_19_test_try odoo.addons.base.models.ir_cron: Skipping database odoo_19_test_try as its base version is not 19.0.1.3. 
2026-07-15 13:22:47,087 90371 WARNING theme_test odoo.addons.base.models.ir_cron: Skipping database theme_test as its base version is not 19.0.1.3. 
2026-07-15 13:23:16,520 90371 WARNING 19_theme_setting odoo.addons.base.models.ir_cron: Skipping database 19_theme_setting as its base version is not 19.0.1.3. 
2026-07-15 13:23:16,525 90371 WARNING manas odoo.addons.base.models.ir_cron: Skipping database manas as its base version is not 19.0.1.3. 
2026-07-15 13:23:16,529 90371 WARNING odoo_19_test_try odoo.addons.base.models.ir_cron: Skipping database odoo_19_test_try as its base version is not 19.0.1.3. 
2026-07-15 13:23:16,532 90371 WARNING theme_test odoo.addons.base.models.ir_cron: Skipping database theme_test as its base version is not 19.0.1.3. 
2026-07-15 13:23:47,114 90371 WARNING 19_theme_setting odoo.addons.base.models.ir_cron: Skipping database 19_theme_setting as its base version is not 19.0.1.3. 
2026-07-15 13:23:47,119 90371 WARNING manas odoo.addons.base.models.ir_cron: Skipping database manas as its base version is not 19.0.1.3. 
2026-07-15 13:23:47,123 90371 WARNING odoo_19_test_try odoo.addons.base.models.ir_cron: Skipping database odoo_19_test_try as its base version is not 19.0.1.3. 
2026-07-15 13:23:47,126 90371 WARNING theme_test odoo.addons.base.models.ir_cron: Skipping database theme_test as its base version is not 19.0.1.3. 
2026-07-15 13:24:17,619 90371 WARNING 19_theme_setting odoo.addons.base.models.ir_cron: Skipping database 19_theme_setting as its base version is not 19.0.1.3. 
2026-07-15 13:24:17,624 90371 WARNING manas odoo.addons.base.models.ir_cron: Skipping database manas as its base version is not 19.0.1.3. 
2026-07-15 13:24:17,628 90371 WARNING odoo_19_test_try odoo.addons.base.models.ir_cron: Skipping database odoo_19_test_try as its base version is not 19.0.1.3. 
2026-07-15 13:24:17,630 90371 WARNING theme_test odoo.addons.base.models.ir_cron: Skipping database theme_test as its base version is not 19.0.1.3. 
2026-07-15 13:24:47,205 90371 WARNING 19_theme_setting odoo.addons.base.models.ir_cron: Skipping database 19_theme_setting as its base version is not 19.0.1.3. 
2026-07-15 13:24:47,210 90371 WARNING manas odoo.addons.base.models.ir_cron: Skipping database manas as its base version is not 19.0.1.3. 
2026-07-15 13:24:47,215 90371 WARNING odoo_19_test_try odoo.addons.base.models.ir_cron: Skipping database odoo_19_test_try as its base version is not 19.0.1.3. 
2026-07-15 13:24:47,218 90371 WARNING theme_test odoo.addons.base.models.ir_cron: Skipping database theme_test as its base version is not 19.0.1.3. 
2026-07-15 13:25:18,680 90371 WARNING 19_theme_setting odoo.addons.base.models.ir_cron: Skipping database 19_theme_setting as its base version is not 19.0.1.3. 
2026-07-15 13:25:18,685 90371 WARNING manas odoo.addons.base.models.ir_cron: Skipping database manas as its base version is not 19.0.1.3. 
2026-07-15 13:25:18,689 90371 WARNING odoo_19_test_try odoo.addons.base.models.ir_cron: Skipping database odoo_19_test_try as its base version is not 19.0.1.3. 
2026-07-15 13:25:18,691 90371 WARNING theme_test odoo.addons.base.models.ir_cron: Skipping database theme_test as its base version is not 19.0.1.3. 
2026-07-15 13:25:47,293 90371 WARNING 19_theme_setting odoo.addons.base.models.ir_cron: Skipping database 19_theme_setting as its base version is not 19.0.1.3. 
2026-07-15 13:25:47,298 90371 WARNING manas odoo.addons.base.models.ir_cron: Skipping database manas as its base version is not 19.0.1.3. 
2026-07-15 13:25:47,303 90371 WARNING odoo_19_test_try odoo.addons.base.models.ir_cron: Skipping database odoo_19_test_try as its base version is not 19.0.1.3. 
2026-07-15 13:25:47,305 90371 WARNING theme_test odoo.addons.base.models.ir_cron: Skipping database theme_test as its base version is not 19.0.1.3. 
2026-07-15 13:26:19,778 90371 WARNING 19_theme_setting odoo.addons.base.models.ir_cron: Skipping database 19_theme_setting as its base version is not 19.0.1.3. 
2026-07-15 13:26:19,842 90371 INFO 360_dash_analytix odoo.modules.loading: loading 1 modules... 
2026-07-15 13:26:19,846 90371 INFO 360_dash_analytix odoo.modules.loading: 1 modules loaded in 0.00s, 0 queries (+0 extra) 
2026-07-15 13:26:19,870 90371 INFO 360_dash_analytix odoo.modules.loading: loading 108 modules... 
2026-07-15 13:26:19,911 90371 INFO 360_dash_analytix odoo.modules.loading: 108 modules loaded in 0.04s, 0 queries (+0 extra) 
2026-07-15 13:26:20,144 90371 INFO 360_dash_analytix odoo.modules.loading: Modules loaded. 
2026-07-15 13:26:20,180 90371 WARNING 360_dash_analytix odoo.schema: Missing not-null constraint on analytix.document.name 
2026-07-15 13:26:20,180 90371 WARNING 360_dash_analytix odoo.schema: Missing not-null constraint on analytix.document.doc_type 
2026-07-15 13:26:20,181 90371 INFO 360_dash_analytix odoo.registry: Registry loaded in 0.394s 
2026-07-15 13:26:20,183 90371 INFO 360_dash_analytix odoo.addons.base.models.ir_cron: Job 'Notification: Notify scheduled messages' (8) starting 
2026-07-15 13:26:20,291 90371 INFO 360_dash_analytix odoo.addons.base.models.ir_cron: Job 'Notification: Notify scheduled messages' (8) fully done (#loop 1; done 0; remaining 0; duration 0.11s) 
2026-07-15 13:26:20,323 90371 INFO 360_dash_analytix odoo.addons.base.models.ir_cron: Job 'Mail: Email Queue Manager' (3) starting 
2026-07-15 13:26:20,343 90371 INFO 360_dash_analytix odoo.addons.base.models.ir_cron: Job 'Mail: Email Queue Manager' (3) fully done (#loop 1; done 0; remaining 0; duration 0.02s) 
2026-07-15 13:26:20,348 90371 WARNING manas odoo.addons.base.models.ir_cron: Skipping database manas as its base version is not 19.0.1.3. 
2026-07-15 13:26:20,353 90371 WARNING odoo_19_test_try odoo.addons.base.models.ir_cron: Skipping database odoo_19_test_try as its base version is not 19.0.1.3. 
2026-07-15 13:26:20,355 90371 WARNING theme_test odoo.addons.base.models.ir_cron: Skipping database theme_test as its base version is not 19.0.1.3. 
2026-07-15 13:26:47,343 90371 WARNING 19_theme_setting odoo.addons.base.models.ir_cron: Skipping database 19_theme_setting as its base version is not 19.0.1.3. 
2026-07-15 13:26:47,349 90371 WARNING manas odoo.addons.base.models.ir_cron: Skipping database manas as its base version is not 19.0.1.3. 
2026-07-15 13:26:47,355 90371 WARNING odoo_19_test_try odoo.addons.base.models.ir_cron: Skipping database odoo_19_test_try as its base version is not 19.0.1.3. 
2026-07-15 13:26:47,359 90371 WARNING theme_test odoo.addons.base.models.ir_cron: Skipping database theme_test as its base version is not 19.0.1.3. 
2026-07-15 13:27:21,441 90371 WARNING 19_theme_setting odoo.addons.base.models.ir_cron: Skipping database 19_theme_setting as its base version is not 19.0.1.3. 
2026-07-15 13:27:21,446 90371 WARNING manas odoo.addons.base.models.ir_cron: Skipping database manas as its base version is not 19.0.1.3. 
2026-07-15 13:27:21,450 90371 WARNING odoo_19_test_try odoo.addons.base.models.ir_cron: Skipping database odoo_19_test_try as its base version is not 19.0.1.3. 
2026-07-15 13:27:21,453 90371 WARNING theme_test odoo.addons.base.models.ir_cron: Skipping database theme_test as its base version is not 19.0.1.3. 
2026-07-15 13:27:47,435 90371 WARNING 19_theme_setting odoo.addons.base.models.ir_cron: Skipping database 19_theme_setting as its base version is not 19.0.1.3. 
2026-07-15 13:27:47,440 90371 WARNING manas odoo.addons.base.models.ir_cron: Skipping database manas as its base version is not 19.0.1.3. 
2026-07-15 13:27:47,444 90371 WARNING odoo_19_test_try odoo.addons.base.models.ir_cron: Skipping database odoo_19_test_try as its base version is not 19.0.1.3. 
2026-07-15 13:27:47,461 90371 INFO tezzzzzzzzzzzzzzzzzzzzz odoo.addons.base.models.ir_cron: Job 'Payment: Post-process transactions' (15) starting 
2026-07-15 13:27:47,491 90371 INFO tezzzzzzzzzzzzzzzzzzzzz odoo.addons.base.models.ir_cron: Job 'Payment: Post-process transactions' (15) fully done (#loop 1; done 0; remaining 0; duration 0.03s) 
2026-07-15 13:27:47,497 90371 WARNING theme_test odoo.addons.base.models.ir_cron: Skipping database theme_test as its base version is not 19.0.1.3. 
2026-07-15 13:28:22,538 90371 WARNING 19_theme_setting odoo.addons.base.models.ir_cron: Skipping database 19_theme_setting as its base version is not 19.0.1.3. 
2026-07-15 13:28:22,543 90371 WARNING manas odoo.addons.base.models.ir_cron: Skipping database manas as its base version is not 19.0.1.3. 
2026-07-15 13:28:22,548 90371 WARNING odoo_19_test_try odoo.addons.base.models.ir_cron: Skipping database odoo_19_test_try as its base version is not 19.0.1.3. 
2026-07-15 13:28:22,550 90371 WARNING theme_test odoo.addons.base.models.ir_cron: Skipping database theme_test as its base version is not 19.0.1.3. 
2026-07-15 13:28:47,527 90371 WARNING 19_theme_setting odoo.addons.base.models.ir_cron: Skipping database 19_theme_setting as its base version is not 19.0.1.3. 
2026-07-15 13:28:47,532 90371 WARNING manas odoo.addons.base.models.ir_cron: Skipping database manas as its base version is not 19.0.1.3. 
2026-07-15 13:28:47,537 90371 WARNING odoo_19_test_try odoo.addons.base.models.ir_cron: Skipping database odoo_19_test_try as its base version is not 19.0.1.3. 
2026-07-15 13:28:47,539 90371 WARNING theme_test odoo.addons.base.models.ir_cron: Skipping database theme_test as its base version is not 19.0.1.3. 
2026-07-15 13:29:23,633 90371 WARNING 19_theme_setting odoo.addons.base.models.ir_cron: Skipping database 19_theme_setting as its base version is not 19.0.1.3. 
2026-07-15 13:29:23,637 90371 WARNING manas odoo.addons.base.models.ir_cron: Skipping database manas as its base version is not 19.0.1.3. 
2026-07-15 13:29:23,641 90371 WARNING odoo_19_test_try odoo.addons.base.models.ir_cron: Skipping database odoo_19_test_try as its base version is not 19.0.1.3. 
2026-07-15 13:29:23,643 90371 WARNING theme_test odoo.addons.base.models.ir_cron: Skipping database theme_test as its base version is not 19.0.1.3. 
2026-07-15 13:29:47,575 90371 WARNING 19_theme_setting odoo.addons.base.models.ir_cron: Skipping database 19_theme_setting as its base version is not 19.0.1.3. 
2026-07-15 13:29:47,580 90371 WARNING manas odoo.addons.base.models.ir_cron: Skipping database manas as its base version is not 19.0.1.3. 
2026-07-15 13:29:47,584 90371 WARNING odoo_19_test_try odoo.addons.base.models.ir_cron: Skipping database odoo_19_test_try as its base version is not 19.0.1.3. 
2026-07-15 13:29:47,587 90371 WARNING theme_test odoo.addons.base.models.ir_cron: Skipping database theme_test as its base version is not 19.0.1.3. 
2026-07-15 13:30:24,669 90371 WARNING 19_theme_setting odoo.addons.base.models.ir_cron: Skipping database 19_theme_setting as its base version is not 19.0.1.3. 
2026-07-15 13:30:24,673 90371 WARNING manas odoo.addons.base.models.ir_cron: Skipping database manas as its base version is not 19.0.1.3. 
2026-07-15 13:30:24,678 90371 WARNING odoo_19_test_try odoo.addons.base.models.ir_cron: Skipping database odoo_19_test_try as its base version is not 19.0.1.3. 
2026-07-15 13:30:24,681 90371 WARNING theme_test odoo.addons.base.models.ir_cron: Skipping database theme_test as its base version is not 19.0.1.3. 
2026-07-15 13:30:47,643 90371 WARNING 19_theme_setting odoo.addons.base.models.ir_cron: Skipping database 19_theme_setting as its base version is not 19.0.1.3. 
2026-07-15 13:30:47,649 90371 WARNING manas odoo.addons.base.models.ir_cron: Skipping database manas as its base version is not 19.0.1.3. 
2026-07-15 13:30:47,654 90371 WARNING odoo_19_test_try odoo.addons.base.models.ir_cron: Skipping database odoo_19_test_try as its base version is not 19.0.1.3. 
2026-07-15 13:30:47,656 90371 WARNING theme_test odoo.addons.base.models.ir_cron: Skipping database theme_test as its base version is not 19.0.1.3. 
2026-07-15 13:31:25,754 90371 WARNING 19_theme_setting odoo.addons.base.models.ir_cron: Skipping database 19_theme_setting as its base version is not 19.0.1.3. 
2026-07-15 13:31:25,758 90371 WARNING manas odoo.addons.base.models.ir_cron: Skipping database manas as its base version is not 19.0.1.3. 
2026-07-15 13:31:25,763 90371 WARNING odoo_19_test_try odoo.addons.base.models.ir_cron: Skipping database odoo_19_test_try as its base version is not 19.0.1.3. 
2026-07-15 13:31:25,765 90371 WARNING theme_test odoo.addons.base.models.ir_cron: Skipping database theme_test as its base version is not 19.0.1.3. 
2026-07-15 13:31:47,727 90371 WARNING 19_theme_setting odoo.addons.base.models.ir_cron: Skipping database 19_theme_setting as its base version is not 19.0.1.3. 
2026-07-15 13:31:47,734 90371 WARNING manas odoo.addons.base.models.ir_cron: Skipping database manas as its base version is not 19.0.1.3. 
2026-07-15 13:31:47,739 90371 WARNING odoo_19_test_try odoo.addons.base.models.ir_cron: Skipping database odoo_19_test_try as its base version is not 19.0.1.3. 
2026-07-15 13:31:47,742 90371 WARNING theme_test odoo.addons.base.models.ir_cron: Skipping database theme_test as its base version is not 19.0.1.3. 
2026-07-15 13:32:26,851 90371 WARNING 19_theme_setting odoo.addons.base.models.ir_cron: Skipping database 19_theme_setting as its base version is not 19.0.1.3. 
2026-07-15 13:32:26,856 90371 WARNING manas odoo.addons.base.models.ir_cron: Skipping database manas as its base version is not 19.0.1.3. 
2026-07-15 13:32:26,861 90371 WARNING odoo_19_test_try odoo.addons.base.models.ir_cron: Skipping database odoo_19_test_try as its base version is not 19.0.1.3. 
2026-07-15 13:32:26,864 90371 WARNING theme_test odoo.addons.base.models.ir_cron: Skipping database theme_test as its base version is not 19.0.1.3. 
2026-07-15 13:32:47,818 90371 WARNING 19_theme_setting odoo.addons.base.models.ir_cron: Skipping database 19_theme_setting as its base version is not 19.0.1.3. 
2026-07-15 13:32:47,823 90371 WARNING manas odoo.addons.base.models.ir_cron: Skipping database manas as its base version is not 19.0.1.3. 
2026-07-15 13:32:47,828 90371 WARNING odoo_19_test_try odoo.addons.base.models.ir_cron: Skipping database odoo_19_test_try as its base version is not 19.0.1.3. 
2026-07-15 13:32:47,831 90371 WARNING theme_test odoo.addons.base.models.ir_cron: Skipping database theme_test as its base version is not 19.0.1.3. 
2026-07-15 13:33:27,949 90371 WARNING 19_theme_setting odoo.addons.base.models.ir_cron: Skipping database 19_theme_setting as its base version is not 19.0.1.3. 
2026-07-15 13:33:28,066 90371 INFO demo_testing odoo.modules.loading: loading 1 modules... 
2026-07-15 13:33:28,070 90371 INFO demo_testing odoo.modules.loading: 1 modules loaded in 0.00s, 0 queries (+0 extra) 
2026-07-15 13:33:28,085 90371 INFO demo_testing odoo.modules.loading: loading 60 modules... 
2026-07-15 13:33:28,111 90371 INFO demo_testing odoo.modules.loading: 60 modules loaded in 0.03s, 0 queries (+0 extra) 
2026-07-15 13:33:28,275 90371 INFO demo_testing odoo.modules.loading: Modules loaded. 
2026-07-15 13:33:28,305 90371 INFO demo_testing odoo.registry: Registry loaded in 0.296s 
2026-07-15 13:33:28,307 90371 INFO demo_testing odoo.addons.base.models.ir_cron: Job 'Notification: Notify scheduled messages' (8) starting 
2026-07-15 13:33:28,405 90371 INFO demo_testing odoo.addons.base.models.ir_cron: Job 'Notification: Notify scheduled messages' (8) fully done (#loop 1; done 0; remaining 0; duration 0.10s) 
2026-07-15 13:33:28,440 90371 INFO demo_testing odoo.addons.base.models.ir_cron: Job 'Mail: Email Queue Manager' (3) starting 
2026-07-15 13:33:28,461 90371 INFO demo_testing odoo.addons.base.models.ir_cron: Job 'Mail: Email Queue Manager' (3) fully done (#loop 1; done 0; remaining 0; duration 0.02s) 
2026-07-15 13:33:28,463 90371 WARNING manas odoo.addons.base.models.ir_cron: Skipping database manas as its base version is not 19.0.1.3. 
2026-07-15 13:33:28,469 90371 WARNING odoo_19_test_try odoo.addons.base.models.ir_cron: Skipping database odoo_19_test_try as its base version is not 19.0.1.3. 
2026-07-15 13:33:28,471 90371 WARNING theme_test odoo.addons.base.models.ir_cron: Skipping database theme_test as its base version is not 19.0.1.3. 
2026-07-15 13:33:47,907 90371 WARNING 19_theme_setting odoo.addons.base.models.ir_cron: Skipping database 19_theme_setting as its base version is not 19.0.1.3. 
2026-07-15 13:33:47,912 90371 WARNING manas odoo.addons.base.models.ir_cron: Skipping database manas as its base version is not 19.0.1.3. 
2026-07-15 13:33:47,917 90371 WARNING odoo_19_test_try odoo.addons.base.models.ir_cron: Skipping database odoo_19_test_try as its base version is not 19.0.1.3. 
2026-07-15 13:33:47,921 90371 INFO tezzzzzzzzzzzzzzzzzzzzz odoo.addons.base.models.ir_cron: Job 'eCommerce: send email to customers about their abandoned cart' (32) starting 
2026-07-15 13:33:47,943 90371 INFO tezzzzzzzzzzzzzzzzzzzzz odoo.addons.base.models.ir_cron: Job 'eCommerce: send email to customers about their abandoned cart' (32) fully done (#loop 1; done 0; remaining 0; duration 0.02s) 
2026-07-15 13:33:47,951 90371 INFO tezzzzzzzzzzzzzzzzzzzzz odoo.addons.base.models.ir_cron: Job 'Product: send email regarding products availability' (33) starting 
2026-07-15 13:33:47,994 90371 INFO tezzzzzzzzzzzzzzzzzzzzz odoo.addons.base.models.ir_cron: Job 'Product: send email regarding products availability' (33) fully done (#loop 1; done 0; remaining 0; duration 0.04s) 
2026-07-15 13:33:47,997 90371 WARNING theme_test odoo.addons.base.models.ir_cron: Skipping database theme_test as its base version is not 19.0.1.3. 
2026-07-15 13:34:29,557 90371 WARNING 19_theme_setting odoo.addons.base.models.ir_cron: Skipping database 19_theme_setting as its base version is not 19.0.1.3. 
2026-07-15 13:34:29,561 90371 WARNING manas odoo.addons.base.models.ir_cron: Skipping database manas as its base version is not 19.0.1.3. 
2026-07-15 13:34:29,566 90371 WARNING odoo_19_test_try odoo.addons.base.models.ir_cron: Skipping database odoo_19_test_try as its base version is not 19.0.1.3. 
2026-07-15 13:34:29,569 90371 WARNING theme_test odoo.addons.base.models.ir_cron: Skipping database theme_test as its base version is not 19.0.1.3. 
2026-07-15 13:34:48,073 90371 WARNING 19_theme_setting odoo.addons.base.models.ir_cron: Skipping database 19_theme_setting as its base version is not 19.0.1.3. 
2026-07-15 13:34:48,077 90371 WARNING manas odoo.addons.base.models.ir_cron: Skipping database manas as its base version is not 19.0.1.3. 
2026-07-15 13:34:48,082 90371 WARNING odoo_19_test_try odoo.addons.base.models.ir_cron: Skipping database odoo_19_test_try as its base version is not 19.0.1.3. 
2026-07-15 13:34:48,085 90371 WARNING theme_test odoo.addons.base.models.ir_cron: Skipping database theme_test as its base version is not 19.0.1.3. 
2026-07-15 13:35:30,656 90371 WARNING 19_theme_setting odoo.addons.base.models.ir_cron: Skipping database 19_theme_setting as its base version is not 19.0.1.3. 
2026-07-15 13:35:30,661 90371 WARNING manas odoo.addons.base.models.ir_cron: Skipping database manas as its base version is not 19.0.1.3. 
2026-07-15 13:35:30,666 90371 WARNING odoo_19_test_try odoo.addons.base.models.ir_cron: Skipping database odoo_19_test_try as its base version is not 19.0.1.3. 
2026-07-15 13:35:30,668 90371 WARNING theme_test odoo.addons.base.models.ir_cron: Skipping database theme_test as its base version is not 19.0.1.3. 
2026-07-15 13:35:48,135 90371 WARNING 19_theme_setting odoo.addons.base.models.ir_cron: Skipping database 19_theme_setting as its base version is not 19.0.1.3. 
2026-07-15 13:35:48,139 90371 WARNING manas odoo.addons.base.models.ir_cron: Skipping database manas as its base version is not 19.0.1.3. 
2026-07-15 13:35:48,144 90371 WARNING odoo_19_test_try odoo.addons.base.models.ir_cron: Skipping database odoo_19_test_try as its base version is not 19.0.1.3. 
2026-07-15 13:35:48,147 90371 WARNING theme_test odoo.addons.base.models.ir_cron: Skipping database theme_test as its base version is not 19.0.1.3. 
2026-07-15 13:36:31,729 90371 WARNING 19_theme_setting odoo.addons.base.models.ir_cron: Skipping database 19_theme_setting as its base version is not 19.0.1.3. 
2026-07-15 13:36:31,733 90371 WARNING manas odoo.addons.base.models.ir_cron: Skipping database manas as its base version is not 19.0.1.3. 
2026-07-15 13:36:31,738 90371 WARNING odoo_19_test_try odoo.addons.base.models.ir_cron: Skipping database odoo_19_test_try as its base version is not 19.0.1.3. 
2026-07-15 13:36:31,740 90371 WARNING theme_test odoo.addons.base.models.ir_cron: Skipping database theme_test as its base version is not 19.0.1.3. 
2026-07-15 13:36:39,021 90371 INFO oca_module_testing werkzeug: 127.0.0.1 - - [15/Jul/2026 13:36:39] "GET /web/session/logout HTTP/1.1" 303 - 3 0.001 0.004
2026-07-15 13:36:39,029 90371 INFO oca_module_testing werkzeug: 127.0.0.1 - - [15/Jul/2026 13:36:39] "GET /odoo HTTP/1.1" 303 - 1 0.001 0.003
2026-07-15 13:36:39,326 90371 INFO oca_module_testing werkzeug: 127.0.0.1 - - [15/Jul/2026 13:36:39] "GET /web/login?redirect=/odoo? HTTP/1.1" 200 - 46 0.028 0.262
2026-07-15 13:36:39,854 90371 INFO oca_module_testing werkzeug: 127.0.0.1 - - [15/Jul/2026 13:36:39] "GET /website/translations?hash=&lang= HTTP/1.1" 200 - 5 0.001 0.004
2026-07-15 13:36:39,911 90371 INFO oca_module_testing werkzeug: 127.0.0.1 - - [15/Jul/2026 13:36:39] "POST /mail/data HTTP/1.1" 200 - 3 0.001 0.003
2026-07-15 13:36:40,072 90371 INFO oca_module_testing werkzeug: 127.0.0.1 - - [15/Jul/2026 13:36:40] "GET /web/service-worker.js HTTP/1.1" 200 - 2 0.001 0.002
2026-07-15 13:36:40,076 90371 INFO oca_module_testing werkzeug: 127.0.0.1 - - [15/Jul/2026 13:36:40] "GET /web/service-worker.js HTTP/1.1" 200 - 2 0.001 0.002
2026-07-15 13:36:40,101 90371 INFO oca_module_testing werkzeug: 127.0.0.1 - - [15/Jul/2026 13:36:40] "GET /odoo/offline HTTP/1.1" 200 - 7 0.003 0.010
2026-07-15 13:36:40,104 90371 INFO oca_module_testing werkzeug: 127.0.0.1 - - [15/Jul/2026 13:36:40] "GET /odoo HTTP/1.1" 303 - 1 0.002 0.015
2026-07-15 13:36:40,122 90371 INFO oca_module_testing werkzeug: 127.0.0.1 - - [15/Jul/2026 13:36:40] "GET /web/login?redirect=/odoo? HTTP/1.1" 200 - 4 0.003 0.013
2026-07-15 13:36:48,234 90371 WARNING 19_theme_setting odoo.addons.base.models.ir_cron: Skipping database 19_theme_setting as its base version is not 19.0.1.3. 
2026-07-15 13:36:48,240 90371 WARNING manas odoo.addons.base.models.ir_cron: Skipping database manas as its base version is not 19.0.1.3. 
2026-07-15 13:36:48,248 90371 WARNING odoo_19_test_try odoo.addons.base.models.ir_cron: Skipping database odoo_19_test_try as its base version is not 19.0.1.3. 
2026-07-15 13:36:48,250 90371 WARNING theme_test odoo.addons.base.models.ir_cron: Skipping database theme_test as its base version is not 19.0.1.3. 
2026-07-15 13:36:48,724 90371 INFO oca_module_testing odoo.addons.base.models.res_users: Login successful for login:admin from 127.0.0.1 
2026-07-15 13:36:48,727 90371 INFO oca_module_testing werkzeug: 127.0.0.1 - - [15/Jul/2026 13:36:48] "POST /web/login HTTP/1.1" 303 - 22 0.011 0.510
2026-07-15 13:36:48,736 90371 INFO oca_module_testing odoo.addons.base.models.res_device: User 2 inserts device log (J_RcikznP0i5ULcQvGhyYEwHCYLA1bJ4832s_-N9ay) 
2026-07-15 13:36:48,752 90371 INFO oca_module_testing werkzeug: 127.0.0.1 - - [15/Jul/2026 13:36:48] "GET /odoo HTTP/1.1" 200 - 22 0.006 0.013
2026-07-15 13:36:48,802 90371 INFO oca_module_testing werkzeug: 127.0.0.1 - - [15/Jul/2026 13:36:48] "GET /web/webclient/load_menus HTTP/1.1" 200 - 12 0.007 0.016
2026-07-15 13:36:48,975 90371 INFO oca_module_testing werkzeug: 127.0.0.1 - - [15/Jul/2026 13:36:48] "GET /web/webclient/translations?hash=309395e7b381598b2edc4f4c75a99a6d285ecbd8&lang=en_US HTTP/1.1" 200 - 1 0.000 0.002
2026-07-15 13:36:49,090 90371 INFO oca_module_testing werkzeug: 127.0.0.1 - - [15/Jul/2026 13:36:49] "POST /web/action/load HTTP/1.1" 200 - 7 0.005 0.019
2026-07-15 13:36:49,090 90371 INFO oca_module_testing werkzeug: 127.0.0.1 - - [15/Jul/2026 13:36:49] "GET /web/image?model=res.users&field=avatar_128&id=2 HTTP/1.1" 304 - 9 0.012 0.012
2026-07-15 13:36:49,099 90371 INFO oca_module_testing werkzeug: 127.0.0.1 - - [15/Jul/2026 13:36:49] "GET /bus/websocket_worker_bundle?v=19.0-2 HTTP/1.1" 304 - 3 0.005 0.022
2026-07-15 13:36:49,127 90371 INFO oca_module_testing werkzeug: 127.0.0.1 - - [15/Jul/2026 13:36:49] "POST /mail/data HTTP/1.1" 200 - 39 0.024 0.034
2026-07-15 13:36:49,174 90371 INFO oca_module_testing werkzeug: 127.0.0.1 - - [15/Jul/2026 13:36:49] "GET /websocket?version=19.0-2 HTTP/1.1" 101 - 1 0.000 0.003
2026-07-15 13:36:49,196 90371 INFO oca_module_testing werkzeug: 127.0.0.1 - - [15/Jul/2026 13:36:49] "POST /web/dataset/call_kw/account.move/get_analytix_dashboard_data#account.move.get_analytix_dashboard_data HTTP/1.1" 200 - 29 0.011 0.015
2026-07-15 13:36:49,201 90371 INFO oca_module_testing odoo.addons.base.models.ir_model: Access Denied by ACLs for operation: read, uid: 2, model: analytix.document 
2026-07-15 13:36:49,203 90371 WARNING oca_module_testing odoo.http: You are not allowed to access 'Analytix Finance Document' (analytix.document) records.

No group currently allows this operation.

Contact your administrator to request access if necessary. 
2026-07-15 13:36:49,203 90371 INFO oca_module_testing werkzeug: 127.0.0.1 - - [15/Jul/2026 13:36:49] "POST /web/dataset/call_kw/analytix.document/get_analytix_documents_list#analytix.document.get_analytix_documents_list HTTP/1.1" 200 - 3 0.001 0.003
2026-07-15 13:36:49,734 90371 INFO oca_module_testing werkzeug: 127.0.0.1 - - [15/Jul/2026 13:36:49] "GET /web/service-worker.js HTTP/1.1" 200 - 1 0.000 0.001
2026-07-15 13:36:49,835 90371 INFO oca_module_testing werkzeug: 127.0.0.1 - - [15/Jul/2026 13:36:49] "GET /web/service-worker.js HTTP/1.1" 200 - 1 0.001 0.002
2026-07-15 13:36:49,854 90371 INFO oca_module_testing werkzeug: 127.0.0.1 - - [15/Jul/2026 13:36:49] "GET /odoo/offline HTTP/1.1" 200 - 2 0.002 0.004
2026-07-15 13:36:49,869 90371 INFO oca_module_testing werkzeug: 127.0.0.1 - - [15/Jul/2026 13:36:49] "GET /odoo HTTP/1.1" 200 - 22 0.008 0.013
2026-07-15 13:36:52,249 90371 INFO oca_module_testing werkzeug: 127.0.0.1 - - [15/Jul/2026 13:36:52] "POST /web/action/load HTTP/1.1" 200 - 11 0.004 0.008
2026-07-15 13:36:52,330 90371 INFO oca_module_testing werkzeug: 127.0.0.1 - - [15/Jul/2026 13:36:52] "POST /web/dataset/call_kw/ir.module.module/get_views#ir.module.module.get_views HTTP/1.1" 200 - 37 0.015 0.032
2026-07-15 13:36:52,344 90371 INFO oca_module_testing werkzeug: 127.0.0.1 - - [15/Jul/2026 13:36:52] "POST /web/dataset/call_kw/ir.module.module/search_panel_select_range#ir.module.module.search_panel_select_range HTTP/1.1" 200 - 1 0.001 0.003
2026-07-15 13:36:52,378 90371 INFO oca_module_testing werkzeug: 127.0.0.1 - - [15/Jul/2026 13:36:52] "POST /web/dataset/call_kw/ir.module.module/web_search_read#ir.module.module.web_search_read HTTP/1.1" 200 - 3 0.004 0.024
2026-07-15 13:36:52,384 90371 INFO oca_module_testing werkzeug: 127.0.0.1 - - [15/Jul/2026 13:36:52] "POST /web/dataset/call_kw/ir.module.module/search_panel_select_range#ir.module.module.search_panel_select_range HTTP/1.1" 200 - 51 0.024 0.019
2026-07-15 13:36:52,389 90371 INFO oca_module_testing werkzeug: 127.0.0.1 - - [15/Jul/2026 13:36:52] "POST /web/dataset/call_kw/ir.module.module/check_module_update#ir.module.module.check_module_update HTTP/1.1" 200 - 2 0.001 0.003
2026-07-15 13:36:52,463 90371 INFO oca_module_testing werkzeug: 127.0.0.1 - - [15/Jul/2026 13:36:52] "POST /web/dataset/call_kw/ir.module.module/check_module_update#ir.module.module.check_module_update HTTP/1.1" 200 - 2 0.001 0.003
2026-07-15 13:36:57,395 90371 INFO oca_module_testing werkzeug: 127.0.0.1 - - [15/Jul/2026 13:36:57] "GET /odoo/apps HTTP/1.1" 200 - 22 0.007 0.017
2026-07-15 13:36:57,447 90371 INFO oca_module_testing werkzeug: 127.0.0.1 - - [15/Jul/2026 13:36:57] "GET /web/webclient/load_menus HTTP/1.1" 200 - 1 0.001 0.005
2026-07-15 13:36:57,696 90371 INFO oca_module_testing werkzeug: 127.0.0.1 - - [15/Jul/2026 13:36:57] "GET /web/webclient/translations?hash=309395e7b381598b2edc4f4c75a99a6d285ecbd8&lang=en_US HTTP/1.1" 200 - 1 0.001 0.003
2026-07-15 13:36:57,827 90371 INFO oca_module_testing werkzeug: 127.0.0.1 - - [15/Jul/2026 13:36:57] "GET /web/image?model=res.users&field=avatar_128&id=2 HTTP/1.1" 304 - 9 0.006 0.012
2026-07-15 13:36:57,858 90371 INFO oca_module_testing werkzeug: 127.0.0.1 - - [15/Jul/2026 13:36:57] "GET /bus/websocket_worker_bundle?v=19.0-2 HTTP/1.1" 304 - 3 0.005 0.032
2026-07-15 13:36:57,859 90371 INFO oca_module_testing werkzeug: 127.0.0.1 - - [15/Jul/2026 13:36:57] "POST /web/dataset/call_kw/ir.module.module/search_panel_select_range#ir.module.module.search_panel_select_range HTTP/1.1" 200 - 1 0.001 0.032
2026-07-15 13:36:57,860 90371 INFO oca_module_testing werkzeug: 127.0.0.1 - - [15/Jul/2026 13:36:57] "POST /web/dataset/call_kw/ir.module.module/get_views#ir.module.module.get_views HTTP/1.1" 200 - 2 0.003 0.046
2026-07-15 13:36:57,882 90371 INFO oca_module_testing werkzeug: 127.0.0.1 - - [15/Jul/2026 13:36:57] "POST /web/dataset/call_kw/ir.module.module/check_module_update#ir.module.module.check_module_update HTTP/1.1" 200 - 2 0.003 0.010
2026-07-15 13:36:57,891 90371 INFO oca_module_testing werkzeug: 127.0.0.1 - - [15/Jul/2026 13:36:57] "POST /mail/data HTTP/1.1" 200 - 39 0.036 0.036
2026-07-15 13:36:57,893 90371 INFO oca_module_testing werkzeug: 127.0.0.1 - - [15/Jul/2026 13:36:57] "GET /websocket?version=19.0-2 HTTP/1.1" 101 - 1 0.001 0.008
2026-07-15 13:36:57,904 90371 INFO oca_module_testing werkzeug: 127.0.0.1 - - [15/Jul/2026 13:36:57] "POST /web/dataset/call_kw/ir.module.module/web_search_read#ir.module.module.web_search_read HTTP/1.1" 200 - 3 0.008 0.066
2026-07-15 13:36:57,913 90371 INFO oca_module_testing werkzeug: 127.0.0.1 - - [15/Jul/2026 13:36:57] "POST /web/dataset/call_kw/ir.module.module/search_panel_select_range#ir.module.module.search_panel_select_range HTTP/1.1" 200 - 48 0.040 0.045
2026-07-15 13:36:57,939 90371 INFO oca_module_testing werkzeug: 127.0.0.1 - - [15/Jul/2026 13:36:57] "POST /web/dataset/call_kw/ir.module.module/check_module_update#ir.module.module.check_module_update HTTP/1.1" 200 - 2 0.001 0.002
2026-07-15 13:36:58,428 90371 INFO oca_module_testing werkzeug: 127.0.0.1 - - [15/Jul/2026 13:36:58] "GET /web/service-worker.js HTTP/1.1" 200 - 1 0.000 0.003
2026-07-15 13:37:00,568 90371 INFO oca_module_testing werkzeug: 127.0.0.1 - - [15/Jul/2026 13:37:00] "GET /odoo/apps?debug=1 HTTP/1.1" 200 - 22 0.009 0.019
2026-07-15 13:37:00,637 90371 INFO oca_module_testing werkzeug: 127.0.0.1 - - [15/Jul/2026 13:37:00] "GET /web/webclient/load_menus HTTP/1.1" 200 - 1 0.001 0.023
2026-07-15 13:37:00,907 90371 INFO oca_module_testing werkzeug: 127.0.0.1 - - [15/Jul/2026 13:37:00] "GET /web/webclient/translations?hash=309395e7b381598b2edc4f4c75a99a6d285ecbd8&lang=en_US HTTP/1.1" 200 - 1 0.001 0.002
2026-07-15 13:37:01,032 90371 INFO oca_module_testing werkzeug: 127.0.0.1 - - [15/Jul/2026 13:37:01] "GET /web/image?model=res.users&field=avatar_128&id=2 HTTP/1.1" 304 - 9 0.005 0.013
2026-07-15 13:37:01,038 90371 INFO oca_module_testing werkzeug: 127.0.0.1 - - [15/Jul/2026 13:37:01] "GET /bus/websocket_worker_bundle?v=19.0-2 HTTP/1.1" 304 - 3 0.003 0.008
2026-07-15 13:37:01,042 90371 INFO oca_module_testing werkzeug: 127.0.0.1 - - [15/Jul/2026 13:37:01] "POST /web/dataset/call_kw/ir.module.module/get_views#ir.module.module.get_views HTTP/1.1" 200 - 2 0.002 0.022
2026-07-15 13:37:01,057 90371 INFO oca_module_testing werkzeug: 127.0.0.1 - - [15/Jul/2026 13:37:01] "POST /web/dataset/call_kw/ir.module.module/search_panel_select_range#ir.module.module.search_panel_select_range HTTP/1.1" 200 - 1 0.001 0.004
2026-07-15 13:37:01,085 90371 INFO oca_module_testing werkzeug: 127.0.0.1 - - [15/Jul/2026 13:37:01] "POST /mail/data HTTP/1.1" 200 - 39 0.028 0.034
2026-07-15 13:37:01,096 90371 INFO oca_module_testing werkzeug: 127.0.0.1 - - [15/Jul/2026 13:37:01] "POST /web/dataset/call_kw/ir.module.module/check_module_update#ir.module.module.check_module_update HTTP/1.1" 200 - 2 0.002 0.003
2026-07-15 13:37:01,104 90371 INFO oca_module_testing werkzeug: 127.0.0.1 - - [15/Jul/2026 13:37:01] "POST /web/dataset/call_kw/ir.module.module/web_search_read#ir.module.module.web_search_read HTTP/1.1" 200 - 3 0.004 0.039
2026-07-15 13:37:01,105 90371 INFO oca_module_testing werkzeug: 127.0.0.1 - - [15/Jul/2026 13:37:01] "POST /web/dataset/call_kw/ir.module.module/search_panel_select_range#ir.module.module.search_panel_select_range HTTP/1.1" 200 - 50 0.025 0.024
2026-07-15 13:37:01,167 90371 INFO oca_module_testing werkzeug: 127.0.0.1 - - [15/Jul/2026 13:37:01] "POST /web/dataset/call_kw/ir.module.module/check_module_update#ir.module.module.check_module_update HTTP/1.1" 200 - 2 0.001 0.002
2026-07-15 13:37:01,224 90371 INFO oca_module_testing werkzeug: 127.0.0.1 - - [15/Jul/2026 13:37:01] "GET /websocket?version=19.0-2 HTTP/1.1" 101 - 1 0.000 0.002
2026-07-15 13:37:01,576 90371 INFO oca_module_testing werkzeug: 127.0.0.1 - - [15/Jul/2026 13:37:01] "GET /web/service-worker.js HTTP/1.1" 200 - 1 0.000 0.002
2026-07-15 13:37:01,727 90371 INFO oca_module_testing werkzeug: 127.0.0.1 - - [15/Jul/2026 13:37:01] "POST /web/action/load HTTP/1.1" 200 - 10 0.002 0.005
2026-07-15 13:37:01,750 90371 INFO oca_module_testing werkzeug: 127.0.0.1 - - [15/Jul/2026 13:37:01] "POST /web/dataset/call_kw/base.module.update/get_views#base.module.update.get_views HTTP/1.1" 200 - 11 0.005 0.007
2026-07-15 13:37:01,762 90371 INFO oca_module_testing werkzeug: 127.0.0.1 - - [15/Jul/2026 13:37:01] "POST /web/dataset/call_kw/base.module.update/onchange#base.module.update.onchange HTTP/1.1" 200 - 2 0.001 0.002
2026-07-15 13:37:02,815 90371 INFO oca_module_testing werkzeug: 127.0.0.1 - - [15/Jul/2026 13:37:02] "POST /web/dataset/call_kw/base.module.update/web_save#base.module.update.web_save HTTP/1.1" 200 - 5 0.006 0.003
2026-07-15 13:37:02,823 90371 INFO oca_module_testing odoo.addons.base.models.ir_module: ALLOW access to module.update_list on [] to user admin #2 via 127.0.0.1 
2026-07-15 13:37:02,936 90371 WARNING oca_module_testing odoo.modules.module: Missing `author` key in manifest for 'analytix_finance_dashboard', defaulting to '' 
2026-07-15 13:37:02,967 90371 WARNING oca_module_testing odoo.modules.module: Missing `license` key in manifest for 'document_automate', defaulting to LGPL-3 
2026-07-15 13:37:02,967 90371 WARNING oca_module_testing odoo.modules.module: Missing `license` key in manifest for 'document_automate', defaulting to LGPL-3 
2026-07-15 13:37:03,549 90371 INFO oca_module_testing werkzeug: 127.0.0.1 - - [15/Jul/2026 13:37:03] "POST /web/dataset/call_button/base.module.update/update_module#base.module.update.update_module HTTP/1.1" 200 - 1575 0.321 0.407
2026-07-15 13:37:04,190 90371 INFO oca_module_testing werkzeug: 127.0.0.1 - - [15/Jul/2026 13:37:04] "POST /web/dataset/call_kw/ir.module.module/search_panel_select_range#ir.module.module.search_panel_select_range HTTP/1.1" 200 - 50 0.013 0.011
2026-07-15 13:37:04,194 90371 INFO oca_module_testing werkzeug: 127.0.0.1 - - [15/Jul/2026 13:37:04] "POST /web/dataset/call_kw/ir.module.module/web_search_read#ir.module.module.web_search_read HTTP/1.1" 200 - 4 0.004 0.022
2026-07-15 13:37:04,243 90371 INFO oca_module_testing werkzeug: 127.0.0.1 - - [15/Jul/2026 13:37:04] "POST /web/dataset/call_kw/ir.module.module/check_module_update#ir.module.module.check_module_update HTTP/1.1" 200 - 2 0.001 0.002
2026-07-15 13:37:09,721 90371 INFO oca_module_testing werkzeug: 127.0.0.1 - - [15/Jul/2026 13:37:09] "POST /web/dataset/call_kw/ir.module.module/search_panel_select_range#ir.module.module.search_panel_select_range HTTP/1.1" 200 - 50 0.014 0.017
2026-07-15 13:37:09,737 90371 INFO oca_module_testing werkzeug: 127.0.0.1 - - [15/Jul/2026 13:37:09] "POST /web/dataset/call_kw/ir.module.module/web_search_read#ir.module.module.web_search_read HTTP/1.1" 200 - 3 0.005 0.006
2026-07-15 13:37:09,754 90371 INFO oca_module_testing werkzeug: 127.0.0.1 - - [15/Jul/2026 13:37:09] "POST /web/dataset/call_kw/ir.module.module/check_module_update#ir.module.module.check_module_update HTTP/1.1" 200 - 2 0.001 0.002
2026-07-15 13:37:12,977 90371 INFO oca_module_testing odoo.addons.base.models.ir_module: ALLOW access to module.button_immediate_install on ['Document Automate'] to user admin #2 via 127.0.0.1 
2026-07-15 13:37:12,977 90371 INFO oca_module_testing odoo.addons.base.models.ir_module: User #2 triggered module installation 
2026-07-15 13:37:12,978 90371 INFO oca_module_testing odoo.addons.base.models.ir_module: ALLOW access to module.button_install on ['Document Automate'] to user admin #2 via 127.0.0.1 
2026-07-15 13:37:13,042 90371 INFO oca_module_testing odoo.modules.loading: loading 1 modules... 
2026-07-15 13:37:13,047 90371 INFO oca_module_testing odoo.modules.loading: 1 modules loaded in 0.00s, 0 queries (+0 extra) 
2026-07-15 13:37:13,078 90371 INFO oca_module_testing odoo.modules.loading: updating modules list 
2026-07-15 13:37:13,080 90371 INFO oca_module_testing odoo.addons.base.models.ir_module: ALLOW access to module.update_list on [] to user __system__ #1 via 127.0.0.1 
2026-07-15 13:37:13,241 90371 WARNING oca_module_testing odoo.modules.module: Missing `author` key in manifest for 'analytix_finance_dashboard', defaulting to '' 
2026-07-15 13:37:13,294 90371 WARNING oca_module_testing odoo.modules.module: Missing `license` key in manifest for 'document_automate', defaulting to LGPL-3 
2026-07-15 13:37:14,023 90371 INFO oca_module_testing odoo.modules.loading: loading 86 modules... 
2026-07-15 13:37:14,064 90371 INFO oca_module_testing odoo.modules.loading: Loading module document_automate (86/86) 
2026-07-15 13:37:14,212 90371 INFO oca_module_testing odoo.registry: module document_automate: creating or updating database tables 
2026-07-15 13:37:14,298 90371 INFO oca_module_testing odoo.modules.loading: loading document_automate/security/ir.model.access.csv 
2026-07-15 13:37:14,308 90371 INFO oca_module_testing odoo.modules.loading: loading document_automate/views/document_automate_views.xml 
2026-07-15 13:37:14,369 90371 INFO oca_module_testing odoo.addons.base.models.ir_module: module document_automate: no translation for language ar_001 
2026-07-15 13:37:14,376 90371 INFO oca_module_testing odoo.modules.loading: Module document_automate loaded in 0.31s, 90 queries (+90 other) 
2026-07-15 13:37:14,376 90371 INFO oca_module_testing odoo.modules.loading: 86 modules loaded in 0.35s, 90 queries (+90 extra) 
2026-07-15 13:37:14,653 90371 INFO oca_module_testing odoo.registry: verifying fields for every extended model 
2026-07-15 13:37:15,147 90371 INFO oca_module_testing odoo.modules.loading: Modules loaded. 
2026-07-15 13:37:15,163 90371 INFO oca_module_testing odoo.registry: Registry changed, signaling through the database 
2026-07-15 13:37:15,164 90371 INFO oca_module_testing odoo.registry: Registry loaded in 2.139s 
2026-07-15 13:37:15,164 90371 INFO oca_module_testing odoo.addons.base.models.ir_module: getting next ir.actions.todo() 
2026-07-15 13:37:15,180 90371 INFO oca_module_testing werkzeug: 127.0.0.1 - - [15/Jul/2026 13:37:15] "POST /web/dataset/call_button/ir.module.module/button_immediate_install#ir.module.module.button_immediate_install HTTP/1.1" 200 - 3059 1.125 1.082
2026-07-15 13:37:15,189 90371 INFO oca_module_testing odoo.addons.base.models.ir_http: Generating routing map for key None 
2026-07-15 13:37:15,476 90371 INFO oca_module_testing werkzeug: 127.0.0.1 - - [15/Jul/2026 13:37:15] "GET /odoo HTTP/1.1" 200 - 78 0.023 0.265
2026-07-15 13:37:15,543 90371 INFO oca_module_testing werkzeug: 127.0.0.1 - - [15/Jul/2026 13:37:15] "GET /web/webclient/load_menus HTTP/1.1" 200 - 13 0.010 0.028
2026-07-15 13:37:15,722 90371 INFO oca_module_testing werkzeug: 127.0.0.1 - - [15/Jul/2026 13:37:15] "GET /web/webclient/translations?hash=&lang=en_US HTTP/1.1" 200 - 2 0.001 0.003
2026-07-15 13:37:15,836 90371 INFO oca_module_testing werkzeug: 127.0.0.1 - - [15/Jul/2026 13:37:15] "POST /web/action/load HTTP/1.1" 200 - 7 0.010 0.007
2026-07-15 13:37:15,844 90371 INFO oca_module_testing werkzeug: 127.0.0.1 - - [15/Jul/2026 13:37:15] "GET /bus/websocket_worker_bundle?v=19.0-2 HTTP/1.1" 304 - 4 0.010 0.011
2026-07-15 13:37:15,850 90371 INFO oca_module_testing werkzeug: 127.0.0.1 - - [15/Jul/2026 13:37:15] "GET /web/image?model=res.users&field=avatar_128&id=2 HTTP/1.1" 304 - 16 0.018 0.013
2026-07-15 13:37:15,887 90371 INFO oca_module_testing werkzeug: 127.0.0.1 - - [15/Jul/2026 13:37:15] "POST /mail/data HTTP/1.1" 200 - 64 0.034 0.032
2026-07-15 13:37:15,940 90371 INFO oca_module_testing werkzeug: 127.0.0.1 - - [15/Jul/2026 13:37:15] "GET /websocket?version=19.0-2 HTTP/1.1" 101 - 1 0.001 0.005
2026-07-15 13:37:15,960 90371 INFO oca_module_testing werkzeug: 127.0.0.1 - - [15/Jul/2026 13:37:15] "POST /web/dataset/call_kw/account.move/get_analytix_dashboard_data#account.move.get_analytix_dashboard_data HTTP/1.1" 200 - 29 0.010 0.015
2026-07-15 13:37:15,966 90371 INFO oca_module_testing odoo.addons.base.models.ir_model: Access Denied by ACLs for operation: read, uid: 2, model: analytix.document 
2026-07-15 13:37:15,968 90371 WARNING oca_module_testing odoo.http: You are not allowed to access 'Analytix Finance Document' (analytix.document) records.

No group currently allows this operation.

Contact your administrator to request access if necessary. 
2026-07-15 13:37:15,968 90371 INFO oca_module_testing werkzeug: 127.0.0.1 - - [15/Jul/2026 13:37:15] "POST /web/dataset/call_kw/analytix.document/get_analytix_documents_list#analytix.document.get_analytix_documents_list HTTP/1.1" 200 - 4 0.001 0.003
2026-07-15 13:37:16,501 90371 INFO oca_module_testing werkzeug: 127.0.0.1 - - [15/Jul/2026 13:37:16] "GET /web/service-worker.js HTTP/1.1" 200 - 1 0.000 0.002
2026-07-15 13:37:22,472 90371 INFO oca_module_testing werkzeug: 127.0.0.1 - - [15/Jul/2026 13:37:22] "POST /web/action/load HTTP/1.1" 200 - 10 0.004 0.007
2026-07-15 13:37:22,527 90371 INFO oca_module_testing werkzeug: 127.0.0.1 - - [15/Jul/2026 13:37:22] "POST /web/dataset/call_kw/document.automate/get_views#document.automate.get_views HTTP/1.1" 200 - 22 0.011 0.015
2026-07-15 13:37:22,547 90371 INFO oca_module_testing werkzeug: 127.0.0.1 - - [15/Jul/2026 13:37:22] "POST /web/dataset/call_kw/document.automate/web_search_read#document.automate.web_search_read HTTP/1.1" 200 - 3 0.002 0.003
2026-07-15 13:37:22,604 90371 INFO ? werkzeug: 127.0.0.1 - - [15/Jul/2026 13:37:22] "GET /web/static/img/smiling_face.svg HTTP/1.1" 200 - 0 0.000 0.003
2026-07-15 13:37:25,160 90371 INFO oca_module_testing werkzeug: 127.0.0.1 - - [15/Jul/2026 13:37:25] "POST /web/dataset/call_kw/document.automate/onchange#document.automate.onchange HTTP/1.1" 200 - 2 0.001 0.003
2026-07-15 13:37:32,766 90371 WARNING 19_theme_setting odoo.addons.base.models.ir_cron: Skipping database 19_theme_setting as its base version is not 19.0.1.3. 
2026-07-15 13:37:32,771 90371 WARNING manas odoo.addons.base.models.ir_cron: Skipping database manas as its base version is not 19.0.1.3. 
2026-07-15 13:37:32,776 90371 WARNING odoo_19_test_try odoo.addons.base.models.ir_cron: Skipping database odoo_19_test_try as its base version is not 19.0.1.3. 
2026-07-15 13:37:32,780 90371 INFO tezzzzzzzzzzzzzzzzzzzzz odoo.addons.base.models.ir_cron: Job 'Payment: Post-process transactions' (15) starting 
2026-07-15 13:37:32,793 90371 INFO tezzzzzzzzzzzzzzzzzzzzz odoo.addons.base.models.ir_cron: Job 'Payment: Post-process transactions' (15) fully done (#loop 1; done 0; remaining 0; duration 0.01s) 
2026-07-15 13:37:32,798 90371 WARNING theme_test odoo.addons.base.models.ir_cron: Skipping database theme_test as its base version is not 19.0.1.3. 
2026-07-15 13:37:48,321 90371 WARNING 19_theme_setting odoo.addons.base.models.ir_cron: Skipping database 19_theme_setting as its base version is not 19.0.1.3. 
2026-07-15 13:37:48,325 90371 WARNING manas odoo.addons.base.models.ir_cron: Skipping database manas as its base version is not 19.0.1.3. 
2026-07-15 13:37:48,328 90371 WARNING odoo_19_test_try odoo.addons.base.models.ir_cron: Skipping database odoo_19_test_try as its base version is not 19.0.1.3. 
2026-07-15 13:37:48,370 90371 INFO self_login odoo.modules.loading: loading 1 modules... 
2026-07-15 13:37:48,373 90371 INFO self_login odoo.modules.loading: 1 modules loaded in 0.00s, 0 queries (+0 extra) 
2026-07-15 13:37:48,382 90371 INFO self_login odoo.modules.loading: loading 57 modules... 
2026-07-15 13:37:48,399 90371 INFO self_login odoo.modules.loading: 57 modules loaded in 0.02s, 0 queries (+0 extra) 
2026-07-15 13:37:48,510 90371 INFO self_login odoo.modules.loading: Modules loaded. 
2026-07-15 13:37:48,534 90371 INFO self_login odoo.registry: Registry loaded in 0.198s 
2026-07-15 13:37:48,536 90371 INFO self_login odoo.addons.base.models.ir_cron: Job 'Notification: Notify scheduled messages' (8) starting 
2026-07-15 13:37:48,599 90371 INFO self_login odoo.addons.base.models.ir_cron: Job 'Notification: Notify scheduled messages' (8) fully done (#loop 1; done 0; remaining 0; duration 0.06s) 
2026-07-15 13:37:48,622 90371 INFO self_login odoo.addons.base.models.ir_cron: Job 'Mail: Email Queue Manager' (3) starting 
2026-07-15 13:37:48,634 90371 INFO self_login odoo.addons.base.models.ir_cron: Job 'Mail: Email Queue Manager' (3) fully done (#loop 1; done 0; remaining 0; duration 0.01s) 
2026-07-15 13:37:48,637 90371 WARNING theme_test odoo.addons.base.models.ir_cron: Skipping database theme_test as its base version is not 19.0.1.3. 
2026-07-15 13:38:06,444 90371 INFO oca_module_testing werkzeug: 127.0.0.1 - - [15/Jul/2026 13:38:06] "POST /web/dataset/call_kw/document.automate/web_save#document.automate.web_save HTTP/1.1" 200 - 9 0.003 0.008
2026-07-15 13:38:11,943 90371 WARNING oca_module_testing odoo.http: Failed to process document with AI Agent: AI Agent Error (400): {
  "error": {
    "code": 400,
    "message": "API key not valid. Please pass a valid API key.",
    "status": "INVALID_ARGUMENT",
    "details": [
      {
        "@type": "type.googleapis.com/google.rpc.ErrorInfo",
        "reason": "API_KEY_INVALID",
        "domain": "googleapis.com",
        "metadata": {
          "service": "generativelanguage.googleapis.com"
        }
      },
      {
        "@type": "type.googleapis.com/google.rpc.LocalizedMessage",
        "locale": "en-US",
        "message": "API key not valid. Please pass a valid API key."
      }
    ]
  }
}
 
2026-07-15 13:38:11,944 90371 INFO oca_module_testing werkzeug: 127.0.0.1 - - [15/Jul/2026 13:38:11] "POST /web/dataset/call_button/document.automate/action_process_document#document.automate.action_process_document HTTP/1.1" 200 - 3 0.001 0.786
2026-07-15 13:38:33,882 90371 WARNING 19_theme_setting odoo.addons.base.models.ir_cron: Skipping database 19_theme_setting as its base version is not 19.0.1.3. 
2026-07-15 13:38:33,887 90371 WARNING manas odoo.addons.base.models.ir_cron: Skipping database manas as its base version is not 19.0.1.3. 
2026-07-15 13:38:33,892 90371 INFO oca_module_testing odoo.addons.base.models.ir_cron: Job 'Base: Auto-vacuum internal data' (1) starting 
2026-07-15 13:38:34,187 90371 INFO oca_module_testing odoo.addons.base.models.res_users: GC'd 1 user log entries 
2026-07-15 13:38:34,198 90371 INFO oca_module_testing odoo.addons.base.models.res_device: GC device logs delete 0 entries 
2026-07-15 13:38:34,224 90371 INFO oca_module_testing odoo.addons.base.models.ir_attachment: filestore gc 0 checked, 0 removed 
2026-07-15 13:38:34,267 90371 INFO oca_module_testing odoo.addons.base.models.res_users: GC 'auth_totp.device' delete 0 entries 
2026-07-15 13:38:34,498 90371 INFO oca_module_testing odoo.addons.base.models.res_device: GC device logs delete 0 entries 
2026-07-15 13:38:34,504 90371 INFO oca_module_testing odoo.addons.sms.models.sms_sms: GC'd 0 sms marked for deletion 
2026-07-15 13:38:34,531 90371 INFO oca_module_testing odoo.addons.api_doc.models.ir_attachment: GC'd 0 /doc cached index 
2026-07-15 13:38:34,593 90371 INFO oca_module_testing odoo.addons.base.models.res_users: GC 'res.users.apikeys' delete 0 entries 
2026-07-15 13:38:34,629 90371 INFO oca_module_testing odoo.addons.base.models.ir_cron: Job 'Base: Auto-vacuum internal data' (1) fully done (#loop 1; done 129; remaining 0; duration 0.74s) 
2026-07-15 13:38:34,632 90371 WARNING odoo_19_test_try odoo.addons.base.models.ir_cron: Skipping database odoo_19_test_try as its base version is not 19.0.1.3. 
2026-07-15 13:38:34,635 90371 WARNING theme_test odoo.addons.base.models.ir_cron: Skipping database theme_test as its base version is not 19.0.1.3. 
2026-07-15 13:38:48,653 90371 WARNING 19_theme_setting odoo.addons.base.models.ir_cron: Skipping database 19_theme_setting as its base version is not 19.0.1.3. 
2026-07-15 13:38:48,657 90371 WARNING manas odoo.addons.base.models.ir_cron: Skipping database manas as its base version is not 19.0.1.3. 
2026-07-15 13:38:48,660 90371 WARNING odoo_19_test_try odoo.addons.base.models.ir_cron: Skipping database odoo_19_test_try as its base version is not 19.0.1.3. 
2026-07-15 13:38:48,662 90371 WARNING theme_test odoo.addons.base.models.ir_cron: Skipping database theme_test as its base version is not 19.0.1.3. 
2026-07-15 13:39:35,698 90371 WARNING 19_theme_setting odoo.addons.base.models.ir_cron: Skipping database 19_theme_setting as its base version is not 19.0.1.3. 
2026-07-15 13:39:35,701 90371 WARNING manas odoo.addons.base.models.ir_cron: Skipping database manas as its base version is not 19.0.1.3. 
2026-07-15 13:39:35,705 90371 WARNING odoo_19_test_try odoo.addons.base.models.ir_cron: Skipping database odoo_19_test_try as its base version is not 19.0.1.3. 
2026-07-15 13:39:35,707 90371 WARNING theme_test odoo.addons.base.models.ir_cron: Skipping database theme_test as its base version is not 19.0.1.3. 
2026-07-15 13:39:48,735 90371 WARNING 19_theme_setting odoo.addons.base.models.ir_cron: Skipping database 19_theme_setting as its base version is not 19.0.1.3. 
2026-07-15 13:39:48,739 90371 WARNING manas odoo.addons.base.models.ir_cron: Skipping database manas as its base version is not 19.0.1.3. 
2026-07-15 13:39:48,743 90371 WARNING odoo_19_test_try odoo.addons.base.models.ir_cron: Skipping database odoo_19_test_try as its base version is not 19.0.1.3. 
2026-07-15 13:39:48,745 90371 WARNING theme_test odoo.addons.base.models.ir_cron: Skipping database theme_test as its base version is not 19.0.1.3. 
2026-07-15 13:40:36,794 90371 WARNING 19_theme_setting odoo.addons.base.models.ir_cron: Skipping database 19_theme_setting as its base version is not 19.0.1.3. 
2026-07-15 13:40:36,800 90371 WARNING manas odoo.addons.base.models.ir_cron: Skipping database manas as its base version is not 19.0.1.3. 
2026-07-15 13:40:36,804 90371 WARNING odoo_19_test_try odoo.addons.base.models.ir_cron: Skipping database odoo_19_test_try as its base version is not 19.0.1.3. 
2026-07-15 13:40:36,807 90371 WARNING theme_test odoo.addons.base.models.ir_cron: Skipping database theme_test as its base version is not 19.0.1.3. 
2026-07-15 13:40:48,815 90371 WARNING 19_theme_setting odoo.addons.base.models.ir_cron: Skipping database 19_theme_setting as its base version is not 19.0.1.3. 
2026-07-15 13:40:48,819 90371 WARNING manas odoo.addons.base.models.ir_cron: Skipping database manas as its base version is not 19.0.1.3. 
2026-07-15 13:40:48,822 90371 WARNING odoo_19_test_try odoo.addons.base.models.ir_cron: Skipping database odoo_19_test_try as its base version is not 19.0.1.3. 
2026-07-15 13:40:48,824 90371 WARNING theme_test odoo.addons.base.models.ir_cron: Skipping database theme_test as its base version is not 19.0.1.3. 
2026-07-15 13:41:37,880 90371 WARNING 19_theme_setting odoo.addons.base.models.ir_cron: Skipping database 19_theme_setting as its base version is not 19.0.1.3. 
2026-07-15 13:41:37,885 90371 WARNING manas odoo.addons.base.models.ir_cron: Skipping database manas as its base version is not 19.0.1.3. 
2026-07-15 13:41:37,889 90371 WARNING odoo_19_test_try odoo.addons.base.models.ir_cron: Skipping database odoo_19_test_try as its base version is not 19.0.1.3. 
2026-07-15 13:41:37,892 90371 WARNING theme_test odoo.addons.base.models.ir_cron: Skipping database theme_test as its base version is not 19.0.1.3. 
2026-07-15 13:41:48,894 90371 WARNING 19_theme_setting odoo.addons.base.models.ir_cron: Skipping database 19_theme_setting as its base version is not 19.0.1.3. 
2026-07-15 13:41:48,898 90371 WARNING manas odoo.addons.base.models.ir_cron: Skipping database manas as its base version is not 19.0.1.3. 
2026-07-15 13:41:48,902 90371 WARNING odoo_19_test_try odoo.addons.base.models.ir_cron: Skipping database odoo_19_test_try as its base version is not 19.0.1.3. 
2026-07-15 13:41:48,905 90371 WARNING theme_test odoo.addons.base.models.ir_cron: Skipping database theme_test as its base version is not 19.0.1.3. 
2026-07-15 13:42:38,978 90371 WARNING 19_theme_setting odoo.addons.base.models.ir_cron: Skipping database 19_theme_setting as its base version is not 19.0.1.3. 
2026-07-15 13:42:38,984 90371 WARNING manas odoo.addons.base.models.ir_cron: Skipping database manas as its base version is not 19.0.1.3. 
2026-07-15 13:42:38,989 90371 INFO oca_module_testing odoo.addons.base.models.ir_cron: Job 'Notification: Notify scheduled messages' (9) starting 
2026-07-15 13:42:39,022 90371 INFO oca_module_testing odoo.addons.base.models.ir_cron: Job 'Notification: Notify scheduled messages' (9) fully done (#loop 1; done 0; remaining 0; duration 0.03s) 
2026-07-15 13:42:39,037 90371 INFO oca_module_testing odoo.addons.base.models.ir_cron: Job 'Mail: Email Queue Manager' (4) starting 
2026-07-15 13:42:39,052 90371 INFO oca_module_testing odoo.addons.base.models.ir_cron: Job 'Mail: Email Queue Manager' (4) fully done (#loop 1; done 0; remaining 0; duration 0.01s) 
2026-07-15 13:42:39,055 90371 WARNING odoo_19_test_try odoo.addons.base.models.ir_cron: Skipping database odoo_19_test_try as its base version is not 19.0.1.3. 
2026-07-15 13:42:39,057 90371 WARNING theme_test odoo.addons.base.models.ir_cron: Skipping database theme_test as its base version is not 19.0.1.3. 
2026-07-15 13:42:48,972 90371 WARNING 19_theme_setting odoo.addons.base.models.ir_cron: Skipping database 19_theme_setting as its base version is not 19.0.1.3. 
2026-07-15 13:42:48,976 90371 WARNING manas odoo.addons.base.models.ir_cron: Skipping database manas as its base version is not 19.0.1.3. 
2026-07-15 13:42:48,981 90371 WARNING odoo_19_test_try odoo.addons.base.models.ir_cron: Skipping database odoo_19_test_try as its base version is not 19.0.1.3. 
2026-07-15 13:42:48,984 90371 WARNING theme_test odoo.addons.base.models.ir_cron: Skipping database theme_test as its base version is not 19.0.1.3. 
2026-07-15 13:43:40,144 90371 WARNING 19_theme_setting odoo.addons.base.models.ir_cron: Skipping database 19_theme_setting as its base version is not 19.0.1.3. 
2026-07-15 13:43:40,148 90371 WARNING manas odoo.addons.base.models.ir_cron: Skipping database manas as its base version is not 19.0.1.3. 
2026-07-15 13:43:40,153 90371 WARNING odoo_19_test_try odoo.addons.base.models.ir_cron: Skipping database odoo_19_test_try as its base version is not 19.0.1.3. 
2026-07-15 13:43:40,155 90371 WARNING theme_test odoo.addons.base.models.ir_cron: Skipping database theme_test as its base version is not 19.0.1.3. 
2026-07-15 13:43:49,006 90371 WARNING 19_theme_setting odoo.addons.base.models.ir_cron: Skipping database 19_theme_setting as its base version is not 19.0.1.3. 
2026-07-15 13:43:49,011 90371 WARNING manas odoo.addons.base.models.ir_cron: Skipping database manas as its base version is not 19.0.1.3. 
2026-07-15 13:43:49,016 90371 WARNING odoo_19_test_try odoo.addons.base.models.ir_cron: Skipping database odoo_19_test_try as its base version is not 19.0.1.3. 
2026-07-15 13:43:49,019 90371 WARNING theme_test odoo.addons.base.models.ir_cron: Skipping database theme_test as its base version is not 19.0.1.3. 
2026-07-15 13:44:41,241 90371 WARNING 19_theme_setting odoo.addons.base.models.ir_cron: Skipping database 19_theme_setting as its base version is not 19.0.1.3. 
2026-07-15 13:44:41,246 90371 WARNING manas odoo.addons.base.models.ir_cron: Skipping database manas as its base version is not 19.0.1.3. 
2026-07-15 13:44:41,250 90371 WARNING odoo_19_test_try odoo.addons.base.models.ir_cron: Skipping database odoo_19_test_try as its base version is not 19.0.1.3. 
2026-07-15 13:44:41,253 90371 WARNING theme_test odoo.addons.base.models.ir_cron: Skipping database theme_test as its base version is not 19.0.1.3. 
2026-07-15 13:44:49,036 90371 WARNING 19_theme_setting odoo.addons.base.models.ir_cron: Skipping database 19_theme_setting as its base version is not 19.0.1.3. 
2026-07-15 13:44:49,041 90371 WARNING manas odoo.addons.base.models.ir_cron: Skipping database manas as its base version is not 19.0.1.3. 
2026-07-15 13:44:49,046 90371 WARNING odoo_19_test_try odoo.addons.base.models.ir_cron: Skipping database odoo_19_test_try as its base version is not 19.0.1.3. 
2026-07-15 13:44:49,049 90371 WARNING theme_test odoo.addons.base.models.ir_cron: Skipping database theme_test as its base version is not 19.0.1.3. 
2026-07-15 13:45:42,339 90371 WARNING 19_theme_setting odoo.addons.base.models.ir_cron: Skipping database 19_theme_setting as its base version is not 19.0.1.3. 
2026-07-15 13:45:42,344 90371 WARNING manas odoo.addons.base.models.ir_cron: Skipping database manas as its base version is not 19.0.1.3. 
2026-07-15 13:45:42,348 90371 WARNING odoo_19_test_try odoo.addons.base.models.ir_cron: Skipping database odoo_19_test_try as its base version is not 19.0.1.3. 
2026-07-15 13:45:42,350 90371 WARNING theme_test odoo.addons.base.models.ir_cron: Skipping database theme_test as its base version is not 19.0.1.3. 
2026-07-15 13:45:49,074 90371 WARNING 19_theme_setting odoo.addons.base.models.ir_cron: Skipping database 19_theme_setting as its base version is not 19.0.1.3. 
2026-07-15 13:45:49,079 90371 WARNING manas odoo.addons.base.models.ir_cron: Skipping database manas as its base version is not 19.0.1.3. 
2026-07-15 13:45:49,084 90371 WARNING odoo_19_test_try odoo.addons.base.models.ir_cron: Skipping database odoo_19_test_try as its base version is not 19.0.1.3. 
2026-07-15 13:45:49,086 90371 WARNING theme_test odoo.addons.base.models.ir_cron: Skipping database theme_test as its base version is not 19.0.1.3. 
2026-07-15 13:46:43,438 90371 WARNING 19_theme_setting odoo.addons.base.models.ir_cron: Skipping database 19_theme_setting as its base version is not 19.0.1.3. 
2026-07-15 13:46:43,442 90371 WARNING manas odoo.addons.base.models.ir_cron: Skipping database manas as its base version is not 19.0.1.3. 
2026-07-15 13:46:43,448 90371 WARNING odoo_19_test_try odoo.addons.base.models.ir_cron: Skipping database odoo_19_test_try as its base version is not 19.0.1.3. 
2026-07-15 13:46:43,451 90371 WARNING theme_test odoo.addons.base.models.ir_cron: Skipping database theme_test as its base version is not 19.0.1.3. 
2026-07-15 13:46:49,162 90371 WARNING 19_theme_setting odoo.addons.base.models.ir_cron: Skipping database 19_theme_setting as its base version is not 19.0.1.3. 
2026-07-15 13:46:49,167 90371 WARNING manas odoo.addons.base.models.ir_cron: Skipping database manas as its base version is not 19.0.1.3. 
2026-07-15 13:46:49,171 90371 WARNING odoo_19_test_try odoo.addons.base.models.ir_cron: Skipping database odoo_19_test_try as its base version is not 19.0.1.3. 
2026-07-15 13:46:49,173 90371 WARNING theme_test odoo.addons.base.models.ir_cron: Skipping database theme_test as its base version is not 19.0.1.3. 
2026-07-15 13:47:44,538 90371 WARNING 19_theme_setting odoo.addons.base.models.ir_cron: Skipping database 19_theme_setting as its base version is not 19.0.1.3. 
2026-07-15 13:47:44,543 90371 WARNING manas odoo.addons.base.models.ir_cron: Skipping database manas as its base version is not 19.0.1.3. 
2026-07-15 13:47:44,548 90371 WARNING odoo_19_test_try odoo.addons.base.models.ir_cron: Skipping database odoo_19_test_try as its base version is not 19.0.1.3. 
2026-07-15 13:47:44,566 90371 INFO tezzzzzzzzzzzzzzzzzzzzz odoo.addons.base.models.ir_cron: Job 'Payment: Post-process transactions' (15) starting 
2026-07-15 13:47:44,597 90371 INFO tezzzzzzzzzzzzzzzzzzzzz odoo.addons.base.models.ir_cron: Job 'Payment: Post-process transactions' (15) fully done (#loop 1; done 0; remaining 0; duration 0.03s) 
2026-07-15 13:47:44,602 90371 WARNING theme_test odoo.addons.base.models.ir_cron: Skipping database theme_test as its base version is not 19.0.1.3. 
2026-07-15 13:47:49,246 90371 WARNING 19_theme_setting odoo.addons.base.models.ir_cron: Skipping database 19_theme_setting as its base version is not 19.0.1.3. 
2026-07-15 13:47:49,250 90371 WARNING manas odoo.addons.base.models.ir_cron: Skipping database manas as its base version is not 19.0.1.3. 
2026-07-15 13:47:49,253 90371 WARNING odoo_19_test_try odoo.addons.base.models.ir_cron: Skipping database odoo_19_test_try as its base version is not 19.0.1.3. 
2026-07-15 13:47:49,255 90371 WARNING theme_test odoo.addons.base.models.ir_cron: Skipping database theme_test as its base version is not 19.0.1.3. 
2026-07-15 13:48:45,637 90371 WARNING 19_theme_setting odoo.addons.base.models.ir_cron: Skipping database 19_theme_setting as its base version is not 19.0.1.3. 
2026-07-15 13:48:45,641 90371 WARNING manas odoo.addons.base.models.ir_cron: Skipping database manas as its base version is not 19.0.1.3. 
2026-07-15 13:48:45,661 90371 INFO new_360_dashboard odoo.addons.base.models.ir_cron: Job 'Base: Auto-vacuum internal data' (1) starting 
2026-07-15 13:48:46,003 90371 INFO new_360_dashboard odoo.addons.base.models.res_users: GC 'res.users.apikeys' delete 0 entries 
2026-07-15 13:48:46,071 90371 INFO new_360_dashboard odoo.addons.base.models.ir_attachment: filestore gc 0 checked, 0 removed 
2026-07-15 13:48:46,114 90371 INFO new_360_dashboard odoo.addons.base.models.res_device: GC device logs delete 0 entries 
2026-07-15 13:48:46,178 90371 INFO new_360_dashboard odoo.addons.api_doc.models.ir_attachment: GC'd 0 /doc cached index 
2026-07-15 13:48:46,283 90371 INFO new_360_dashboard odoo.addons.base.models.res_users: GC'd 0 user log entries 
2026-07-15 13:48:46,299 90371 INFO new_360_dashboard odoo.addons.base.models.res_users: GC 'auth_totp.device' delete 0 entries 
2026-07-15 13:48:46,477 90371 INFO new_360_dashboard odoo.models.unlink: User #1 deleted ir.cron.progress records with IDs: [141, 142, 143, 144, 145, 146, 147, 148, 149, 150, 151, 152, 153, 154, 155, 156, 157, 158, 159, 160, 161, 162, 163, 164, 165, 166, 167, 168, 169, 170, 171, 172, 173] 
2026-07-15 13:48:46,485 90371 INFO new_360_dashboard odoo.addons.base.models.res_device: GC device logs delete 0 entries 
2026-07-15 13:48:46,543 90371 INFO new_360_dashboard odoo.addons.sms.models.sms_sms: GC'd 0 sms marked for deletion 
2026-07-15 13:48:46,548 90371 INFO new_360_dashboard odoo.addons.base.models.ir_cron: Job 'Base: Auto-vacuum internal data' (1) fully done (#loop 1; done 138; remaining 0; duration 0.89s) 
2026-07-15 13:48:46,552 90371 INFO new_360_dashboard odoo.addons.base.models.ir_cron: Job 'Mail: Post scheduled messages' (7) starting 
2026-07-15 13:48:46,557 90371 INFO new_360_dashboard odoo.addons.mail.models.mail_scheduled_message: Posting 0 scheduled messages 
2026-07-15 13:48:46,559 90371 INFO new_360_dashboard odoo.addons.base.models.ir_cron: Job 'Mail: Post scheduled messages' (7) fully done (#loop 1; done 0; remaining 0; duration 0.01s) 
2026-07-15 13:48:46,561 90371 INFO new_360_dashboard odoo.addons.base.models.ir_cron: Job 'Notification: Notify scheduled messages' (8) starting 
2026-07-15 13:48:46,567 90371 INFO new_360_dashboard odoo.addons.base.models.ir_cron: Job 'Notification: Notify scheduled messages' (8) fully done (#loop 1; done 0; remaining 0; duration 0.01s) 
2026-07-15 13:48:46,570 90371 INFO new_360_dashboard odoo.addons.base.models.ir_cron: Job 'Mail: send web push notification' (9) starting 
2026-07-15 13:48:46,576 90371 INFO new_360_dashboard odoo.addons.base.models.ir_cron: Job 'Mail: send web push notification' (9) fully done (#loop 1; done 0; remaining 0; duration 0.01s) 
2026-07-15 13:48:46,579 90371 INFO new_360_dashboard odoo.addons.base.models.ir_cron: Job 'Discuss: channel member unmute' (10) starting 
2026-07-15 13:48:46,585 90371 INFO new_360_dashboard odoo.addons.base.models.ir_cron: Job 'Discuss: channel member unmute' (10) fully done (#loop 1; done 0; remaining 0; duration 0.01s) 
2026-07-15 13:48:46,588 90371 INFO new_360_dashboard odoo.addons.base.models.ir_cron: Job 'SMS: SMS Queue Manager' (12) starting 
2026-07-15 13:48:46,594 90371 INFO new_360_dashboard odoo.addons.base.models.ir_cron: Job 'SMS: SMS Queue Manager' (12) fully done (#loop 1; done 0; remaining 0; duration 0.01s) 
2026-07-15 13:48:46,597 90371 INFO new_360_dashboard odoo.addons.base.models.ir_cron: Job 'Snailmail: process letters queue' (13) starting 
2026-07-15 13:48:46,605 90371 INFO new_360_dashboard odoo.addons.base.models.ir_cron: Job 'Snailmail: process letters queue' (13) fully done (#loop 1; done 0; remaining 0; duration 0.01s) 
2026-07-15 13:48:46,608 90371 INFO new_360_dashboard odoo.addons.base.models.ir_cron: Job 'Send invoices automatically' (17) starting 
2026-07-15 13:48:46,624 90371 INFO new_360_dashboard odoo.addons.base.models.ir_cron: Job 'Send invoices automatically' (17) fully done (#loop 1; done 0; remaining 0; duration 0.02s) 
2026-07-15 13:48:46,627 90371 INFO new_360_dashboard odoo.addons.base.models.ir_cron: Job 'Mail: Email Queue Manager' (3) starting 
2026-07-15 13:48:46,634 90371 INFO new_360_dashboard odoo.addons.base.models.ir_cron: Job 'Mail: Email Queue Manager' (3) fully done (#loop 1; done 0; remaining 0; duration 0.01s) 
2026-07-15 13:48:46,636 90371 INFO new_360_dashboard odoo.addons.base.models.ir_cron: Job 'Users: Notify About Unregistered Users' (11) starting 
2026-07-15 13:48:46,649 90371 INFO new_360_dashboard odoo.addons.base.models.ir_cron: Job 'Users: Notify About Unregistered Users' (11) fully done (#loop 1; done 0; remaining 0; duration 0.01s) 
2026-07-15 13:48:46,652 90371 INFO new_360_dashboard odoo.addons.base.models.ir_cron: Job 'Base: Portal Users Deletion' (2) starting 
2026-07-15 13:48:46,659 90371 INFO new_360_dashboard odoo.addons.base.models.ir_cron: Job 'Base: Portal Users Deletion' (2) fully done (#loop 1; done 0; remaining 0; duration 0.01s) 
2026-07-15 13:48:46,662 90371 WARNING odoo_19_test_try odoo.addons.base.models.ir_cron: Skipping database odoo_19_test_try as its base version is not 19.0.1.3. 
2026-07-15 13:48:46,664 90371 WARNING theme_test odoo.addons.base.models.ir_cron: Skipping database theme_test as its base version is not 19.0.1.3. 
2026-07-15 13:48:49,308 90371 WARNING 19_theme_setting odoo.addons.base.models.ir_cron: Skipping database 19_theme_setting as its base version is not 19.0.1.3. 
2026-07-15 13:48:49,314 90371 WARNING manas odoo.addons.base.models.ir_cron: Skipping database manas as its base version is not 19.0.1.3. 
2026-07-15 13:48:49,317 90371 INFO new_360_dashboard odoo.addons.base.models.ir_cron: Job 'Generate Recurring Payments' (19) starting 
2026-07-15 13:48:49,329 90371 INFO new_360_dashboard odoo.addons.base.models.ir_cron: Job 'Generate Recurring Payments' (19) fully done (#loop 1; done 0; remaining 0; duration 0.01s) 
2026-07-15 13:48:49,336 90371 WARNING odoo_19_test_try odoo.addons.base.models.ir_cron: Skipping database odoo_19_test_try as its base version is not 19.0.1.3. 
2026-07-15 13:48:49,339 90371 WARNING theme_test odoo.addons.base.models.ir_cron: Skipping database theme_test as its base version is not 19.0.1.3. 
2026-07-15 13:49:47,758 90371 WARNING 19_theme_setting odoo.addons.base.models.ir_cron: Skipping database 19_theme_setting as its base version is not 19.0.1.3. 
2026-07-15 13:49:47,768 90371 WARNING manas odoo.addons.base.models.ir_cron: Skipping database manas as its base version is not 19.0.1.3. 
2026-07-15 13:49:47,775 90371 WARNING odoo_19_test_try odoo.addons.base.models.ir_cron: Skipping database odoo_19_test_try as its base version is not 19.0.1.3. 
2026-07-15 13:49:47,779 90371 WARNING theme_test odoo.addons.base.models.ir_cron: Skipping database theme_test as its base version is not 19.0.1.3. 
2026-07-15 13:49:49,372 90371 WARNING 19_theme_setting odoo.addons.base.models.ir_cron: Skipping database 19_theme_setting as its base version is not 19.0.1.3. 
2026-07-15 13:49:49,376 90371 WARNING manas odoo.addons.base.models.ir_cron: Skipping database manas as its base version is not 19.0.1.3. 
2026-07-15 13:49:49,379 90371 WARNING odoo_19_test_try odoo.addons.base.models.ir_cron: Skipping database odoo_19_test_try as its base version is not 19.0.1.3. 
2026-07-15 13:49:49,381 90371 WARNING theme_test odoo.addons.base.models.ir_cron: Skipping database theme_test as its base version is not 19.0.1.3. 
2026-07-15 13:49:50,909 90371 INFO oca_module_testing werkzeug: 127.0.0.1 - - [15/Jul/2026 13:49:50] "POST /web/dataset/call_kw/document.automate/web_search_read#document.automate.web_search_read HTTP/1.1" 200 - 2 0.001 0.002
2026-07-15 13:49:52,036 90371 INFO oca_module_testing werkzeug: 127.0.0.1 - - [15/Jul/2026 13:49:52] "GET /odoo/action-482 HTTP/1.1" 200 - 22 0.006 0.012
2026-07-15 13:49:52,075 90371 INFO oca_module_testing werkzeug: 127.0.0.1 - - [15/Jul/2026 13:49:52] "GET /web/webclient/load_menus HTTP/1.1" 200 - 1 0.001 0.013
2026-07-15 13:49:52,274 90371 INFO oca_module_testing werkzeug: 127.0.0.1 - - [15/Jul/2026 13:49:52] "GET /web/webclient/translations?hash=6f78d8b6a7be6ecf0a1ac069aa3931f51287c360&lang=en_US HTTP/1.1" 200 - 1 0.001 0.002
2026-07-15 13:49:52,403 90371 INFO oca_module_testing werkzeug: 127.0.0.1 - - [15/Jul/2026 13:49:52] "GET /web/image?model=res.users&field=avatar_128&id=2 HTTP/1.1" 304 - 9 0.010 0.021
2026-07-15 13:49:52,408 90371 INFO oca_module_testing werkzeug: 127.0.0.1 - - [15/Jul/2026 13:49:52] "POST /web/dataset/call_kw/document.automate/get_views#document.automate.get_views HTTP/1.1" 200 - 2 0.005 0.027
2026-07-15 13:49:52,411 90371 INFO oca_module_testing werkzeug: 127.0.0.1 - - [15/Jul/2026 13:49:52] "POST /web/dataset/call_kw/document.automate/web_search_read#document.automate.web_search_read HTTP/1.1" 200 - 2 0.003 0.016
2026-07-15 13:49:52,415 90371 INFO oca_module_testing werkzeug: 127.0.0.1 - - [15/Jul/2026 13:49:52] "GET /bus/websocket_worker_bundle?v=19.0-2 HTTP/1.1" 304 - 3 0.006 0.025
2026-07-15 13:49:52,442 90371 INFO oca_module_testing werkzeug: 127.0.0.1 - - [15/Jul/2026 13:49:52] "POST /mail/data HTTP/1.1" 200 - 39 0.028 0.033
2026-07-15 13:49:52,492 90371 INFO oca_module_testing werkzeug: 127.0.0.1 - - [15/Jul/2026 13:49:52] "GET /websocket?version=19.0-2 HTTP/1.1" 101 - 1 0.000 0.002
2026-07-15 13:49:53,042 90371 INFO oca_module_testing werkzeug: 127.0.0.1 - - [15/Jul/2026 13:49:53] "GET /web/service-worker.js HTTP/1.1" 200 - 1 0.000 0.002
2026-07-15 13:49:54,672 90371 INFO oca_module_testing werkzeug: 127.0.0.1 - - [15/Jul/2026 13:49:54] "POST /web/action/load HTTP/1.1" 200 - 11 0.004 0.007
2026-07-15 13:49:54,732 90371 INFO oca_module_testing werkzeug: 127.0.0.1 - - [15/Jul/2026 13:49:54] "POST /web/dataset/call_kw/ir.module.module/get_views#ir.module.module.get_views HTTP/1.1" 200 - 38 0.015 0.032
2026-07-15 13:49:54,745 90371 INFO oca_module_testing werkzeug: 127.0.0.1 - - [15/Jul/2026 13:49:54] "POST /web/dataset/call_kw/ir.module.module/search_panel_select_range#ir.module.module.search_panel_select_range HTTP/1.1" 200 - 1 0.001 0.003
2026-07-15 13:49:54,776 90371 INFO oca_module_testing werkzeug: 127.0.0.1 - - [15/Jul/2026 13:49:54] "POST /web/dataset/call_kw/ir.module.module/check_module_update#ir.module.module.check_module_update HTTP/1.1" 200 - 2 0.002 0.005
2026-07-15 13:49:54,781 90371 INFO oca_module_testing werkzeug: 127.0.0.1 - - [15/Jul/2026 13:49:54] "POST /web/dataset/call_kw/ir.module.module/web_search_read#ir.module.module.web_search_read HTTP/1.1" 200 - 3 0.004 0.030
2026-07-15 13:49:54,786 90371 INFO oca_module_testing werkzeug: 127.0.0.1 - - [15/Jul/2026 13:49:54] "POST /web/dataset/call_kw/ir.module.module/search_panel_select_range#ir.module.module.search_panel_select_range HTTP/1.1" 200 - 53 0.024 0.020
2026-07-15 13:49:54,837 90371 INFO oca_module_testing werkzeug: 127.0.0.1 - - [15/Jul/2026 13:49:54] "POST /web/dataset/call_kw/ir.module.module/check_module_update#ir.module.module.check_module_update HTTP/1.1" 200 - 2 0.001 0.002
2026-07-15 13:49:55,530 90371 INFO oca_module_testing werkzeug: 127.0.0.1 - - [15/Jul/2026 13:49:55] "GET /odoo/apps HTTP/1.1" 200 - 22 0.006 0.014
2026-07-15 13:49:55,570 90371 INFO oca_module_testing werkzeug: 127.0.0.1 - - [15/Jul/2026 13:49:55] "GET /web/webclient/load_menus HTTP/1.1" 200 - 1 0.001 0.011
2026-07-15 13:49:55,668 90371 INFO oca_module_testing werkzeug: 127.0.0.1 - - [15/Jul/2026 13:49:55] "GET /web/service-worker.js HTTP/1.1" 200 - 1 0.000 0.002
2026-07-15 13:49:55,774 90371 INFO oca_module_testing werkzeug: 127.0.0.1 - - [15/Jul/2026 13:49:55] "GET /web/webclient/translations?hash=6f78d8b6a7be6ecf0a1ac069aa3931f51287c360&lang=en_US HTTP/1.1" 200 - 1 0.000 0.002
2026-07-15 13:49:55,889 90371 INFO oca_module_testing werkzeug: 127.0.0.1 - - [15/Jul/2026 13:49:55] "GET /web/image?model=res.users&field=avatar_128&id=2 HTTP/1.1" 304 - 9 0.005 0.025
2026-07-15 13:49:55,893 90371 INFO oca_module_testing werkzeug: 127.0.0.1 - - [15/Jul/2026 13:49:55] "GET /bus/websocket_worker_bundle?v=19.0-2 HTTP/1.1" 304 - 3 0.006 0.017
2026-07-15 13:49:55,894 90371 INFO oca_module_testing werkzeug: 127.0.0.1 - - [15/Jul/2026 13:49:55] "POST /web/dataset/call_kw/ir.module.module/get_views#ir.module.module.get_views HTTP/1.1" 200 - 2 0.002 0.031
2026-07-15 13:49:55,895 90371 INFO oca_module_testing werkzeug: 127.0.0.1 - - [15/Jul/2026 13:49:55] "POST /web/dataset/call_kw/ir.module.module/search_panel_select_range#ir.module.module.search_panel_select_range HTTP/1.1" 200 - 1 0.003 0.015
2026-07-15 13:49:55,950 90371 INFO oca_module_testing werkzeug: 127.0.0.1 - - [15/Jul/2026 13:49:55] "POST /web/dataset/call_kw/ir.module.module/web_search_read#ir.module.module.web_search_read HTTP/1.1" 200 - 3 0.020 0.038
2026-07-15 13:49:55,974 90371 INFO oca_module_testing werkzeug: 127.0.0.1 - - [15/Jul/2026 13:49:55] "POST /web/dataset/call_kw/ir.module.module/check_module_update#ir.module.module.check_module_update HTTP/1.1" 200 - 2 0.009 0.009
2026-07-15 13:49:55,988 90371 INFO oca_module_testing werkzeug: 127.0.0.1 - - [15/Jul/2026 13:49:55] "POST /mail/data HTTP/1.1" 200 - 39 0.069 0.052
2026-07-15 13:49:55,993 90371 INFO oca_module_testing werkzeug: 127.0.0.1 - - [15/Jul/2026 13:49:55] "POST /web/dataset/call_kw/ir.module.module/search_panel_select_range#ir.module.module.search_panel_select_range HTTP/1.1" 200 - 50 0.073 0.040
2026-07-15 13:49:56,015 90371 INFO oca_module_testing werkzeug: 127.0.0.1 - - [15/Jul/2026 13:49:56] "POST /web/dataset/call_kw/ir.module.module/check_module_update#ir.module.module.check_module_update HTTP/1.1" 200 - 2 0.001 0.003
2026-07-15 13:49:56,143 90371 INFO oca_module_testing werkzeug: 127.0.0.1 - - [15/Jul/2026 13:49:56] "GET /websocket?version=19.0-2 HTTP/1.1" 101 - 1 0.000 0.002
2026-07-15 13:49:56,651 90371 INFO oca_module_testing werkzeug: 127.0.0.1 - - [15/Jul/2026 13:49:56] "POST /web/dataset/call_kw/ir.module.module/search_panel_select_range#ir.module.module.search_panel_select_range HTTP/1.1" 200 - 50 0.012 0.010
2026-07-15 13:49:56,655 90371 INFO oca_module_testing werkzeug: 127.0.0.1 - - [15/Jul/2026 13:49:56] "POST /web/dataset/call_kw/ir.module.module/web_search_read#ir.module.module.web_search_read HTTP/1.1" 200 - 4 0.003 0.021
2026-07-15 13:49:56,700 90371 INFO oca_module_testing werkzeug: 127.0.0.1 - - [15/Jul/2026 13:49:56] "POST /web/dataset/call_kw/ir.module.module/check_module_update#ir.module.module.check_module_update HTTP/1.1" 200 - 2 0.001 0.002
2026-07-15 13:49:56,766 90371 INFO oca_module_testing werkzeug: 127.0.0.1 - - [15/Jul/2026 13:49:56] "GET /web/service-worker.js HTTP/1.1" 200 - 1 0.000 0.002
2026-07-15 13:49:59,568 90371 INFO oca_module_testing werkzeug: 127.0.0.1 - - [15/Jul/2026 13:49:59] "POST /web/dataset/call_kw/ir.module.module/search_panel_select_range#ir.module.module.search_panel_select_range HTTP/1.1" 200 - 50 0.010 0.012
2026-07-15 13:49:59,576 90371 INFO oca_module_testing werkzeug: 127.0.0.1 - - [15/Jul/2026 13:49:59] "POST /web/dataset/call_kw/ir.module.module/web_search_read#ir.module.module.web_search_read HTTP/1.1" 200 - 2 0.002 0.002
2026-07-15 13:49:59,585 90371 INFO oca_module_testing werkzeug: 127.0.0.1 - - [15/Jul/2026 13:49:59] "POST /web/dataset/call_kw/ir.module.module/check_module_update#ir.module.module.check_module_update HTTP/1.1" 200 - 2 0.001 0.002
2026-07-15 13:49:59,611 90371 INFO ? werkzeug: 127.0.0.1 - - [15/Jul/2026 13:49:59] "GET /web/static/img/empty_folder.svg HTTP/1.1" 200 - 0 0.000 0.003
2026-07-15 13:50:00,236 90371 INFO oca_module_testing werkzeug: 127.0.0.1 - - [15/Jul/2026 13:50:00] "POST /web/dataset/call_kw/ir.module.module/web_search_read#ir.module.module.web_search_read HTTP/1.1" 200 - 4 0.004 0.020
2026-07-15 13:50:00,236 90371 INFO oca_module_testing werkzeug: 127.0.0.1 - - [15/Jul/2026 13:50:00] "POST /web/dataset/call_kw/ir.module.module/search_panel_select_range#ir.module.module.search_panel_select_range HTTP/1.1" 200 - 50 0.013 0.012
2026-07-15 13:50:00,283 90371 INFO oca_module_testing werkzeug: 127.0.0.1 - - [15/Jul/2026 13:50:00] "POST /web/dataset/call_kw/ir.module.module/check_module_update#ir.module.module.check_module_update HTTP/1.1" 200 - 2 0.001 0.002
2026-07-15 13:50:07,806 90371 INFO oca_module_testing werkzeug: 127.0.0.1 - - [15/Jul/2026 13:50:07] "POST /web/dataset/call_kw/ir.module.module/search_panel_select_range#ir.module.module.search_panel_select_range HTTP/1.1" 200 - 50 0.014 0.017
2026-07-15 13:50:07,822 90371 INFO oca_module_testing werkzeug: 127.0.0.1 - - [15/Jul/2026 13:50:07] "POST /web/dataset/call_kw/ir.module.module/web_search_read#ir.module.module.web_search_read HTTP/1.1" 200 - 3 0.004 0.006
2026-07-15 13:50:07,837 90371 INFO oca_module_testing werkzeug: 127.0.0.1 - - [15/Jul/2026 13:50:07] "POST /web/dataset/call_kw/ir.module.module/check_module_update#ir.module.module.check_module_update HTTP/1.1" 200 - 2 0.001 0.002
2026-07-15 13:50:10,901 90371 INFO oca_module_testing odoo.addons.base.models.ir_module: ALLOW access to module.button_immediate_upgrade on ['Document Automate'] to user admin #2 via 127.0.0.1 
2026-07-15 13:50:10,902 90371 INFO oca_module_testing odoo.addons.base.models.ir_module: ALLOW access to module.button_upgrade on ['Document Automate'] to user admin #2 via 127.0.0.1 
2026-07-15 13:50:10,902 90371 INFO oca_module_testing odoo.addons.base.models.ir_module: ALLOW access to module.update_list on ['Document Automate'] to user admin #2 via 127.0.0.1 
2026-07-15 13:50:11,058 90371 WARNING oca_module_testing odoo.modules.module: Missing `author` key in manifest for 'analytix_finance_dashboard', defaulting to '' 
2026-07-15 13:50:11,102 90371 WARNING oca_module_testing odoo.modules.module: Missing `license` key in manifest for 'document_automate', defaulting to LGPL-3 
2026-07-15 13:50:11,741 90371 INFO oca_module_testing odoo.addons.base.models.ir_module: ALLOW access to module.button_install on [] to user admin #2 via 127.0.0.1 
2026-07-15 13:50:11,790 90371 INFO oca_module_testing odoo.modules.loading: loading 1 modules... 
2026-07-15 13:50:11,795 90371 INFO oca_module_testing odoo.modules.loading: 1 modules loaded in 0.00s, 0 queries (+0 extra) 
2026-07-15 13:50:11,821 90371 INFO oca_module_testing odoo.modules.loading: updating modules list 
2026-07-15 13:50:11,822 90371 INFO oca_module_testing odoo.addons.base.models.ir_module: ALLOW access to module.update_list on [] to user __system__ #1 via 127.0.0.1 
2026-07-15 13:50:11,948 90371 WARNING oca_module_testing odoo.modules.module: Missing `author` key in manifest for 'analytix_finance_dashboard', defaulting to '' 
2026-07-15 13:50:11,973 90371 WARNING oca_module_testing odoo.modules.module: Missing `license` key in manifest for 'document_automate', defaulting to LGPL-3 
2026-07-15 13:50:12,359 90371 INFO oca_module_testing odoo.modules.loading: loading 86 modules... 
2026-07-15 13:50:12,359 90371 INFO oca_module_testing odoo.modules.loading: Loading module document_automate (2/86) 
2026-07-15 13:50:12,363 90371 INFO oca_module_testing odoo.registry: module document_automate: creating or updating database tables 
2026-07-15 13:50:12,376 90371 INFO oca_module_testing odoo.modules.loading: loading document_automate/security/ir.model.access.csv 
2026-07-15 13:50:12,380 90371 INFO oca_module_testing odoo.modules.loading: loading document_automate/views/document_automate_views.xml 
2026-07-15 13:50:12,403 90371 INFO oca_module_testing odoo.addons.base.models.ir_module: module document_automate: no translation for language ar_001 
2026-07-15 13:50:12,408 90371 INFO oca_module_testing odoo.modules.loading: Module document_automate loaded in 0.05s, 85 queries (+85 other) 
2026-07-15 13:50:12,433 90371 INFO oca_module_testing odoo.modules.loading: 86 modules loaded in 0.07s, 85 queries (+85 extra) 
2026-07-15 13:50:12,825 90371 INFO oca_module_testing odoo.registry: verifying fields for every extended model 
2026-07-15 13:50:13,157 90371 INFO oca_module_testing odoo.modules.loading: Modules loaded. 
2026-07-15 13:50:13,173 90371 INFO oca_module_testing odoo.registry: Registry changed, signaling through the database 
2026-07-15 13:50:13,174 90371 INFO oca_module_testing odoo.registry: Registry loaded in 1.393s 
2026-07-15 13:50:13,174 90371 INFO oca_module_testing odoo.addons.base.models.ir_module: getting next ir.actions.todo() 
2026-07-15 13:50:13,189 90371 INFO oca_module_testing werkzeug: 127.0.0.1 - - [15/Jul/2026 13:50:13] "POST /web/dataset/call_button/ir.module.module/button_immediate_upgrade#ir.module.module.button_immediate_upgrade HTTP/1.1" 200 - 4624 1.046 1.247
2026-07-15 13:50:13,202 90371 INFO oca_module_testing odoo.addons.base.models.ir_http: Generating routing map for key None 
2026-07-15 13:50:13,483 90371 INFO oca_module_testing werkzeug: 127.0.0.1 - - [15/Jul/2026 13:50:13] "GET /odoo HTTP/1.1" 200 - 78 0.022 0.260
2026-07-15 13:50:13,551 90371 INFO oca_module_testing werkzeug: 127.0.0.1 - - [15/Jul/2026 13:50:13] "GET /web/webclient/load_menus HTTP/1.1" 200 - 13 0.009 0.033
2026-07-15 13:50:13,720 90371 INFO oca_module_testing werkzeug: 127.0.0.1 - - [15/Jul/2026 13:50:13] "GET /web/webclient/translations?hash=&lang=en_US HTTP/1.1" 200 - 2 0.001 0.002
2026-07-15 13:50:13,838 90371 INFO oca_module_testing werkzeug: 127.0.0.1 - - [15/Jul/2026 13:50:13] "POST /web/action/load HTTP/1.1" 200 - 7 0.009 0.007
2026-07-15 13:50:13,851 90371 INFO oca_module_testing werkzeug: 127.0.0.1 - - [15/Jul/2026 13:50:13] "GET /bus/websocket_worker_bundle?v=19.0-2 HTTP/1.1" 304 - 4 0.011 0.015
2026-07-15 13:50:13,855 90371 INFO oca_module_testing werkzeug: 127.0.0.1 - - [15/Jul/2026 13:50:13] "GET /web/image?model=res.users&field=avatar_128&id=2 HTTP/1.1" 304 - 16 0.016 0.016
2026-07-15 13:50:13,894 90371 INFO oca_module_testing werkzeug: 127.0.0.1 - - [15/Jul/2026 13:50:13] "POST /mail/data HTTP/1.1" 200 - 64 0.035 0.034
2026-07-15 13:50:13,936 90371 INFO oca_module_testing werkzeug: 127.0.0.1 - - [15/Jul/2026 13:50:13] "GET /websocket?version=19.0-2 HTTP/1.1" 101 - 1 0.001 0.004
2026-07-15 13:50:13,954 90371 INFO oca_module_testing werkzeug: 127.0.0.1 - - [15/Jul/2026 13:50:13] "POST /web/dataset/call_kw/account.move/get_analytix_dashboard_data#account.move.get_analytix_dashboard_data HTTP/1.1" 200 - 29 0.010 0.014
2026-07-15 13:50:13,959 90371 INFO oca_module_testing odoo.addons.base.models.ir_model: Access Denied by ACLs for operation: read, uid: 2, model: analytix.document 
2026-07-15 13:50:13,961 90371 WARNING oca_module_testing odoo.http: You are not allowed to access 'Analytix Finance Document' (analytix.document) records.

No group currently allows this operation.

Contact your administrator to request access if necessary. 
2026-07-15 13:50:13,961 90371 INFO oca_module_testing werkzeug: 127.0.0.1 - - [15/Jul/2026 13:50:13] "POST /web/dataset/call_kw/analytix.document/get_analytix_documents_list#analytix.document.get_analytix_documents_list HTTP/1.1" 200 - 4 0.001 0.003
2026-07-15 13:50:14,515 90371 INFO oca_module_testing werkzeug: 127.0.0.1 - - [15/Jul/2026 13:50:14] "GET /web/service-worker.js HTTP/1.1" 200 - 1 0.001 0.002
2026-07-15 13:50:48,866 90371 WARNING 19_theme_setting odoo.addons.base.models.ir_cron: Skipping database 19_theme_setting as its base version is not 19.0.1.3. 
2026-07-15 13:50:48,871 90371 WARNING manas odoo.addons.base.models.ir_cron: Skipping database manas as its base version is not 19.0.1.3. 
2026-07-15 13:50:48,875 90371 INFO new_360_dashboard odoo.addons.base.models.ir_cron: Job 'Purchase reminder' (23) starting 
2026-07-15 13:50:48,928 90371 INFO new_360_dashboard odoo.addons.base.models.ir_cron: Job 'Purchase reminder' (23) fully done (#loop 1; done 0; remaining 0; duration 0.05s) 
2026-07-15 13:50:48,935 90371 INFO new_360_dashboard odoo.addons.base.models.ir_cron: Job 'Procurement: run scheduler' (24) starting 
2026-07-15 13:50:49,041 90371 INFO new_360_dashboard odoo.addons.stock.models.stock_orderpoint: A batch of 3 orderpoints is processed and committed 
2026-07-15 13:50:49,070 90371 INFO new_360_dashboard odoo.addons.stock.models.stock_rule: A batch of 3 moves are assigned and committed 
2026-07-15 13:50:49,085 90371 INFO new_360_dashboard odoo.addons.base.models.ir_cron: Job 'Procurement: run scheduler' (24) fully done (#loop 1; done 3; remaining 0; duration 0.15s) 
2026-07-15 13:50:49,088 90371 INFO new_360_dashboard odoo.addons.base.models.ir_cron: Job 'Stock Account: Inventory Valuation Closing' (25) starting 
2026-07-15 13:50:49,097 90371 INFO new_360_dashboard odoo.addons.base.models.ir_cron: Job 'Stock Account: Inventory Valuation Closing' (25) fully done (#loop 1; done 0; remaining 0; duration 0.01s) 
2026-07-15 13:50:49,101 90371 WARNING odoo_19_test_try odoo.addons.base.models.ir_cron: Skipping database odoo_19_test_try as its base version is not 19.0.1.3. 
2026-07-15 13:50:49,104 90371 WARNING theme_test odoo.addons.base.models.ir_cron: Skipping database theme_test as its base version is not 19.0.1.3. 
2026-07-15 13:50:49,456 90371 WARNING 19_theme_setting odoo.addons.base.models.ir_cron: Skipping database 19_theme_setting as its base version is not 19.0.1.3. 
2026-07-15 13:50:49,461 90371 WARNING manas odoo.addons.base.models.ir_cron: Skipping database manas as its base version is not 19.0.1.3. 
2026-07-15 13:50:49,466 90371 WARNING odoo_19_test_try odoo.addons.base.models.ir_cron: Skipping database odoo_19_test_try as its base version is not 19.0.1.3. 
2026-07-15 13:50:49,468 90371 WARNING theme_test odoo.addons.base.models.ir_cron: Skipping database theme_test as its base version is not 19.0.1.3. 
2026-07-15 13:51:29,716 90371 INFO oca_module_testing werkzeug: 127.0.0.1 - - [15/Jul/2026 13:51:29] "POST /web/action/load HTTP/1.1" 200 - 10 0.004 0.008
2026-07-15 13:51:29,768 90371 INFO oca_module_testing werkzeug: 127.0.0.1 - - [15/Jul/2026 13:51:29] "POST /web/dataset/call_kw/document.automate/get_views#document.automate.get_views HTTP/1.1" 200 - 20 0.011 0.016
2026-07-15 13:51:29,787 90371 INFO oca_module_testing werkzeug: 127.0.0.1 - - [15/Jul/2026 13:51:29] "POST /web/dataset/call_kw/document.automate/web_search_read#document.automate.web_search_read HTTP/1.1" 200 - 3 0.002 0.003
2026-07-15 13:51:31,538 90371 INFO oca_module_testing werkzeug: 127.0.0.1 - - [15/Jul/2026 13:51:31] "POST /web/dataset/call_kw/document.automate/web_read#document.automate.web_read HTTP/1.1" 200 - 3 0.001 0.003
2026-07-15 13:51:33,452 90371 WARNING oca_module_testing odoo.http: Failed to process document with AI Agent: AI Agent Error (400): {
  "error": {
    "code": 400,
    "message": "API key not valid. Please pass a valid API key.",
    "status": "INVALID_ARGUMENT",
    "details": [
      {
        "@type": "type.googleapis.com/google.rpc.ErrorInfo",
        "reason": "API_KEY_INVALID",
        "domain": "googleapis.com",
        "metadata": {
          "service": "generativelanguage.googleapis.com"
        }
      },
      {
        "@type": "type.googleapis.com/google.rpc.LocalizedMessage",
        "locale": "en-US",
        "message": "API key not valid. Please pass a valid API key."
      }
    ]
  }
}
 
2026-07-15 13:51:33,453 90371 INFO oca_module_testing werkzeug: 127.0.0.1 - - [15/Jul/2026 13:51:33] "POST /web/dataset/call_button/document.automate/action_process_document#document.automate.action_process_document HTTP/1.1" 200 - 3 0.001 0.684
2026-07-15 13:51:49,540 90371 WARNING 19_theme_setting odoo.addons.base.models.ir_cron: Skipping database 19_theme_setting as its base version is not 19.0.1.3. 
2026-07-15 13:51:49,543 90371 WARNING manas odoo.addons.base.models.ir_cron: Skipping database manas as its base version is not 19.0.1.3. 
2026-07-15 13:51:49,548 90371 INFO oca_module_testing odoo.addons.base.models.ir_cron: Job 'Base: Auto-vacuum internal data' (1) starting 
2026-07-15 13:51:49,775 90371 INFO oca_module_testing odoo.addons.sms.models.sms_sms: GC'd 0 sms marked for deletion 
2026-07-15 13:51:49,867 90371 INFO oca_module_testing odoo.addons.base.models.ir_attachment: filestore gc 0 checked, 0 removed 
2026-07-15 13:51:49,885 90371 INFO oca_module_testing odoo.addons.base.models.res_device: GC device logs delete 0 entries 
2026-07-15 13:51:49,890 90371 INFO oca_module_testing odoo.addons.base.models.res_users: GC'd 0 user log entries 
2026-07-15 13:51:49,936 90371 INFO oca_module_testing odoo.addons.base.models.res_users: GC 'res.users.apikeys' delete 0 entries 
2026-07-15 13:51:49,951 90371 INFO oca_module_testing odoo.addons.base.models.res_device: GC device logs delete 0 entries 
2026-07-15 13:51:49,965 90371 INFO oca_module_testing odoo.addons.base.models.res_users: GC 'auth_totp.device' delete 0 entries 
2026-07-15 13:51:49,985 90371 INFO oca_module_testing odoo.addons.api_doc.models.ir_attachment: GC'd 0 /doc cached index 
2026-07-15 13:51:50,068 90371 INFO oca_module_testing odoo.addons.base.models.ir_cron: Job 'Base: Auto-vacuum internal data' (1) fully done (#loop 1; done 129; remaining 0; duration 0.52s) 
2026-07-15 13:51:50,071 90371 WARNING odoo_19_test_try odoo.addons.base.models.ir_cron: Skipping database odoo_19_test_try as its base version is not 19.0.1.3. 
2026-07-15 13:51:50,073 90371 WARNING theme_test odoo.addons.base.models.ir_cron: Skipping database theme_test as its base version is not 19.0.1.3. 
2026-07-15 13:51:50,186 90371 WARNING 19_theme_setting odoo.addons.base.models.ir_cron: Skipping database 19_theme_setting as its base version is not 19.0.1.3. 
2026-07-15 13:51:50,190 90371 WARNING manas odoo.addons.base.models.ir_cron: Skipping database manas as its base version is not 19.0.1.3. 
2026-07-15 13:51:50,193 90371 WARNING odoo_19_test_try odoo.addons.base.models.ir_cron: Skipping database odoo_19_test_try as its base version is not 19.0.1.3. 
2026-07-15 13:51:50,195 90371 WARNING theme_test odoo.addons.base.models.ir_cron: Skipping database theme_test as its base version is not 19.0.1.3. 
2026-07-15 13:52:50,092 90371 WARNING 19_theme_setting odoo.addons.base.models.ir_cron: Skipping database 19_theme_setting as its base version is not 19.0.1.3. 
2026-07-15 13:52:50,096 90371 WARNING manas odoo.addons.base.models.ir_cron: Skipping database manas as its base version is not 19.0.1.3. 
2026-07-15 13:52:50,099 90371 WARNING odoo_19_test_try odoo.addons.base.models.ir_cron: Skipping database odoo_19_test_try as its base version is not 19.0.1.3. 
2026-07-15 13:52:50,101 90371 WARNING theme_test odoo.addons.base.models.ir_cron: Skipping database theme_test as its base version is not 19.0.1.3. 
2026-07-15 13:52:51,270 90371 WARNING 19_theme_setting odoo.addons.base.models.ir_cron: Skipping database 19_theme_setting as its base version is not 19.0.1.3. 
2026-07-15 13:52:51,275 90371 WARNING manas odoo.addons.base.models.ir_cron: Skipping database manas as its base version is not 19.0.1.3. 
2026-07-15 13:52:51,280 90371 WARNING odoo_19_test_try odoo.addons.base.models.ir_cron: Skipping database odoo_19_test_try as its base version is not 19.0.1.3. 
2026-07-15 13:52:51,283 90371 WARNING theme_test odoo.addons.base.models.ir_cron: Skipping database theme_test as its base version is not 19.0.1.3. 
2026-07-15 13:53:50,171 90371 WARNING 19_theme_setting odoo.addons.base.models.ir_cron: Skipping database 19_theme_setting as its base version is not 19.0.1.3. 
2026-07-15 13:53:50,175 90371 WARNING manas odoo.addons.base.models.ir_cron: Skipping database manas as its base version is not 19.0.1.3. 
2026-07-15 13:53:50,178 90371 WARNING odoo_19_test_try odoo.addons.base.models.ir_cron: Skipping database odoo_19_test_try as its base version is not 19.0.1.3. 
2026-07-15 13:53:50,180 90371 WARNING theme_test odoo.addons.base.models.ir_cron: Skipping database theme_test as its base version is not 19.0.1.3. 
2026-07-15 13:53:52,367 90371 WARNING 19_theme_setting odoo.addons.base.models.ir_cron: Skipping database 19_theme_setting as its base version is not 19.0.1.3. 
2026-07-15 13:53:52,372 90371 WARNING manas odoo.addons.base.models.ir_cron: Skipping database manas as its base version is not 19.0.1.3. 
2026-07-15 13:53:52,376 90371 WARNING odoo_19_test_try odoo.addons.base.models.ir_cron: Skipping database odoo_19_test_try as its base version is not 19.0.1.3. 
2026-07-15 13:53:52,378 90371 WARNING theme_test odoo.addons.base.models.ir_cron: Skipping database theme_test as its base version is not 19.0.1.3. 
2026-07-15 13:54:01,220 90371 WARNING oca_module_testing odoo.http: Failed to process document with AI Agent: AI Agent Error (400): {
  "error": {
    "code": 400,
    "message": "API key not valid. Please pass a valid API key.",
    "status": "INVALID_ARGUMENT",
    "details": [
      {
        "@type": "type.googleapis.com/google.rpc.ErrorInfo",
        "reason": "API_KEY_INVALID",
        "domain": "googleapis.com",
        "metadata": {
          "service": "generativelanguage.googleapis.com"
        }
      },
      {
        "@type": "type.googleapis.com/google.rpc.LocalizedMessage",
        "locale": "en-US",
        "message": "API key not valid. Please pass a valid API key."
      }
    ]
  }
}
 
2026-07-15 13:54:01,222 90371 INFO oca_module_testing werkzeug: 127.0.0.1 - - [15/Jul/2026 13:54:01] "POST /web/dataset/call_button/document.automate/action_process_document#document.automate.action_process_document HTTP/1.1" 200 - 3 0.001 0.509
2026-07-15 13:54:50,255 90371 WARNING 19_theme_setting odoo.addons.base.models.ir_cron: Skipping database 19_theme_setting as its base version is not 19.0.1.3. 
2026-07-15 13:54:50,260 90371 WARNING manas odoo.addons.base.models.ir_cron: Skipping database manas as its base version is not 19.0.1.3. 
2026-07-15 13:54:50,266 90371 WARNING odoo_19_test_try odoo.addons.base.models.ir_cron: Skipping database odoo_19_test_try as its base version is not 19.0.1.3. 
2026-07-15 13:54:50,269 90371 WARNING theme_test odoo.addons.base.models.ir_cron: Skipping database theme_test as its base version is not 19.0.1.3. 
2026-07-15 13:54:53,399 90371 WARNING 19_theme_setting odoo.addons.base.models.ir_cron: Skipping database 19_theme_setting as its base version is not 19.0.1.3. 
2026-07-15 13:54:53,403 90371 WARNING manas odoo.addons.base.models.ir_cron: Skipping database manas as its base version is not 19.0.1.3. 
2026-07-15 13:54:53,406 90371 WARNING odoo_19_test_try odoo.addons.base.models.ir_cron: Skipping database odoo_19_test_try as its base version is not 19.0.1.3. 
2026-07-15 13:54:53,408 90371 WARNING theme_test odoo.addons.base.models.ir_cron: Skipping database theme_test as its base version is not 19.0.1.3. 
2026-07-15 13:55:23,857 90371 INFO oca_module_testing werkzeug: 127.0.0.1 - - [15/Jul/2026 13:55:23] "GET /odoo/action-482/1 HTTP/1.1" 200 - 22 0.008 0.017
2026-07-15 13:55:23,900 90371 INFO oca_module_testing werkzeug: 127.0.0.1 - - [15/Jul/2026 13:55:23] "GET /web/webclient/load_menus HTTP/1.1" 200 - 1 0.001 0.011
2026-07-15 13:55:24,160 90371 INFO oca_module_testing werkzeug: 127.0.0.1 - - [15/Jul/2026 13:55:24] "GET /web/webclient/translations?hash=6f78d8b6a7be6ecf0a1ac069aa3931f51287c360&lang=en_US HTTP/1.1" 200 - 1 0.001 0.002
2026-07-15 13:55:24,307 90371 INFO oca_module_testing werkzeug: 127.0.0.1 - - [15/Jul/2026 13:55:24] "GET /web/image?model=res.users&field=avatar_128&id=2 HTTP/1.1" 304 - 9 0.008 0.018
2026-07-15 13:55:24,316 90371 INFO oca_module_testing werkzeug: 127.0.0.1 - - [15/Jul/2026 13:55:24] "GET /bus/websocket_worker_bundle?v=19.0-2 HTTP/1.1" 304 - 3 0.006 0.018
2026-07-15 13:55:24,320 90371 INFO oca_module_testing werkzeug: 127.0.0.1 - - [15/Jul/2026 13:55:24] "POST /web/dataset/call_kw/document.automate/get_views#document.automate.get_views HTTP/1.1" 200 - 2 0.005 0.029
2026-07-15 13:55:24,329 90371 INFO oca_module_testing werkzeug: 127.0.0.1 - - [15/Jul/2026 13:55:24] "POST /web/dataset/call_kw/document.automate/web_read#document.automate.web_read HTTP/1.1" 200 - 3 0.007 0.017
2026-07-15 13:55:24,361 90371 INFO oca_module_testing werkzeug: 127.0.0.1 - - [15/Jul/2026 13:55:24] "POST /mail/data HTTP/1.1" 200 - 39 0.032 0.039
2026-07-15 13:55:24,440 90371 INFO oca_module_testing werkzeug: 127.0.0.1 - - [15/Jul/2026 13:55:24] "GET /websocket?version=19.0-2 HTTP/1.1" 101 - 1 0.001 0.003
2026-07-15 13:55:24,863 90371 INFO oca_module_testing werkzeug: 127.0.0.1 - - [15/Jul/2026 13:55:24] "GET /web/service-worker.js HTTP/1.1" 200 - 1 0.001 0.002
2026-07-15 13:55:27,256 90371 INFO oca_module_testing werkzeug: 127.0.0.1 - - [15/Jul/2026 13:55:27] "POST /web/action/load HTTP/1.1" 200 - 11 0.004 0.007
2026-07-15 13:55:27,415 90371 INFO oca_module_testing werkzeug: 127.0.0.1 - - [15/Jul/2026 13:55:27] "POST /web/dataset/call_kw/ir.module.module/get_views#ir.module.module.get_views HTTP/1.1" 200 - 38 0.016 0.032
2026-07-15 13:55:27,428 90371 INFO oca_module_testing werkzeug: 127.0.0.1 - - [15/Jul/2026 13:55:27] "POST /web/dataset/call_kw/ir.module.module/search_panel_select_range#ir.module.module.search_panel_select_range HTTP/1.1" 200 - 1 0.001 0.004
2026-07-15 13:55:27,458 90371 INFO oca_module_testing werkzeug: 127.0.0.1 - - [15/Jul/2026 13:55:27] "POST /web/dataset/call_kw/ir.module.module/check_module_update#ir.module.module.check_module_update HTTP/1.1" 200 - 2 0.001 0.004
2026-07-15 13:55:27,466 90371 INFO oca_module_testing werkzeug: 127.0.0.1 - - [15/Jul/2026 13:55:27] "POST /web/dataset/call_kw/ir.module.module/web_search_read#ir.module.module.web_search_read HTTP/1.1" 200 - 4 0.005 0.032
2026-07-15 13:55:27,471 90371 INFO oca_module_testing werkzeug: 127.0.0.1 - - [15/Jul/2026 13:55:27] "POST /web/dataset/call_kw/ir.module.module/search_panel_select_range#ir.module.module.search_panel_select_range HTTP/1.1" 200 - 53 0.025 0.021
2026-07-15 13:55:27,549 90371 INFO oca_module_testing werkzeug: 127.0.0.1 - - [15/Jul/2026 13:55:27] "POST /web/dataset/call_kw/ir.module.module/check_module_update#ir.module.module.check_module_update HTTP/1.1" 200 - 2 0.001 0.003
2026-07-15 13:55:29,174 90371 INFO oca_module_testing werkzeug: 127.0.0.1 - - [15/Jul/2026 13:55:29] "POST /web/dataset/call_kw/ir.module.module/search_panel_select_range#ir.module.module.search_panel_select_range HTTP/1.1" 200 - 50 0.016 0.014
2026-07-15 13:55:29,179 90371 INFO oca_module_testing werkzeug: 127.0.0.1 - - [15/Jul/2026 13:55:29] "POST /web/dataset/call_kw/ir.module.module/web_search_read#ir.module.module.web_search_read HTTP/1.1" 200 - 4 0.005 0.029
2026-07-15 13:55:29,241 90371 INFO oca_module_testing werkzeug: 127.0.0.1 - - [15/Jul/2026 13:55:29] "POST /web/dataset/call_kw/ir.module.module/check_module_update#ir.module.module.check_module_update HTTP/1.1" 200 - 2 0.001 0.002
2026-07-15 13:55:34,811 90371 INFO oca_module_testing werkzeug: 127.0.0.1 - - [15/Jul/2026 13:55:34] "POST /web/dataset/call_kw/ir.module.module/search_panel_select_range#ir.module.module.search_panel_select_range HTTP/1.1" 200 - 50 0.015 0.020
2026-07-15 13:55:34,827 90371 INFO oca_module_testing werkzeug: 127.0.0.1 - - [15/Jul/2026 13:55:34] "POST /web/dataset/call_kw/ir.module.module/web_search_read#ir.module.module.web_search_read HTTP/1.1" 200 - 3 0.003 0.005
2026-07-15 13:55:34,848 90371 INFO oca_module_testing werkzeug: 127.0.0.1 - - [15/Jul/2026 13:55:34] "POST /web/dataset/call_kw/ir.module.module/check_module_update#ir.module.module.check_module_update HTTP/1.1" 200 - 2 0.001 0.003
2026-07-15 13:55:37,893 90371 INFO oca_module_testing odoo.addons.base.models.ir_module: ALLOW access to module.button_immediate_upgrade on ['Document Automate'] to user admin #2 via 127.0.0.1 
2026-07-15 13:55:37,894 90371 INFO oca_module_testing odoo.addons.base.models.ir_module: ALLOW access to module.button_upgrade on ['Document Automate'] to user admin #2 via 127.0.0.1 
2026-07-15 13:55:37,894 90371 INFO oca_module_testing odoo.addons.base.models.ir_module: ALLOW access to module.update_list on ['Document Automate'] to user admin #2 via 127.0.0.1 
2026-07-15 13:55:38,053 90371 WARNING oca_module_testing odoo.modules.module: Missing `author` key in manifest for 'analytix_finance_dashboard', defaulting to '' 
2026-07-15 13:55:38,098 90371 WARNING oca_module_testing odoo.modules.module: Missing `license` key in manifest for 'document_automate', defaulting to LGPL-3 
2026-07-15 13:55:38,742 90371 INFO oca_module_testing odoo.addons.base.models.ir_module: ALLOW access to module.button_install on [] to user admin #2 via 127.0.0.1 
2026-07-15 13:55:38,780 90371 INFO oca_module_testing odoo.modules.loading: loading 1 modules... 
2026-07-15 13:55:38,785 90371 INFO oca_module_testing odoo.modules.loading: 1 modules loaded in 0.00s, 0 queries (+0 extra) 
2026-07-15 13:55:38,811 90371 INFO oca_module_testing odoo.modules.loading: updating modules list 
2026-07-15 13:55:38,812 90371 INFO oca_module_testing odoo.addons.base.models.ir_module: ALLOW access to module.update_list on [] to user __system__ #1 via 127.0.0.1 
2026-07-15 13:55:38,917 90371 WARNING oca_module_testing odoo.modules.module: Missing `author` key in manifest for 'analytix_finance_dashboard', defaulting to '' 
2026-07-15 13:55:38,946 90371 WARNING oca_module_testing odoo.modules.module: Missing `license` key in manifest for 'document_automate', defaulting to LGPL-3 
2026-07-15 13:55:39,340 90371 INFO oca_module_testing odoo.modules.loading: loading 86 modules... 
2026-07-15 13:55:39,340 90371 INFO oca_module_testing odoo.modules.loading: Loading module document_automate (2/86) 
2026-07-15 13:55:39,343 90371 INFO oca_module_testing odoo.registry: module document_automate: creating or updating database tables 
2026-07-15 13:55:39,356 90371 INFO oca_module_testing odoo.modules.loading: loading document_automate/security/ir.model.access.csv 
2026-07-15 13:55:39,361 90371 INFO oca_module_testing odoo.modules.loading: loading document_automate/views/document_automate_views.xml 
2026-07-15 13:55:39,384 90371 INFO oca_module_testing odoo.addons.base.models.ir_module: module document_automate: no translation for language ar_001 
2026-07-15 13:55:39,388 90371 INFO oca_module_testing odoo.modules.loading: Module document_automate loaded in 0.05s, 85 queries (+85 other) 
2026-07-15 13:55:39,413 90371 INFO oca_module_testing odoo.modules.loading: 86 modules loaded in 0.07s, 85 queries (+85 extra) 
2026-07-15 13:55:39,785 90371 INFO oca_module_testing odoo.registry: verifying fields for every extended model 
2026-07-15 13:55:40,123 90371 INFO oca_module_testing odoo.modules.loading: Modules loaded. 
2026-07-15 13:55:40,140 90371 INFO oca_module_testing odoo.registry: Registry changed, signaling through the database 
2026-07-15 13:55:40,141 90371 INFO oca_module_testing odoo.registry: Registry loaded in 1.371s 
2026-07-15 13:55:40,141 90371 INFO oca_module_testing odoo.addons.base.models.ir_module: getting next ir.actions.todo() 
2026-07-15 13:55:40,154 90371 INFO oca_module_testing werkzeug: 127.0.0.1 - - [15/Jul/2026 13:55:40] "POST /web/dataset/call_button/ir.module.module/button_immediate_upgrade#ir.module.module.button_immediate_upgrade HTTP/1.1" 200 - 4624 1.057 1.208
2026-07-15 13:55:40,161 90371 INFO oca_module_testing odoo.addons.base.models.ir_http: Generating routing map for key None 
2026-07-15 13:55:40,498 90371 INFO oca_module_testing werkzeug: 127.0.0.1 - - [15/Jul/2026 13:55:40] "GET /odoo HTTP/1.1" 200 - 78 0.024 0.314
2026-07-15 13:55:40,586 90371 INFO oca_module_testing werkzeug: 127.0.0.1 - - [15/Jul/2026 13:55:40] "GET /web/webclient/load_menus HTTP/1.1" 200 - 13 0.010 0.029
2026-07-15 13:55:40,798 90371 INFO oca_module_testing werkzeug: 127.0.0.1 - - [15/Jul/2026 13:55:40] "GET /web/webclient/translations?hash=&lang=en_US HTTP/1.1" 200 - 2 0.001 0.003
2026-07-15 13:55:40,925 90371 INFO oca_module_testing werkzeug: 127.0.0.1 - - [15/Jul/2026 13:55:40] "POST /web/action/load HTTP/1.1" 200 - 7 0.008 0.008
2026-07-15 13:55:40,936 90371 INFO oca_module_testing werkzeug: 127.0.0.1 - - [15/Jul/2026 13:55:40] "GET /bus/websocket_worker_bundle?v=19.0-2 HTTP/1.1" 304 - 4 0.005 0.020
2026-07-15 13:55:40,943 90371 INFO oca_module_testing werkzeug: 127.0.0.1 - - [15/Jul/2026 13:55:40] "GET /web/image?model=res.users&field=avatar_128&id=2 HTTP/1.1" 304 - 16 0.020 0.014
2026-07-15 13:55:40,950 90371 INFO oca_module_testing werkzeug: 127.0.0.1 - - [15/Jul/2026 13:55:40] "GET /websocket?version=19.0-2 HTTP/1.1" 101 - 1 0.001 0.005
2026-07-15 13:55:40,987 90371 INFO oca_module_testing werkzeug: 127.0.0.1 - - [15/Jul/2026 13:55:40] "POST /mail/data HTTP/1.1" 200 - 64 0.040 0.037
2026-07-15 13:55:41,057 90371 INFO oca_module_testing werkzeug: 127.0.0.1 - - [15/Jul/2026 13:55:41] "POST /web/dataset/call_kw/account.move/get_analytix_dashboard_data#account.move.get_analytix_dashboard_data HTTP/1.1" 200 - 29 0.009 0.014
2026-07-15 13:55:41,063 90371 INFO oca_module_testing odoo.addons.base.models.ir_model: Access Denied by ACLs for operation: read, uid: 2, model: analytix.document 
2026-07-15 13:55:41,066 90371 WARNING oca_module_testing odoo.http: You are not allowed to access 'Analytix Finance Document' (analytix.document) records.

No group currently allows this operation.

Contact your administrator to request access if necessary. 
2026-07-15 13:55:41,066 90371 INFO oca_module_testing werkzeug: 127.0.0.1 - - [15/Jul/2026 13:55:41] "POST /web/dataset/call_kw/analytix.document/get_analytix_documents_list#analytix.document.get_analytix_documents_list HTTP/1.1" 200 - 4 0.002 0.003
2026-07-15 13:55:41,523 90371 INFO oca_module_testing werkzeug: 127.0.0.1 - - [15/Jul/2026 13:55:41] "GET /web/service-worker.js HTTP/1.1" 200 - 1 0.000 0.002
2026-07-15 13:55:45,593 90371 INFO oca_module_testing werkzeug: 127.0.0.1 - - [15/Jul/2026 13:55:45] "POST /web/action/load HTTP/1.1" 200 - 10 0.003 0.006
2026-07-15 13:55:45,638 90371 INFO oca_module_testing werkzeug: 127.0.0.1 - - [15/Jul/2026 13:55:45] "POST /web/dataset/call_kw/document.automate/get_views#document.automate.get_views HTTP/1.1" 200 - 20 0.011 0.016
2026-07-15 13:55:45,655 90371 INFO oca_module_testing werkzeug: 127.0.0.1 - - [15/Jul/2026 13:55:45] "POST /web/dataset/call_kw/document.automate/web_search_read#document.automate.web_search_read HTTP/1.1" 200 - 3 0.002 0.003
2026-07-15 13:55:46,961 90371 INFO oca_module_testing werkzeug: 127.0.0.1 - - [15/Jul/2026 13:55:46] "POST /web/dataset/call_kw/document.automate/web_read#document.automate.web_read HTTP/1.1" 200 - 3 0.001 0.003
2026-07-15 13:55:48,438 90371 WARNING oca_module_testing odoo.http: Failed to process document with AI Agent: AI Agent Error (400): {
  "error": {
    "code": 400,
    "message": "API key not valid. Please pass a valid API key.",
    "status": "INVALID_ARGUMENT",
    "details": [
      {
        "@type": "type.googleapis.com/google.rpc.ErrorInfo",
        "reason": "API_KEY_INVALID",
        "domain": "googleapis.com",
        "metadata": {
          "service": "generativelanguage.googleapis.com"
        }
      },
      {
        "@type": "type.googleapis.com/google.rpc.LocalizedMessage",
        "locale": "en-US",
        "message": "API key not valid. Please pass a valid API key."
      }
    ]
  }
}
 
2026-07-15 13:55:48,439 90371 INFO oca_module_testing werkzeug: 127.0.0.1 - - [15/Jul/2026 13:55:48] "POST /web/dataset/call_button/document.automate/action_process_document#document.automate.action_process_document HTTP/1.1" 200 - 3 0.001 0.550
2026-07-15 13:55:50,344 90371 WARNING 19_theme_setting odoo.addons.base.models.ir_cron: Skipping database 19_theme_setting as its base version is not 19.0.1.3. 
2026-07-15 13:55:50,349 90371 WARNING manas odoo.addons.base.models.ir_cron: Skipping database manas as its base version is not 19.0.1.3. 
2026-07-15 13:55:50,354 90371 WARNING odoo_19_test_try odoo.addons.base.models.ir_cron: Skipping database odoo_19_test_try as its base version is not 19.0.1.3. 
2026-07-15 13:55:50,356 90371 WARNING theme_test odoo.addons.base.models.ir_cron: Skipping database theme_test as its base version is not 19.0.1.3. 
2026-07-15 13:55:54,494 90371 WARNING 19_theme_setting odoo.addons.base.models.ir_cron: Skipping database 19_theme_setting as its base version is not 19.0.1.3. 
2026-07-15 13:55:54,500 90371 WARNING manas odoo.addons.base.models.ir_cron: Skipping database manas as its base version is not 19.0.1.3. 
2026-07-15 13:55:54,506 90371 WARNING odoo_19_test_try odoo.addons.base.models.ir_cron: Skipping database odoo_19_test_try as its base version is not 19.0.1.3. 
2026-07-15 13:55:54,509 90371 WARNING theme_test odoo.addons.base.models.ir_cron: Skipping database theme_test as its base version is not 19.0.1.3. 
2026-07-15 13:56:50,439 90371 WARNING 19_theme_setting odoo.addons.base.models.ir_cron: Skipping database 19_theme_setting as its base version is not 19.0.1.3. 
2026-07-15 13:56:50,446 90371 WARNING manas odoo.addons.base.models.ir_cron: Skipping database manas as its base version is not 19.0.1.3. 
2026-07-15 13:56:50,453 90371 INFO oca_module_testing odoo.addons.base.models.ir_cron: Job 'Base: Auto-vacuum internal data' (1) starting 
2026-07-15 13:56:50,900 90371 INFO oca_module_testing odoo.addons.base.models.res_device: GC device logs delete 0 entries 
2026-07-15 13:56:50,950 90371 INFO oca_module_testing odoo.addons.base.models.ir_attachment: filestore gc 0 checked, 0 removed 
2026-07-15 13:56:51,023 90371 INFO oca_module_testing odoo.addons.base.models.res_users: GC 'res.users.apikeys' delete 0 entries 
2026-07-15 13:56:51,031 90371 INFO oca_module_testing odoo.addons.sms.models.sms_sms: GC'd 0 sms marked for deletion 
2026-07-15 13:56:51,054 90371 INFO oca_module_testing odoo.addons.base.models.res_device: GC device logs delete 0 entries 
2026-07-15 13:56:51,077 90371 INFO oca_module_testing odoo.addons.base.models.res_users: GC'd 0 user log entries 
2026-07-15 13:56:51,208 90371 INFO oca_module_testing odoo.addons.base.models.res_users: GC 'auth_totp.device' delete 0 entries 
2026-07-15 13:56:51,350 90371 INFO oca_module_testing odoo.addons.api_doc.models.ir_attachment: GC'd 0 /doc cached index 
2026-07-15 13:56:51,379 90371 INFO oca_module_testing odoo.addons.base.models.ir_cron: Job 'Base: Auto-vacuum internal data' (1) fully done (#loop 1; done 129; remaining 0; duration 0.93s) 
2026-07-15 13:56:51,383 90371 WARNING odoo_19_test_try odoo.addons.base.models.ir_cron: Skipping database odoo_19_test_try as its base version is not 19.0.1.3. 
2026-07-15 13:56:51,387 90371 WARNING theme_test odoo.addons.base.models.ir_cron: Skipping database theme_test as its base version is not 19.0.1.3. 
2026-07-15 13:56:55,574 90371 WARNING 19_theme_setting odoo.addons.base.models.ir_cron: Skipping database 19_theme_setting as its base version is not 19.0.1.3. 
2026-07-15 13:56:55,583 90371 WARNING manas odoo.addons.base.models.ir_cron: Skipping database manas as its base version is not 19.0.1.3. 
2026-07-15 13:56:55,592 90371 WARNING odoo_19_test_try odoo.addons.base.models.ir_cron: Skipping database odoo_19_test_try as its base version is not 19.0.1.3. 
2026-07-15 13:56:55,595 90371 WARNING theme_test odoo.addons.base.models.ir_cron: Skipping database theme_test as its base version is not 19.0.1.3. 
2026-07-15 13:57:09,176 90371 INFO oca_module_testing werkzeug: 127.0.0.1 - - [15/Jul/2026 13:57:09] "GET /odoo/action-482/1 HTTP/1.1" 200 - 22 0.010 0.021
2026-07-15 13:57:09,237 90371 INFO oca_module_testing werkzeug: 127.0.0.1 - - [15/Jul/2026 13:57:09] "GET /web/webclient/load_menus HTTP/1.1" 200 - 1 0.001 0.024
2026-07-15 13:57:09,548 90371 INFO oca_module_testing werkzeug: 127.0.0.1 - - [15/Jul/2026 13:57:09] "GET /web/webclient/translations?hash=6f78d8b6a7be6ecf0a1ac069aa3931f51287c360&lang=en_US HTTP/1.1" 200 - 1 0.001 0.003
2026-07-15 13:57:09,728 90371 INFO oca_module_testing werkzeug: 127.0.0.1 - - [15/Jul/2026 13:57:09] "GET /web/image?model=res.users&field=avatar_128&id=2 HTTP/1.1" 304 - 9 0.008 0.017
2026-07-15 13:57:09,738 90371 INFO oca_module_testing werkzeug: 127.0.0.1 - - [15/Jul/2026 13:57:09] "POST /web/dataset/call_kw/document.automate/get_views#document.automate.get_views HTTP/1.1" 200 - 2 0.008 0.020
2026-07-15 13:57:09,739 90371 INFO oca_module_testing werkzeug: 127.0.0.1 - - [15/Jul/2026 13:57:09] "GET /bus/websocket_worker_bundle?v=19.0-2 HTTP/1.1" 304 - 3 0.007 0.013
2026-07-15 13:57:09,745 90371 INFO oca_module_testing werkzeug: 127.0.0.1 - - [15/Jul/2026 13:57:09] "POST /web/dataset/call_kw/document.automate/web_read#document.automate.web_read HTTP/1.1" 200 - 3 0.003 0.009
2026-07-15 13:57:09,804 90371 INFO oca_module_testing werkzeug: 127.0.0.1 - - [15/Jul/2026 13:57:09] "POST /mail/data HTTP/1.1" 200 - 39 0.041 0.046
2026-07-15 13:57:09,901 90371 INFO oca_module_testing werkzeug: 127.0.0.1 - - [15/Jul/2026 13:57:09] "GET /websocket?version=19.0-2 HTTP/1.1" 101 - 1 0.001 0.003
2026-07-15 13:57:10,189 90371 INFO oca_module_testing werkzeug: 127.0.0.1 - - [15/Jul/2026 13:57:10] "GET /web/service-worker.js HTTP/1.1" 200 - 1 0.001 0.003
2026-07-15 13:57:11,492 90371 INFO oca_module_testing werkzeug: 127.0.0.1 - - [15/Jul/2026 13:57:11] "POST /web/action/load HTTP/1.1" 200 - 11 0.004 0.008
2026-07-15 13:57:11,692 90371 INFO oca_module_testing werkzeug: 127.0.0.1 - - [15/Jul/2026 13:57:11] "POST /web/dataset/call_kw/ir.module.module/get_views#ir.module.module.get_views HTTP/1.1" 200 - 38 0.021 0.043
2026-07-15 13:57:11,708 90371 INFO oca_module_testing werkzeug: 127.0.0.1 - - [15/Jul/2026 13:57:11] "POST /web/dataset/call_kw/ir.module.module/search_panel_select_range#ir.module.module.search_panel_select_range HTTP/1.1" 200 - 1 0.001 0.005
2026-07-15 13:57:11,742 90371 INFO oca_module_testing werkzeug: 127.0.0.1 - - [15/Jul/2026 13:57:11] "POST /web/dataset/call_kw/ir.module.module/web_search_read#ir.module.module.web_search_read HTTP/1.1" 200 - 4 0.007 0.027
2026-07-15 13:57:11,757 90371 INFO oca_module_testing werkzeug: 127.0.0.1 - - [15/Jul/2026 13:57:11] "POST /web/dataset/call_kw/ir.module.module/search_panel_select_range#ir.module.module.search_panel_select_range HTTP/1.1" 200 - 53 0.030 0.024
2026-07-15 13:57:11,763 90371 INFO oca_module_testing werkzeug: 127.0.0.1 - - [15/Jul/2026 13:57:11] "POST /web/dataset/call_kw/ir.module.module/check_module_update#ir.module.module.check_module_update HTTP/1.1" 200 - 2 0.001 0.003
2026-07-15 13:57:11,834 90371 INFO oca_module_testing werkzeug: 127.0.0.1 - - [15/Jul/2026 13:57:11] "POST /web/dataset/call_kw/ir.module.module/check_module_update#ir.module.module.check_module_update HTTP/1.1" 200 - 2 0.002 0.004
2026-07-15 13:57:13,482 90371 INFO oca_module_testing werkzeug: 127.0.0.1 - - [15/Jul/2026 13:57:13] "POST /web/action/load HTTP/1.1" 200 - 10 0.004 0.008
2026-07-15 13:57:13,510 90371 INFO oca_module_testing werkzeug: 127.0.0.1 - - [15/Jul/2026 13:57:13] "POST /web/dataset/call_kw/base.module.update/get_views#base.module.update.get_views HTTP/1.1" 200 - 11 0.005 0.010
2026-07-15 13:57:13,525 90371 INFO oca_module_testing werkzeug: 127.0.0.1 - - [15/Jul/2026 13:57:13] "POST /web/dataset/call_kw/base.module.update/onchange#base.module.update.onchange HTTP/1.1" 200 - 2 0.002 0.004
2026-07-15 13:57:14,703 90371 INFO oca_module_testing werkzeug: 127.0.0.1 - - [15/Jul/2026 13:57:14] "POST /web/dataset/call_kw/base.module.update/web_save#base.module.update.web_save HTTP/1.1" 200 - 5 0.004 0.008
2026-07-15 13:57:14,714 90371 INFO oca_module_testing odoo.addons.base.models.ir_module: ALLOW access to module.update_list on [] to user admin #2 via 127.0.0.1 
2026-07-15 13:57:14,952 90371 WARNING oca_module_testing odoo.modules.module: Missing `author` key in manifest for 'analytix_finance_dashboard', defaulting to '' 
2026-07-15 13:57:15,014 90371 WARNING oca_module_testing odoo.modules.module: Missing `license` key in manifest for 'document_automate', defaulting to LGPL-3 
2026-07-15 13:57:15,875 90371 INFO oca_module_testing werkzeug: 127.0.0.1 - - [15/Jul/2026 13:57:15] "POST /web/dataset/call_button/base.module.update/update_module#base.module.update.update_module HTTP/1.1" 200 - 1566 0.498 0.668
2026-07-15 13:57:16,432 90371 INFO oca_module_testing werkzeug: 127.0.0.1 - - [15/Jul/2026 13:57:16] "POST /web/dataset/call_kw/ir.module.module/search_panel_select_range#ir.module.module.search_panel_select_range HTTP/1.1" 200 - 50 0.021 0.019
2026-07-15 13:57:16,436 90371 INFO oca_module_testing werkzeug: 127.0.0.1 - - [15/Jul/2026 13:57:16] "POST /web/dataset/call_kw/ir.module.module/web_search_read#ir.module.module.web_search_read HTTP/1.1" 200 - 4 0.006 0.035
2026-07-15 13:57:16,511 90371 INFO oca_module_testing werkzeug: 127.0.0.1 - - [15/Jul/2026 13:57:16] "POST /web/dataset/call_kw/ir.module.module/check_module_update#ir.module.module.check_module_update HTTP/1.1" 200 - 2 0.001 0.003
2026-07-15 13:57:18,840 90371 INFO oca_module_testing werkzeug: 127.0.0.1 - - [15/Jul/2026 13:57:18] "POST /web/dataset/call_kw/ir.module.module/search_panel_select_range#ir.module.module.search_panel_select_range HTTP/1.1" 200 - 50 0.018 0.021
2026-07-15 13:57:18,855 90371 INFO oca_module_testing werkzeug: 127.0.0.1 - - [15/Jul/2026 13:57:18] "POST /web/dataset/call_kw/ir.module.module/web_search_read#ir.module.module.web_search_read HTTP/1.1" 200 - 2 0.003 0.004
2026-07-15 13:57:18,876 90371 INFO oca_module_testing werkzeug: 127.0.0.1 - - [15/Jul/2026 13:57:18] "POST /web/dataset/call_kw/ir.module.module/check_module_update#ir.module.module.check_module_update HTTP/1.1" 200 - 2 0.001 0.003
2026-07-15 13:57:20,516 90371 INFO oca_module_testing werkzeug: 127.0.0.1 - - [15/Jul/2026 13:57:20] "POST /web/dataset/call_kw/ir.module.module/search_panel_select_range#ir.module.module.search_panel_select_range HTTP/1.1" 200 - 50 0.017 0.017
2026-07-15 13:57:20,524 90371 INFO oca_module_testing werkzeug: 127.0.0.1 - - [15/Jul/2026 13:57:20] "POST /web/dataset/call_kw/ir.module.module/web_search_read#ir.module.module.web_search_read HTTP/1.1" 200 - 4 0.005 0.035
2026-07-15 13:57:20,608 90371 INFO oca_module_testing werkzeug: 127.0.0.1 - - [15/Jul/2026 13:57:20] "POST /web/dataset/call_kw/ir.module.module/check_module_update#ir.module.module.check_module_update HTTP/1.1" 200 - 2 0.001 0.003
2026-07-15 13:57:21,606 90371 INFO oca_module_testing werkzeug: 127.0.0.1 - - [15/Jul/2026 13:57:21] "POST /web/dataset/call_kw/ir.module.module/search_panel_select_range#ir.module.module.search_panel_select_range HTTP/1.1" 200 - 50 0.020 0.024
2026-07-15 13:57:21,618 90371 INFO oca_module_testing werkzeug: 127.0.0.1 - - [15/Jul/2026 13:57:21] "POST /web/dataset/call_kw/ir.module.module/web_search_read#ir.module.module.web_search_read HTTP/1.1" 200 - 2 0.003 0.004
2026-07-15 13:57:21,629 90371 INFO oca_module_testing werkzeug: 127.0.0.1 - - [15/Jul/2026 13:57:21] "POST /web/dataset/call_kw/ir.module.module/check_module_update#ir.module.module.check_module_update HTTP/1.1" 200 - 2 0.001 0.003
2026-07-15 13:57:22,299 90371 INFO oca_module_testing werkzeug: 127.0.0.1 - - [15/Jul/2026 13:57:22] "POST /web/dataset/call_kw/ir.module.module/search_panel_select_range#ir.module.module.search_panel_select_range HTTP/1.1" 200 - 50 0.016 0.017
2026-07-15 13:57:22,303 90371 INFO oca_module_testing werkzeug: 127.0.0.1 - - [15/Jul/2026 13:57:22] "POST /web/dataset/call_kw/ir.module.module/web_search_read#ir.module.module.web_search_read HTTP/1.1" 200 - 4 0.005 0.031
2026-07-15 13:57:22,383 90371 INFO oca_module_testing werkzeug: 127.0.0.1 - - [15/Jul/2026 13:57:22] "POST /web/dataset/call_kw/ir.module.module/check_module_update#ir.module.module.check_module_update HTTP/1.1" 200 - 2 0.002 0.003
2026-07-15 13:57:23,358 90371 INFO oca_module_testing werkzeug: 127.0.0.1 - - [15/Jul/2026 13:57:23] "POST /web/dataset/call_kw/ir.module.module/search_panel_select_range#ir.module.module.search_panel_select_range HTTP/1.1" 200 - 50 0.018 0.021
2026-07-15 13:57:23,371 90371 INFO oca_module_testing werkzeug: 127.0.0.1 - - [15/Jul/2026 13:57:23] "POST /web/dataset/call_kw/ir.module.module/web_search_read#ir.module.module.web_search_read HTTP/1.1" 200 - 2 0.003 0.004
2026-07-15 13:57:23,382 90371 INFO oca_module_testing werkzeug: 127.0.0.1 - - [15/Jul/2026 13:57:23] "POST /web/dataset/call_kw/ir.module.module/check_module_update#ir.module.module.check_module_update HTTP/1.1" 200 - 2 0.001 0.003
2026-07-15 13:57:23,766 90371 INFO oca_module_testing werkzeug: 127.0.0.1 - - [15/Jul/2026 13:57:23] "POST /web/dataset/call_kw/ir.module.module/web_search_read#ir.module.module.web_search_read HTTP/1.1" 200 - 4 0.007 0.036
2026-07-15 13:57:23,769 90371 INFO oca_module_testing werkzeug: 127.0.0.1 - - [15/Jul/2026 13:57:23] "POST /web/dataset/call_kw/ir.module.module/search_panel_select_range#ir.module.module.search_panel_select_range HTTP/1.1" 200 - 50 0.026 0.021
2026-07-15 13:57:23,844 90371 INFO oca_module_testing werkzeug: 127.0.0.1 - - [15/Jul/2026 13:57:23] "POST /web/dataset/call_kw/ir.module.module/check_module_update#ir.module.module.check_module_update HTTP/1.1" 200 - 2 0.001 0.003
2026-07-15 13:57:26,254 90371 INFO oca_module_testing werkzeug: 127.0.0.1 - - [15/Jul/2026 13:57:26] "POST /web/dataset/call_kw/ir.module.module/search_panel_select_range#ir.module.module.search_panel_select_range HTTP/1.1" 200 - 50 0.018 0.022
2026-07-15 13:57:26,271 90371 INFO oca_module_testing werkzeug: 127.0.0.1 - - [15/Jul/2026 13:57:26] "POST /web/dataset/call_kw/ir.module.module/web_search_read#ir.module.module.web_search_read HTTP/1.1" 200 - 3 0.004 0.007
2026-07-15 13:57:26,289 90371 INFO oca_module_testing werkzeug: 127.0.0.1 - - [15/Jul/2026 13:57:26] "POST /web/dataset/call_kw/ir.module.module/check_module_update#ir.module.module.check_module_update HTTP/1.1" 200 - 2 0.001 0.003
2026-07-15 13:57:29,537 90371 INFO oca_module_testing odoo.addons.base.models.ir_module: ALLOW access to module.button_immediate_upgrade on ['Document Automate'] to user admin #2 via 127.0.0.1 
2026-07-15 13:57:29,539 90371 INFO oca_module_testing odoo.addons.base.models.ir_module: ALLOW access to module.button_upgrade on ['Document Automate'] to user admin #2 via 127.0.0.1 
2026-07-15 13:57:29,539 90371 INFO oca_module_testing odoo.addons.base.models.ir_module: ALLOW access to module.update_list on ['Document Automate'] to user admin #2 via 127.0.0.1 
2026-07-15 13:57:29,759 90371 WARNING oca_module_testing odoo.modules.module: Missing `author` key in manifest for 'analytix_finance_dashboard', defaulting to '' 
2026-07-15 13:57:29,823 90371 WARNING oca_module_testing odoo.modules.module: Missing `license` key in manifest for 'document_automate', defaulting to LGPL-3 
2026-07-15 13:57:30,726 90371 INFO oca_module_testing odoo.addons.base.models.ir_module: ALLOW access to module.button_install on [] to user admin #2 via 127.0.0.1 
2026-07-15 13:57:30,773 90371 INFO oca_module_testing odoo.modules.loading: loading 1 modules... 
2026-07-15 13:57:30,779 90371 INFO oca_module_testing odoo.modules.loading: 1 modules loaded in 0.01s, 0 queries (+0 extra) 
2026-07-15 13:57:30,828 90371 INFO oca_module_testing odoo.modules.loading: updating modules list 
2026-07-15 13:57:30,830 90371 INFO oca_module_testing odoo.addons.base.models.ir_module: ALLOW access to module.update_list on [] to user __system__ #1 via 127.0.0.1 
2026-07-15 13:57:31,099 90371 WARNING oca_module_testing odoo.modules.module: Missing `author` key in manifest for 'analytix_finance_dashboard', defaulting to '' 
2026-07-15 13:57:31,158 90371 WARNING oca_module_testing odoo.modules.module: Missing `license` key in manifest for 'document_automate', defaulting to LGPL-3 
2026-07-15 13:57:32,016 90371 INFO oca_module_testing odoo.modules.loading: loading 86 modules... 
2026-07-15 13:57:32,016 90371 INFO oca_module_testing odoo.modules.loading: Loading module document_automate (2/86) 
2026-07-15 13:57:32,021 90371 INFO oca_module_testing odoo.registry: module document_automate: creating or updating database tables 
2026-07-15 13:57:32,041 90371 INFO oca_module_testing odoo.modules.loading: loading document_automate/security/ir.model.access.csv 
2026-07-15 13:57:32,048 90371 INFO oca_module_testing odoo.modules.loading: loading document_automate/views/document_automate_views.xml 
2026-07-15 13:57:32,078 90371 INFO oca_module_testing odoo.addons.base.models.ir_module: module document_automate: no translation for language ar_001 
2026-07-15 13:57:32,084 90371 INFO oca_module_testing odoo.modules.loading: Module document_automate loaded in 0.07s, 85 queries (+85 other) 
2026-07-15 13:57:32,112 90371 INFO oca_module_testing odoo.modules.loading: 86 modules loaded in 0.10s, 85 queries (+85 extra) 
2026-07-15 13:57:32,477 90371 INFO oca_module_testing odoo.registry: verifying fields for every extended model 
2026-07-15 13:57:32,821 90371 INFO oca_module_testing odoo.modules.loading: Modules loaded. 
2026-07-15 13:57:32,837 90371 INFO oca_module_testing odoo.registry: Registry changed, signaling through the database 
2026-07-15 13:57:32,838 90371 INFO oca_module_testing odoo.registry: Registry loaded in 2.079s 
2026-07-15 13:57:32,838 90371 INFO oca_module_testing odoo.addons.base.models.ir_module: getting next ir.actions.todo() 
2026-07-15 13:57:32,853 90371 INFO oca_module_testing werkzeug: 127.0.0.1 - - [15/Jul/2026 13:57:32] "POST /web/dataset/call_button/ir.module.module/button_immediate_upgrade#ir.module.module.button_immediate_upgrade HTTP/1.1" 200 - 4621 1.518 1.804
2026-07-15 13:57:32,861 90371 INFO oca_module_testing odoo.addons.base.models.ir_http: Generating routing map for key None 
2026-07-15 13:57:33,141 90371 INFO oca_module_testing werkzeug: 127.0.0.1 - - [15/Jul/2026 13:57:33] "GET /odoo HTTP/1.1" 200 - 78 0.023 0.259
2026-07-15 13:57:33,208 90371 INFO oca_module_testing werkzeug: 127.0.0.1 - - [15/Jul/2026 13:57:33] "GET /web/webclient/load_menus HTTP/1.1" 200 - 13 0.010 0.023
2026-07-15 13:57:33,377 90371 INFO oca_module_testing werkzeug: 127.0.0.1 - - [15/Jul/2026 13:57:33] "GET /web/webclient/translations?hash=&lang=en_US HTTP/1.1" 200 - 2 0.001 0.002
2026-07-15 13:57:33,486 90371 INFO oca_module_testing werkzeug: 127.0.0.1 - - [15/Jul/2026 13:57:33] "POST /web/action/load HTTP/1.1" 200 - 7 0.009 0.006
2026-07-15 13:57:33,498 90371 INFO oca_module_testing werkzeug: 127.0.0.1 - - [15/Jul/2026 13:57:33] "GET /bus/websocket_worker_bundle?v=19.0-2 HTTP/1.1" 304 - 4 0.005 0.018
2026-07-15 13:57:33,502 90371 INFO oca_module_testing werkzeug: 127.0.0.1 - - [15/Jul/2026 13:57:33] "GET /web/image?model=res.users&field=avatar_128&id=2 HTTP/1.1" 304 - 16 0.017 0.014
2026-07-15 13:57:33,538 90371 INFO oca_module_testing werkzeug: 127.0.0.1 - - [15/Jul/2026 13:57:33] "POST /mail/data HTTP/1.1" 200 - 64 0.033 0.032
2026-07-15 13:57:33,578 90371 INFO oca_module_testing werkzeug: 127.0.0.1 - - [15/Jul/2026 13:57:33] "GET /websocket?version=19.0-2 HTTP/1.1" 101 - 1 0.001 0.002
2026-07-15 13:57:33,604 90371 INFO oca_module_testing werkzeug: 127.0.0.1 - - [15/Jul/2026 13:57:33] "POST /web/dataset/call_kw/account.move/get_analytix_dashboard_data#account.move.get_analytix_dashboard_data HTTP/1.1" 200 - 29 0.009 0.013
2026-07-15 13:57:33,608 90371 INFO oca_module_testing odoo.addons.base.models.ir_model: Access Denied by ACLs for operation: read, uid: 2, model: analytix.document 
2026-07-15 13:57:33,610 90371 WARNING oca_module_testing odoo.http: You are not allowed to access 'Analytix Finance Document' (analytix.document) records.

No group currently allows this operation.

Contact your administrator to request access if necessary. 
2026-07-15 13:57:33,610 90371 INFO oca_module_testing werkzeug: 127.0.0.1 - - [15/Jul/2026 13:57:33] "POST /web/dataset/call_kw/analytix.document/get_analytix_documents_list#analytix.document.get_analytix_documents_list HTTP/1.1" 200 - 4 0.001 0.003
2026-07-15 13:57:34,150 90371 INFO oca_module_testing werkzeug: 127.0.0.1 - - [15/Jul/2026 13:57:34] "GET /web/service-worker.js HTTP/1.1" 200 - 1 0.001 0.003
2026-07-15 13:57:35,259 90371 INFO oca_module_testing werkzeug: 127.0.0.1 - - [15/Jul/2026 13:57:35] "POST /web/action/load HTTP/1.1" 200 - 10 0.002 0.005
2026-07-15 13:57:35,303 90371 INFO oca_module_testing werkzeug: 127.0.0.1 - - [15/Jul/2026 13:57:35] "POST /web/dataset/call_kw/document.automate/get_views#document.automate.get_views HTTP/1.1" 200 - 20 0.008 0.012
2026-07-15 13:57:35,319 90371 INFO oca_module_testing werkzeug: 127.0.0.1 - - [15/Jul/2026 13:57:35] "POST /web/dataset/call_kw/document.automate/web_search_read#document.automate.web_search_read HTTP/1.1" 200 - 3 0.002 0.002
2026-07-15 13:57:36,260 90371 INFO oca_module_testing werkzeug: 127.0.0.1 - - [15/Jul/2026 13:57:36] "POST /web/dataset/call_kw/document.automate/onchange#document.automate.onchange HTTP/1.1" 200 - 2 0.001 0.003
2026-07-15 13:57:51,467 90371 WARNING 19_theme_setting odoo.addons.base.models.ir_cron: Skipping database 19_theme_setting as its base version is not 19.0.1.3. 
2026-07-15 13:57:51,473 90371 WARNING manas odoo.addons.base.models.ir_cron: Skipping database manas as its base version is not 19.0.1.3. 
2026-07-15 13:57:51,479 90371 WARNING odoo_19_test_try odoo.addons.base.models.ir_cron: Skipping database odoo_19_test_try as its base version is not 19.0.1.3. 
2026-07-15 13:57:51,499 90371 INFO tezzzzzzzzzzzzzzzzzzzzz odoo.addons.base.models.ir_cron: Job 'Notification: Notify scheduled messages' (8) starting 
2026-07-15 13:57:51,536 90371 INFO tezzzzzzzzzzzzzzzzzzzzz odoo.addons.base.models.ir_cron: Job 'Notification: Notify scheduled messages' (8) fully done (#loop 1; done 0; remaining 0; duration 0.04s) 
2026-07-15 13:57:51,549 90371 INFO tezzzzzzzzzzzzzzzzzzzzz odoo.addons.base.models.ir_cron: Job 'Payment: Post-process transactions' (15) starting 
2026-07-15 13:57:51,560 90371 INFO tezzzzzzzzzzzzzzzzzzzzz odoo.addons.base.models.ir_cron: Job 'Payment: Post-process transactions' (15) fully done (#loop 1; done 0; remaining 0; duration 0.01s) 
2026-07-15 13:57:51,565 90371 INFO tezzzzzzzzzzzzzzzzzzzzz odoo.addons.base.models.ir_cron: Job 'Mail: Email Queue Manager' (3) starting 
2026-07-15 13:57:51,587 90371 INFO tezzzzzzzzzzzzzzzzzzzzz odoo.addons.base.models.ir_cron: Job 'Mail: Email Queue Manager' (3) fully done (#loop 1; done 0; remaining 0; duration 0.02s) 
2026-07-15 13:57:51,590 90371 WARNING theme_test odoo.addons.base.models.ir_cron: Skipping database theme_test as its base version is not 19.0.1.3. 
2026-07-15 13:57:56,639 90371 WARNING 19_theme_setting odoo.addons.base.models.ir_cron: Skipping database 19_theme_setting as its base version is not 19.0.1.3. 
2026-07-15 13:57:56,648 90371 WARNING manas odoo.addons.base.models.ir_cron: Skipping database manas as its base version is not 19.0.1.3. 
2026-07-15 13:57:56,654 90371 WARNING odoo_19_test_try odoo.addons.base.models.ir_cron: Skipping database odoo_19_test_try as its base version is not 19.0.1.3. 
2026-07-15 13:57:56,657 90371 WARNING theme_test odoo.addons.base.models.ir_cron: Skipping database theme_test as its base version is not 19.0.1.3. 
2026-07-15 13:58:14,549 90371 INFO oca_module_testing werkzeug: 127.0.0.1 - - [15/Jul/2026 13:58:14] "POST /web/dataset/call_kw/document.automate/web_save#document.automate.web_save HTTP/1.1" 200 - 9 0.004 0.010
2026-07-15 13:58:19,165 90371 WARNING oca_module_testing odoo.http: Failed to process document with AI Agent: AI Agent Error (400): {
  "error": {
    "code": 400,
    "message": "API key not valid. Please pass a valid API key.",
    "status": "INVALID_ARGUMENT",
    "details": [
      {
        "@type": "type.googleapis.com/google.rpc.ErrorInfo",
        "reason": "API_KEY_INVALID",
        "domain": "googleapis.com",
        "metadata": {
          "service": "generativelanguage.googleapis.com"
        }
      },
      {
        "@type": "type.googleapis.com/google.rpc.LocalizedMessage",
        "locale": "en-US",
        "message": "API key not valid. Please pass a valid API key."
      }
    ]
  }
}
 
2026-07-15 13:58:19,166 90371 INFO oca_module_testing werkzeug: 127.0.0.1 - - [15/Jul/2026 13:58:19] "POST /web/dataset/call_button/document.automate/action_process_document#document.automate.action_process_document HTTP/1.1" 200 - 3 0.002 0.724
2026-07-15 13:58:51,661 90371 WARNING 19_theme_setting odoo.addons.base.models.ir_cron: Skipping database 19_theme_setting as its base version is not 19.0.1.3. 
2026-07-15 13:58:51,666 90371 WARNING manas odoo.addons.base.models.ir_cron: Skipping database manas as its base version is not 19.0.1.3. 
2026-07-15 13:58:51,669 90371 INFO oca_module_testing odoo.addons.base.models.ir_cron: Job 'Base: Auto-vacuum internal data' (1) starting 
2026-07-15 13:58:51,890 90371 INFO oca_module_testing odoo.addons.base.models.res_users: GC 'auth_totp.device' delete 0 entries 
2026-07-15 13:58:52,019 90371 INFO oca_module_testing odoo.addons.base.models.res_users: GC'd 0 user log entries 
2026-07-15 13:58:52,029 90371 INFO oca_module_testing odoo.addons.base.models.res_users: GC 'res.users.apikeys' delete 0 entries 
2026-07-15 13:58:52,074 90371 INFO oca_module_testing odoo.addons.api_doc.models.ir_attachment: GC'd 0 /doc cached index 
2026-07-15 13:58:52,084 90371 INFO oca_module_testing odoo.addons.base.models.ir_attachment: filestore gc 0 checked, 0 removed 
2026-07-15 13:58:52,104 90371 INFO oca_module_testing odoo.addons.base.models.res_device: GC device logs delete 0 entries 
2026-07-15 13:58:52,108 90371 INFO oca_module_testing odoo.addons.sms.models.sms_sms: GC'd 0 sms marked for deletion 
2026-07-15 13:58:52,171 90371 INFO oca_module_testing odoo.addons.base.models.res_device: GC device logs delete 0 entries 
2026-07-15 13:58:52,176 90371 INFO oca_module_testing odoo.addons.base.models.ir_cron: Job 'Base: Auto-vacuum internal data' (1) fully done (#loop 1; done 129; remaining 0; duration 0.51s) 
2026-07-15 13:58:52,179 90371 WARNING odoo_19_test_try odoo.addons.base.models.ir_cron: Skipping database odoo_19_test_try as its base version is not 19.0.1.3. 
2026-07-15 13:58:52,181 90371 WARNING theme_test odoo.addons.base.models.ir_cron: Skipping database theme_test as its base version is not 19.0.1.3. 
2026-07-15 13:58:57,714 90371 WARNING 19_theme_setting odoo.addons.base.models.ir_cron: Skipping database 19_theme_setting as its base version is not 19.0.1.3. 
2026-07-15 13:58:57,721 90371 WARNING manas odoo.addons.base.models.ir_cron: Skipping database manas as its base version is not 19.0.1.3. 
2026-07-15 13:58:57,727 90371 WARNING odoo_19_test_try odoo.addons.base.models.ir_cron: Skipping database odoo_19_test_try as its base version is not 19.0.1.3. 
2026-07-15 13:58:57,730 90371 WARNING theme_test odoo.addons.base.models.ir_cron: Skipping database theme_test as its base version is not 19.0.1.3. 
2026-07-15 13:59:52,260 90371 WARNING 19_theme_setting odoo.addons.base.models.ir_cron: Skipping database 19_theme_setting as its base version is not 19.0.1.3. 
2026-07-15 13:59:52,266 90371 WARNING manas odoo.addons.base.models.ir_cron: Skipping database manas as its base version is not 19.0.1.3. 
2026-07-15 13:59:52,271 90371 WARNING odoo_19_test_try odoo.addons.base.models.ir_cron: Skipping database odoo_19_test_try as its base version is not 19.0.1.3. 
2026-07-15 13:59:52,275 90371 WARNING theme_test odoo.addons.base.models.ir_cron: Skipping database theme_test as its base version is not 19.0.1.3. 
2026-07-15 13:59:58,776 90371 WARNING 19_theme_setting odoo.addons.base.models.ir_cron: Skipping database 19_theme_setting as its base version is not 19.0.1.3. 
2026-07-15 13:59:58,784 90371 WARNING manas odoo.addons.base.models.ir_cron: Skipping database manas as its base version is not 19.0.1.3. 
2026-07-15 13:59:58,789 90371 WARNING odoo_19_test_try odoo.addons.base.models.ir_cron: Skipping database odoo_19_test_try as its base version is not 19.0.1.3. 
2026-07-15 13:59:58,793 90371 WARNING theme_test odoo.addons.base.models.ir_cron: Skipping database theme_test as its base version is not 19.0.1.3. 
2026-07-15 14:00:52,362 90371 WARNING 19_theme_setting odoo.addons.base.models.ir_cron: Skipping database 19_theme_setting as its base version is not 19.0.1.3. 
2026-07-15 14:00:52,368 90371 WARNING manas odoo.addons.base.models.ir_cron: Skipping database manas as its base version is not 19.0.1.3. 
2026-07-15 14:00:52,373 90371 WARNING odoo_19_test_try odoo.addons.base.models.ir_cron: Skipping database odoo_19_test_try as its base version is not 19.0.1.3. 
2026-07-15 14:00:52,377 90371 WARNING theme_test odoo.addons.base.models.ir_cron: Skipping database theme_test as its base version is not 19.0.1.3. 
2026-07-15 14:00:59,879 90371 WARNING 19_theme_setting odoo.addons.base.models.ir_cron: Skipping database 19_theme_setting as its base version is not 19.0.1.3. 
2026-07-15 14:00:59,884 90371 WARNING manas odoo.addons.base.models.ir_cron: Skipping database manas as its base version is not 19.0.1.3. 
2026-07-15 14:00:59,890 90371 WARNING odoo_19_test_try odoo.addons.base.models.ir_cron: Skipping database odoo_19_test_try as its base version is not 19.0.1.3. 
2026-07-15 14:00:59,893 90371 WARNING theme_test odoo.addons.base.models.ir_cron: Skipping database theme_test as its base version is not 19.0.1.3. 
2026-07-15 14:01:52,457 90371 WARNING 19_theme_setting odoo.addons.base.models.ir_cron: Skipping database 19_theme_setting as its base version is not 19.0.1.3. 
2026-07-15 14:01:52,464 90371 WARNING manas odoo.addons.base.models.ir_cron: Skipping database manas as its base version is not 19.0.1.3. 
2026-07-15 14:01:52,470 90371 WARNING odoo_19_test_try odoo.addons.base.models.ir_cron: Skipping database odoo_19_test_try as its base version is not 19.0.1.3. 
2026-07-15 14:01:52,473 90371 WARNING theme_test odoo.addons.base.models.ir_cron: Skipping database theme_test as its base version is not 19.0.1.3. 
2026-07-15 14:02:00,984 90371 WARNING 19_theme_setting odoo.addons.base.models.ir_cron: Skipping database 19_theme_setting as its base version is not 19.0.1.3. 
2026-07-15 14:02:00,992 90371 WARNING manas odoo.addons.base.models.ir_cron: Skipping database manas as its base version is not 19.0.1.3. 
2026-07-15 14:02:00,999 90371 WARNING odoo_19_test_try odoo.addons.base.models.ir_cron: Skipping database odoo_19_test_try as its base version is not 19.0.1.3. 
2026-07-15 14:02:01,002 90371 WARNING theme_test odoo.addons.base.models.ir_cron: Skipping database theme_test as its base version is not 19.0.1.3. 
2026-07-15 14:02:42,435 90371 INFO oca_module_testing werkzeug: 127.0.0.1 - - [15/Jul/2026 14:02:42] "POST /web/dataset/call_kw/document.automate/web_search_read#document.automate.web_search_read HTTP/1.1" 200 - 2 0.001 0.003
2026-07-15 14:02:46,224 90371 INFO oca_module_testing werkzeug: 127.0.0.1 - - [15/Jul/2026 14:02:46] "POST /web/dataset/call_kw/account.move/get_analytix_dashboard_data#account.move.get_analytix_dashboard_data HTTP/1.1" 200 - 29 0.019 0.028
2026-07-15 14:02:46,235 90371 INFO oca_module_testing odoo.addons.base.models.ir_model: Access Denied by ACLs for operation: read, uid: 2, model: analytix.document 
2026-07-15 14:02:46,238 90371 WARNING oca_module_testing odoo.http: You are not allowed to access 'Analytix Finance Document' (analytix.document) records.

No group currently allows this operation.

Contact your administrator to request access if necessary. 
2026-07-15 14:02:46,239 90371 INFO oca_module_testing werkzeug: 127.0.0.1 - - [15/Jul/2026 14:02:46] "POST /web/dataset/call_kw/analytix.document/get_analytix_documents_list#analytix.document.get_analytix_documents_list HTTP/1.1" 200 - 3 0.002 0.005
2026-07-15 14:02:52,553 90371 WARNING 19_theme_setting odoo.addons.base.models.ir_cron: Skipping database 19_theme_setting as its base version is not 19.0.1.3. 
2026-07-15 14:02:52,560 90371 WARNING manas odoo.addons.base.models.ir_cron: Skipping database manas as its base version is not 19.0.1.3. 
2026-07-15 14:02:52,598 90371 INFO odoo19_demo odoo.addons.base.models.ir_cron: Job 'Notification: Notify scheduled messages' (8) starting 
2026-07-15 14:02:52,656 90371 INFO odoo19_demo odoo.addons.base.models.ir_cron: Job 'Notification: Notify scheduled messages' (8) fully done (#loop 1; done 0; remaining 0; duration 0.06s) 
2026-07-15 14:02:52,665 90371 INFO odoo19_demo odoo.addons.base.models.ir_cron: Job 'Mail: Email Queue Manager' (3) starting 
2026-07-15 14:02:52,686 90371 INFO odoo19_demo odoo.addons.base.models.ir_cron: Job 'Mail: Email Queue Manager' (3) fully done (#loop 1; done 0; remaining 0; duration 0.02s) 
2026-07-15 14:02:52,689 90371 WARNING odoo_19_test_try odoo.addons.base.models.ir_cron: Skipping database odoo_19_test_try as its base version is not 19.0.1.3. 
2026-07-15 14:02:52,694 90371 WARNING theme_test odoo.addons.base.models.ir_cron: Skipping database theme_test as its base version is not 19.0.1.3. 
2026-07-15 14:03:02,068 90371 WARNING 19_theme_setting odoo.addons.base.models.ir_cron: Skipping database 19_theme_setting as its base version is not 19.0.1.3. 
2026-07-15 14:03:02,074 90371 WARNING manas odoo.addons.base.models.ir_cron: Skipping database manas as its base version is not 19.0.1.3. 
2026-07-15 14:03:02,081 90371 WARNING odoo_19_test_try odoo.addons.base.models.ir_cron: Skipping database odoo_19_test_try as its base version is not 19.0.1.3. 
2026-07-15 14:03:02,084 90371 WARNING theme_test odoo.addons.base.models.ir_cron: Skipping database theme_test as its base version is not 19.0.1.3. 
2026-07-15 14:03:52,763 90371 WARNING 19_theme_setting odoo.addons.base.models.ir_cron: Skipping database 19_theme_setting as its base version is not 19.0.1.3. 
2026-07-15 14:03:52,769 90371 WARNING manas odoo.addons.base.models.ir_cron: Skipping database manas as its base version is not 19.0.1.3. 
2026-07-15 14:03:52,775 90371 WARNING odoo_19_test_try odoo.addons.base.models.ir_cron: Skipping database odoo_19_test_try as its base version is not 19.0.1.3. 
2026-07-15 14:03:52,779 90371 WARNING theme_test odoo.addons.base.models.ir_cron: Skipping database theme_test as its base version is not 19.0.1.3. 
2026-07-15 14:04:03,176 90371 WARNING 19_theme_setting odoo.addons.base.models.ir_cron: Skipping database 19_theme_setting as its base version is not 19.0.1.3. 
2026-07-15 14:04:03,184 90371 WARNING manas odoo.addons.base.models.ir_cron: Skipping database manas as its base version is not 19.0.1.3. 
2026-07-15 14:04:03,189 90371 WARNING odoo_19_test_try odoo.addons.base.models.ir_cron: Skipping database odoo_19_test_try as its base version is not 19.0.1.3. 
2026-07-15 14:04:03,192 90371 WARNING theme_test odoo.addons.base.models.ir_cron: Skipping database theme_test as its base version is not 19.0.1.3. 
2026-07-15 14:04:52,857 90371 WARNING 19_theme_setting odoo.addons.base.models.ir_cron: Skipping database 19_theme_setting as its base version is not 19.0.1.3. 
2026-07-15 14:04:52,864 90371 WARNING manas odoo.addons.base.models.ir_cron: Skipping database manas as its base version is not 19.0.1.3. 
2026-07-15 14:04:52,870 90371 WARNING odoo_19_test_try odoo.addons.base.models.ir_cron: Skipping database odoo_19_test_try as its base version is not 19.0.1.3. 
2026-07-15 14:04:52,874 90371 WARNING theme_test odoo.addons.base.models.ir_cron: Skipping database theme_test as its base version is not 19.0.1.3. 
2026-07-15 14:05:04,264 90371 WARNING 19_theme_setting odoo.addons.base.models.ir_cron: Skipping database 19_theme_setting as its base version is not 19.0.1.3. 
2026-07-15 14:05:04,272 90371 WARNING manas odoo.addons.base.models.ir_cron: Skipping database manas as its base version is not 19.0.1.3. 
2026-07-15 14:05:04,278 90371 WARNING odoo_19_test_try odoo.addons.base.models.ir_cron: Skipping database odoo_19_test_try as its base version is not 19.0.1.3. 
2026-07-15 14:05:04,281 90371 WARNING theme_test odoo.addons.base.models.ir_cron: Skipping database theme_test as its base version is not 19.0.1.3. 
2026-07-15 14:05:52,952 90371 WARNING 19_theme_setting odoo.addons.base.models.ir_cron: Skipping database 19_theme_setting as its base version is not 19.0.1.3. 
2026-07-15 14:05:52,958 90371 WARNING manas odoo.addons.base.models.ir_cron: Skipping database manas as its base version is not 19.0.1.3. 
2026-07-15 14:05:52,965 90371 WARNING odoo_19_test_try odoo.addons.base.models.ir_cron: Skipping database odoo_19_test_try as its base version is not 19.0.1.3. 
2026-07-15 14:05:52,968 90371 WARNING theme_test odoo.addons.base.models.ir_cron: Skipping database theme_test as its base version is not 19.0.1.3. 
2026-07-15 14:06:05,340 90371 WARNING 19_theme_setting odoo.addons.base.models.ir_cron: Skipping database 19_theme_setting as its base version is not 19.0.1.3. 
2026-07-15 14:06:05,349 90371 WARNING manas odoo.addons.base.models.ir_cron: Skipping database manas as its base version is not 19.0.1.3. 
2026-07-15 14:06:05,354 90371 WARNING odoo_19_test_try odoo.addons.base.models.ir_cron: Skipping database odoo_19_test_try as its base version is not 19.0.1.3. 
2026-07-15 14:06:05,357 90371 WARNING theme_test odoo.addons.base.models.ir_cron: Skipping database theme_test as its base version is not 19.0.1.3. 
2026-07-15 14:06:53,022 90371 WARNING 19_theme_setting odoo.addons.base.models.ir_cron: Skipping database 19_theme_setting as its base version is not 19.0.1.3. 
2026-07-15 14:06:53,029 90371 WARNING manas odoo.addons.base.models.ir_cron: Skipping database manas as its base version is not 19.0.1.3. 
2026-07-15 14:06:53,037 90371 WARNING odoo_19_test_try odoo.addons.base.models.ir_cron: Skipping database odoo_19_test_try as its base version is not 19.0.1.3. 
2026-07-15 14:06:53,040 90371 WARNING theme_test odoo.addons.base.models.ir_cron: Skipping database theme_test as its base version is not 19.0.1.3. 
2026-07-15 14:07:06,440 90371 WARNING 19_theme_setting odoo.addons.base.models.ir_cron: Skipping database 19_theme_setting as its base version is not 19.0.1.3. 
2026-07-15 14:07:06,447 90371 WARNING manas odoo.addons.base.models.ir_cron: Skipping database manas as its base version is not 19.0.1.3. 
2026-07-15 14:07:06,455 90371 WARNING odoo_19_test_try odoo.addons.base.models.ir_cron: Skipping database odoo_19_test_try as its base version is not 19.0.1.3. 
2026-07-15 14:07:06,458 90371 WARNING theme_test odoo.addons.base.models.ir_cron: Skipping database theme_test as its base version is not 19.0.1.3. 
2026-07-15 14:07:53,109 90371 WARNING 19_theme_setting odoo.addons.base.models.ir_cron: Skipping database 19_theme_setting as its base version is not 19.0.1.3. 
2026-07-15 14:07:53,113 90371 WARNING manas odoo.addons.base.models.ir_cron: Skipping database manas as its base version is not 19.0.1.3. 
2026-07-15 14:07:53,116 90371 WARNING odoo_19_test_try odoo.addons.base.models.ir_cron: Skipping database odoo_19_test_try as its base version is not 19.0.1.3. 
2026-07-15 14:07:53,130 90371 INFO tezzzzzzzzzzzzzzzzzzzzz odoo.addons.base.models.ir_cron: Job 'Payment: Post-process transactions' (15) starting 
2026-07-15 14:07:53,178 90371 INFO tezzzzzzzzzzzzzzzzzzzzz odoo.addons.base.models.ir_cron: Job 'Payment: Post-process transactions' (15) fully done (#loop 1; done 0; remaining 0; duration 0.05s) 
2026-07-15 14:07:53,194 90371 WARNING theme_test odoo.addons.base.models.ir_cron: Skipping database theme_test as its base version is not 19.0.1.3. 
2026-07-15 14:08:07,550 90371 WARNING 19_theme_setting odoo.addons.base.models.ir_cron: Skipping database 19_theme_setting as its base version is not 19.0.1.3. 
2026-07-15 14:08:07,555 90371 WARNING manas odoo.addons.base.models.ir_cron: Skipping database manas as its base version is not 19.0.1.3. 
2026-07-15 14:08:07,561 90371 WARNING odoo_19_test_try odoo.addons.base.models.ir_cron: Skipping database odoo_19_test_try as its base version is not 19.0.1.3. 
2026-07-15 14:08:07,565 90371 WARNING theme_test odoo.addons.base.models.ir_cron: Skipping database theme_test as its base version is not 19.0.1.3. 
2026-07-15 14:08:53,242 90371 WARNING 19_theme_setting odoo.addons.base.models.ir_cron: Skipping database 19_theme_setting as its base version is not 19.0.1.3. 
2026-07-15 14:08:53,250 90371 WARNING manas odoo.addons.base.models.ir_cron: Skipping database manas as its base version is not 19.0.1.3. 
2026-07-15 14:08:53,257 90371 WARNING odoo_19_test_try odoo.addons.base.models.ir_cron: Skipping database odoo_19_test_try as its base version is not 19.0.1.3. 
2026-07-15 14:08:53,261 90371 WARNING theme_test odoo.addons.base.models.ir_cron: Skipping database theme_test as its base version is not 19.0.1.3. 
2026-07-15 14:09:08,660 90371 WARNING 19_theme_setting odoo.addons.base.models.ir_cron: Skipping database 19_theme_setting as its base version is not 19.0.1.3. 
2026-07-15 14:09:08,666 90371 WARNING manas odoo.addons.base.models.ir_cron: Skipping database manas as its base version is not 19.0.1.3. 
2026-07-15 14:09:08,673 90371 WARNING odoo_19_test_try odoo.addons.base.models.ir_cron: Skipping database odoo_19_test_try as its base version is not 19.0.1.3. 
2026-07-15 14:09:08,676 90371 WARNING theme_test odoo.addons.base.models.ir_cron: Skipping database theme_test as its base version is not 19.0.1.3. 
2026-07-15 14:09:45,042 90371 INFO oca_module_testing werkzeug: 127.0.0.1 - - [15/Jul/2026 14:09:45] "GET /odoo/action-388 HTTP/1.1" 200 - 22 0.012 0.021
2026-07-15 14:09:45,118 90371 INFO oca_module_testing werkzeug: 127.0.0.1 - - [15/Jul/2026 14:09:45] "GET /web/webclient/load_menus HTTP/1.1" 200 - 1 0.003 0.030
2026-07-15 14:09:45,412 90371 INFO oca_module_testing werkzeug: 127.0.0.1 - - [15/Jul/2026 14:09:45] "GET /web/webclient/translations?hash=6f78d8b6a7be6ecf0a1ac069aa3931f51287c360&lang=en_US HTTP/1.1" 200 - 1 0.001 0.002
2026-07-15 14:09:45,593 90371 INFO oca_module_testing werkzeug: 127.0.0.1 - - [15/Jul/2026 14:09:45] "GET /web/image?model=res.users&field=avatar_128&id=2 HTTP/1.1" 304 - 9 0.006 0.014
2026-07-15 14:09:45,658 90371 INFO oca_module_testing werkzeug: 127.0.0.1 - - [15/Jul/2026 14:09:45] "POST /mail/data HTTP/1.1" 200 - 39 0.035 0.035
2026-07-15 14:09:45,725 90371 INFO oca_module_testing werkzeug: 127.0.0.1 - - [15/Jul/2026 14:09:45] "GET /bus/websocket_worker_bundle?v=19.0-2 HTTP/1.1" 304 - 3 0.002 0.004
2026-07-15 14:09:45,758 90371 INFO oca_module_testing werkzeug: 127.0.0.1 - - [15/Jul/2026 14:09:45] "GET /websocket?version=19.0-2 HTTP/1.1" 101 - 1 0.002 0.006
2026-07-15 14:09:45,782 90371 INFO oca_module_testing werkzeug: 127.0.0.1 - - [15/Jul/2026 14:09:45] "POST /web/dataset/call_kw/account.move/get_analytix_dashboard_data#account.move.get_analytix_dashboard_data HTTP/1.1" 200 - 29 0.019 0.026
2026-07-15 14:09:46,076 90371 INFO oca_module_testing werkzeug: 127.0.0.1 - - [15/Jul/2026 14:09:46] "GET /web/service-worker.js HTTP/1.1" 200 - 1 0.001 0.006
2026-07-15 14:09:47,429 90371 INFO oca_module_testing werkzeug: 127.0.0.1 - - [15/Jul/2026 14:09:47] "POST /web/action/load HTTP/1.1" 200 - 11 0.004 0.008
2026-07-15 14:09:47,512 90371 INFO oca_module_testing werkzeug: 127.0.0.1 - - [15/Jul/2026 14:09:47] "POST /web/dataset/call_kw/ir.module.module/get_views#ir.module.module.get_views HTTP/1.1" 200 - 38 0.019 0.041
2026-07-15 14:09:47,528 90371 INFO oca_module_testing werkzeug: 127.0.0.1 - - [15/Jul/2026 14:09:47] "POST /web/dataset/call_kw/ir.module.module/search_panel_select_range#ir.module.module.search_panel_select_range HTTP/1.1" 200 - 1 0.001 0.003
2026-07-15 14:09:47,568 90371 INFO oca_module_testing werkzeug: 127.0.0.1 - - [15/Jul/2026 14:09:47] "POST /web/dataset/call_kw/ir.module.module/web_search_read#ir.module.module.web_search_read HTTP/1.1" 200 - 4 0.006 0.033
2026-07-15 14:09:47,575 90371 INFO oca_module_testing werkzeug: 127.0.0.1 - - [15/Jul/2026 14:09:47] "POST /web/dataset/call_kw/ir.module.module/check_module_update#ir.module.module.check_module_update HTTP/1.1" 200 - 2 0.001 0.005
2026-07-15 14:09:47,581 90371 INFO oca_module_testing werkzeug: 127.0.0.1 - - [15/Jul/2026 14:09:47] "POST /web/dataset/call_kw/ir.module.module/search_panel_select_range#ir.module.module.search_panel_select_range HTTP/1.1" 200 - 53 0.031 0.024
2026-07-15 14:09:47,655 90371 INFO oca_module_testing werkzeug: 127.0.0.1 - - [15/Jul/2026 14:09:47] "POST /web/dataset/call_kw/ir.module.module/check_module_update#ir.module.module.check_module_update HTTP/1.1" 200 - 2 0.001 0.003
2026-07-15 14:09:48,757 90371 INFO oca_module_testing werkzeug: 127.0.0.1 - - [15/Jul/2026 14:09:48] "POST /web/dataset/call_kw/ir.module.module/search_panel_select_range#ir.module.module.search_panel_select_range HTTP/1.1" 200 - 50 0.017 0.018
2026-07-15 14:09:48,766 90371 INFO oca_module_testing werkzeug: 127.0.0.1 - - [15/Jul/2026 14:09:48] "POST /web/dataset/call_kw/ir.module.module/web_search_read#ir.module.module.web_search_read HTTP/1.1" 200 - 4 0.006 0.035
2026-07-15 14:09:48,838 90371 INFO oca_module_testing werkzeug: 127.0.0.1 - - [15/Jul/2026 14:09:48] "POST /web/dataset/call_kw/ir.module.module/check_module_update#ir.module.module.check_module_update HTTP/1.1" 200 - 2 0.001 0.003
2026-07-15 14:09:53,342 90371 WARNING 19_theme_setting odoo.addons.base.models.ir_cron: Skipping database 19_theme_setting as its base version is not 19.0.1.3. 
2026-07-15 14:09:53,350 90371 WARNING manas odoo.addons.base.models.ir_cron: Skipping database manas as its base version is not 19.0.1.3. 
2026-07-15 14:09:53,356 90371 WARNING odoo_19_test_try odoo.addons.base.models.ir_cron: Skipping database odoo_19_test_try as its base version is not 19.0.1.3. 
2026-07-15 14:09:53,358 90371 WARNING theme_test odoo.addons.base.models.ir_cron: Skipping database theme_test as its base version is not 19.0.1.3. 
2026-07-15 14:09:56,800 90371 INFO oca_module_testing werkzeug: 127.0.0.1 - - [15/Jul/2026 14:09:56] "POST /web/dataset/call_kw/ir.module.module/search_panel_select_range#ir.module.module.search_panel_select_range HTTP/1.1" 200 - 50 0.019 0.023
2026-07-15 14:09:56,815 90371 INFO oca_module_testing werkzeug: 127.0.0.1 - - [15/Jul/2026 14:09:56] "POST /web/dataset/call_kw/ir.module.module/web_search_read#ir.module.module.web_search_read HTTP/1.1" 200 - 3 0.004 0.006
2026-07-15 14:09:56,835 90371 INFO oca_module_testing werkzeug: 127.0.0.1 - - [15/Jul/2026 14:09:56] "POST /web/dataset/call_kw/ir.module.module/check_module_update#ir.module.module.check_module_update HTTP/1.1" 200 - 2 0.002 0.003
2026-07-15 14:09:59,794 90371 INFO oca_module_testing odoo.addons.base.models.ir_module: ALLOW access to module.button_immediate_upgrade on ['Document Automate'] to user admin #2 via 127.0.0.1 
2026-07-15 14:09:59,796 90371 INFO oca_module_testing odoo.addons.base.models.ir_module: ALLOW access to module.button_upgrade on ['Document Automate'] to user admin #2 via 127.0.0.1 
2026-07-15 14:09:59,796 90371 INFO oca_module_testing odoo.addons.base.models.ir_module: ALLOW access to module.update_list on ['Document Automate'] to user admin #2 via 127.0.0.1 
2026-07-15 14:10:00,028 90371 WARNING oca_module_testing odoo.modules.module: Missing `author` key in manifest for 'analytix_finance_dashboard', defaulting to '' 
2026-07-15 14:10:00,086 90371 WARNING oca_module_testing odoo.modules.module: Missing `license` key in manifest for 'document_automate', defaulting to LGPL-3 
2026-07-15 14:10:00,931 90371 INFO oca_module_testing odoo.addons.base.models.ir_module: ALLOW access to module.button_install on [] to user admin #2 via 127.0.0.1 
2026-07-15 14:10:00,996 90371 INFO oca_module_testing odoo.modules.loading: loading 1 modules... 
2026-07-15 14:10:01,003 90371 INFO oca_module_testing odoo.modules.loading: 1 modules loaded in 0.01s, 0 queries (+0 extra) 
2026-07-15 14:10:01,041 90371 INFO oca_module_testing odoo.modules.loading: updating modules list 
2026-07-15 14:10:01,042 90371 INFO oca_module_testing odoo.addons.base.models.ir_module: ALLOW access to module.update_list on [] to user __system__ #1 via 127.0.0.1 
2026-07-15 14:10:01,260 90371 WARNING oca_module_testing odoo.modules.module: Missing `author` key in manifest for 'analytix_finance_dashboard', defaulting to '' 
2026-07-15 14:10:01,316 90371 WARNING oca_module_testing odoo.modules.module: Missing `license` key in manifest for 'document_automate', defaulting to LGPL-3 
2026-07-15 14:10:02,165 90371 INFO oca_module_testing odoo.modules.loading: loading 86 modules... 
2026-07-15 14:10:02,165 90371 INFO oca_module_testing odoo.modules.loading: Loading module document_automate (2/86) 
2026-07-15 14:10:02,170 90371 INFO oca_module_testing odoo.registry: module document_automate: creating or updating database tables 
2026-07-15 14:10:02,197 90371 INFO oca_module_testing odoo.modules.loading: loading document_automate/security/ir.model.access.csv 
2026-07-15 14:10:02,207 90371 INFO oca_module_testing odoo.modules.loading: loading document_automate/views/document_automate_views.xml 
2026-07-15 14:10:02,255 90371 INFO oca_module_testing odoo.addons.base.models.ir_module: module document_automate: no translation for language ar_001 
2026-07-15 14:10:02,264 90371 INFO oca_module_testing odoo.modules.loading: Module document_automate loaded in 0.10s, 85 queries (+85 other) 
2026-07-15 14:10:02,312 90371 INFO oca_module_testing odoo.modules.loading: 86 modules loaded in 0.15s, 85 queries (+85 extra) 
2026-07-15 14:10:02,775 90371 INFO oca_module_testing odoo.registry: verifying fields for every extended model 
2026-07-15 14:10:03,121 90371 INFO oca_module_testing odoo.modules.loading: Modules loaded. 
2026-07-15 14:10:03,136 90371 INFO oca_module_testing odoo.registry: Registry changed, signaling through the database 
2026-07-15 14:10:03,138 90371 INFO oca_module_testing odoo.registry: Registry loaded in 2.166s 
2026-07-15 14:10:03,138 90371 INFO oca_module_testing odoo.addons.base.models.ir_module: getting next ir.actions.todo() 
2026-07-15 14:10:03,153 90371 INFO oca_module_testing werkzeug: 127.0.0.1 - - [15/Jul/2026 14:10:03] "POST /web/dataset/call_button/ir.module.module/button_immediate_upgrade#ir.module.module.button_immediate_upgrade HTTP/1.1" 200 - 4624 1.534 1.831
2026-07-15 14:10:03,163 90371 INFO oca_module_testing odoo.addons.base.models.ir_http: Generating routing map for key None 
2026-07-15 14:10:03,441 90371 INFO oca_module_testing werkzeug: 127.0.0.1 - - [15/Jul/2026 14:10:03] "GET /odoo HTTP/1.1" 200 - 78 0.023 0.257
2026-07-15 14:10:03,511 90371 INFO oca_module_testing werkzeug: 127.0.0.1 - - [15/Jul/2026 14:10:03] "GET /web/webclient/load_menus HTTP/1.1" 200 - 13 0.012 0.022
2026-07-15 14:10:03,682 90371 INFO oca_module_testing werkzeug: 127.0.0.1 - - [15/Jul/2026 14:10:03] "GET /web/webclient/translations?hash=&lang=en_US HTTP/1.1" 200 - 2 0.001 0.003
2026-07-15 14:10:03,803 90371 INFO oca_module_testing werkzeug: 127.0.0.1 - - [15/Jul/2026 14:10:03] "POST /web/action/load HTTP/1.1" 200 - 7 0.006 0.021
2026-07-15 14:10:03,803 90371 INFO oca_module_testing werkzeug: 127.0.0.1 - - [15/Jul/2026 14:10:03] "GET /web/image?model=res.users&field=avatar_128&id=2 HTTP/1.1" 304 - 16 0.011 0.015
2026-07-15 14:10:03,812 90371 INFO oca_module_testing werkzeug: 127.0.0.1 - - [15/Jul/2026 14:10:03] "GET /bus/websocket_worker_bundle?v=19.0-2 HTTP/1.1" 304 - 4 0.004 0.026
2026-07-15 14:10:03,855 90371 INFO oca_module_testing werkzeug: 127.0.0.1 - - [15/Jul/2026 14:10:03] "POST /mail/data HTTP/1.1" 200 - 64 0.033 0.041
2026-07-15 14:10:03,894 90371 INFO oca_module_testing werkzeug: 127.0.0.1 - - [15/Jul/2026 14:10:03] "GET /websocket?version=19.0-2 HTTP/1.1" 101 - 1 0.000 0.004
2026-07-15 14:10:03,914 90371 INFO oca_module_testing werkzeug: 127.0.0.1 - - [15/Jul/2026 14:10:03] "POST /web/dataset/call_kw/account.move/get_analytix_dashboard_data#account.move.get_analytix_dashboard_data HTTP/1.1" 200 - 29 0.011 0.014
2026-07-15 14:10:04,449 90371 INFO oca_module_testing werkzeug: 127.0.0.1 - - [15/Jul/2026 14:10:04] "GET /web/service-worker.js HTTP/1.1" 200 - 1 0.001 0.002
2026-07-15 14:10:09,744 90371 WARNING 19_theme_setting odoo.addons.base.models.ir_cron: Skipping database 19_theme_setting as its base version is not 19.0.1.3. 
2026-07-15 14:10:09,751 90371 WARNING manas odoo.addons.base.models.ir_cron: Skipping database manas as its base version is not 19.0.1.3. 
2026-07-15 14:10:09,776 90371 INFO manas_test odoo.addons.base.models.ir_cron: Job 'Notification: Notify scheduled messages' (8) starting 
2026-07-15 14:10:09,815 90371 INFO manas_test odoo.addons.base.models.ir_cron: Job 'Notification: Notify scheduled messages' (8) fully done (#loop 1; done 0; remaining 0; duration 0.04s) 
2026-07-15 14:10:09,824 90371 INFO manas_test odoo.addons.base.models.ir_cron: Job 'Mail: Email Queue Manager' (3) starting 
2026-07-15 14:10:09,840 90371 INFO manas_test odoo.addons.base.models.ir_cron: Job 'Mail: Email Queue Manager' (3) fully done (#loop 1; done 0; remaining 0; duration 0.02s) 
2026-07-15 14:10:09,848 90371 WARNING odoo_19_test_try odoo.addons.base.models.ir_cron: Skipping database odoo_19_test_try as its base version is not 19.0.1.3. 
2026-07-15 14:10:09,851 90371 WARNING theme_test odoo.addons.base.models.ir_cron: Skipping database theme_test as its base version is not 19.0.1.3. 
2026-07-15 14:10:37,972 90371 INFO oca_module_testing werkzeug: 127.0.0.1 - - [15/Jul/2026 14:10:37] "POST /web/action/load HTTP/1.1" 200 - 10 0.004 0.008
2026-07-15 14:10:38,038 90371 INFO oca_module_testing werkzeug: 127.0.0.1 - - [15/Jul/2026 14:10:38] "POST /web/dataset/call_kw/document.automate/get_views#document.automate.get_views HTTP/1.1" 200 - 20 0.014 0.020
2026-07-15 14:10:38,061 90371 INFO oca_module_testing werkzeug: 127.0.0.1 - - [15/Jul/2026 14:10:38] "POST /web/dataset/call_kw/document.automate/web_search_read#document.automate.web_search_read HTTP/1.1" 200 - 3 0.002 0.003
2026-07-15 14:10:38,817 90371 INFO oca_module_testing werkzeug: 127.0.0.1 - - [15/Jul/2026 14:10:38] "POST /web/dataset/call_kw/document.automate/onchange#document.automate.onchange HTTP/1.1" 200 - 2 0.002 0.004
2026-07-15 14:10:53,409 90371 WARNING 19_theme_setting odoo.addons.base.models.ir_cron: Skipping database 19_theme_setting as its base version is not 19.0.1.3. 
2026-07-15 14:10:53,412 90371 WARNING manas odoo.addons.base.models.ir_cron: Skipping database manas as its base version is not 19.0.1.3. 
2026-07-15 14:10:53,416 90371 WARNING odoo_19_test_try odoo.addons.base.models.ir_cron: Skipping database odoo_19_test_try as its base version is not 19.0.1.3. 
2026-07-15 14:10:53,419 90371 WARNING theme_test odoo.addons.base.models.ir_cron: Skipping database theme_test as its base version is not 19.0.1.3. 
2026-07-15 14:11:10,926 90371 WARNING 19_theme_setting odoo.addons.base.models.ir_cron: Skipping database 19_theme_setting as its base version is not 19.0.1.3. 
2026-07-15 14:11:10,932 90371 WARNING manas odoo.addons.base.models.ir_cron: Skipping database manas as its base version is not 19.0.1.3. 
2026-07-15 14:11:10,939 90371 INFO oca_module_testing odoo.addons.base.models.ir_cron: Job 'Base: Auto-vacuum internal data' (1) starting 
2026-07-15 14:11:11,459 90371 INFO oca_module_testing odoo.addons.base.models.ir_attachment: filestore gc 0 checked, 0 removed 
2026-07-15 14:11:11,487 90371 INFO oca_module_testing odoo.addons.base.models.res_device: GC device logs delete 0 entries 
2026-07-15 14:11:11,527 90371 INFO oca_module_testing odoo.addons.sms.models.sms_sms: GC'd 0 sms marked for deletion 
2026-07-15 14:11:11,619 90371 INFO oca_module_testing odoo.addons.base.models.res_users: GC 'res.users.apikeys' delete 0 entries 
2026-07-15 14:11:11,654 90371 INFO oca_module_testing odoo.addons.api_doc.models.ir_attachment: GC'd 0 /doc cached index 
2026-07-15 14:11:11,696 90371 INFO oca_module_testing odoo.addons.base.models.res_users: GC 'auth_totp.device' delete 0 entries 
2026-07-15 14:11:11,728 90371 INFO oca_module_testing odoo.addons.base.models.res_users: GC'd 0 user log entries 
2026-07-15 14:11:11,845 90371 INFO oca_module_testing odoo.addons.base.models.res_device: GC device logs delete 0 entries 
2026-07-15 14:11:11,913 90371 INFO oca_module_testing odoo.addons.base.models.ir_cron: Job 'Base: Auto-vacuum internal data' (1) fully done (#loop 1; done 129; remaining 0; duration 0.97s) 
2026-07-15 14:11:11,917 90371 WARNING odoo_19_test_try odoo.addons.base.models.ir_cron: Skipping database odoo_19_test_try as its base version is not 19.0.1.3. 
2026-07-15 14:11:11,920 90371 WARNING theme_test odoo.addons.base.models.ir_cron: Skipping database theme_test as its base version is not 19.0.1.3. 
2026-07-15 14:11:14,467 90371 INFO oca_module_testing werkzeug: 127.0.0.1 - - [15/Jul/2026 14:11:14] "POST /web/dataset/call_kw/document.automate/web_save#document.automate.web_save HTTP/1.1" 200 - 8 0.006 0.011
2026-07-15 14:11:17,327 90371 WARNING oca_module_testing odoo.http: Failed to process document with AI Agent: AI Agent Error (400): {
  "error": {
    "code": 400,
    "message": "API key not valid. Please pass a valid API key.",
    "status": "INVALID_ARGUMENT",
    "details": [
      {
        "@type": "type.googleapis.com/google.rpc.ErrorInfo",
        "reason": "API_KEY_INVALID",
        "domain": "googleapis.com",
        "metadata": {
          "service": "generativelanguage.googleapis.com"
        }
      },
      {
        "@type": "type.googleapis.com/google.rpc.LocalizedMessage",
        "locale": "en-US",
        "message": "API key not valid. Please pass a valid API key."
      }
    ]
  }
}
 
2026-07-15 14:11:17,329 90371 INFO oca_module_testing werkzeug: 127.0.0.1 - - [15/Jul/2026 14:11:17] "POST /web/dataset/call_button/document.automate/action_process_document#document.automate.action_process_document HTTP/1.1" 200 - 3 0.002 0.701
2026-07-15 14:11:53,500 90371 WARNING 19_theme_setting odoo.addons.base.models.ir_cron: Skipping database 19_theme_setting as its base version is not 19.0.1.3. 
2026-07-15 14:11:53,532 90371 INFO 360_r_test odoo.addons.base.models.ir_cron: Job 'Notification: Notify scheduled messages' (8) starting 
2026-07-15 14:11:53,575 90371 INFO 360_r_test odoo.addons.base.models.ir_cron: Job 'Notification: Notify scheduled messages' (8) fully done (#loop 1; done 0; remaining 0; duration 0.04s) 
2026-07-15 14:11:53,585 90371 INFO 360_r_test odoo.addons.base.models.ir_cron: Job 'Mail: Email Queue Manager' (3) starting 
2026-07-15 14:11:53,600 90371 INFO 360_r_test odoo.addons.base.models.ir_cron: Job 'Mail: Email Queue Manager' (3) fully done (#loop 1; done 0; remaining 0; duration 0.01s) 
2026-07-15 14:11:53,606 90371 WARNING manas odoo.addons.base.models.ir_cron: Skipping database manas as its base version is not 19.0.1.3. 
2026-07-15 14:11:53,611 90371 WARNING odoo_19_test_try odoo.addons.base.models.ir_cron: Skipping database odoo_19_test_try as its base version is not 19.0.1.3. 
2026-07-15 14:11:53,615 90371 WARNING theme_test odoo.addons.base.models.ir_cron: Skipping database theme_test as its base version is not 19.0.1.3. 
2026-07-15 14:12:12,976 90371 WARNING 19_theme_setting odoo.addons.base.models.ir_cron: Skipping database 19_theme_setting as its base version is not 19.0.1.3. 
2026-07-15 14:12:12,984 90371 WARNING manas odoo.addons.base.models.ir_cron: Skipping database manas as its base version is not 19.0.1.3. 
2026-07-15 14:12:12,990 90371 WARNING odoo_19_test_try odoo.addons.base.models.ir_cron: Skipping database odoo_19_test_try as its base version is not 19.0.1.3. 
2026-07-15 14:12:12,993 90371 WARNING theme_test odoo.addons.base.models.ir_cron: Skipping database theme_test as its base version is not 19.0.1.3. 
2026-07-15 14:12:53,699 90371 WARNING 19_theme_setting odoo.addons.base.models.ir_cron: Skipping database 19_theme_setting as its base version is not 19.0.1.3. 
2026-07-15 14:12:53,707 90371 WARNING manas odoo.addons.base.models.ir_cron: Skipping database manas as its base version is not 19.0.1.3. 
2026-07-15 14:12:53,713 90371 WARNING odoo_19_test_try odoo.addons.base.models.ir_cron: Skipping database odoo_19_test_try as its base version is not 19.0.1.3. 
2026-07-15 14:12:53,717 90371 WARNING theme_test odoo.addons.base.models.ir_cron: Skipping database theme_test as its base version is not 19.0.1.3. 
2026-07-15 14:13:14,086 90371 WARNING 19_theme_setting odoo.addons.base.models.ir_cron: Skipping database 19_theme_setting as its base version is not 19.0.1.3. 
2026-07-15 14:13:14,092 90371 WARNING manas odoo.addons.base.models.ir_cron: Skipping database manas as its base version is not 19.0.1.3. 
2026-07-15 14:13:14,099 90371 WARNING odoo_19_test_try odoo.addons.base.models.ir_cron: Skipping database odoo_19_test_try as its base version is not 19.0.1.3. 
2026-07-15 14:13:14,103 90371 WARNING theme_test odoo.addons.base.models.ir_cron: Skipping database theme_test as its base version is not 19.0.1.3. 
2026-07-15 14:13:53,799 90371 WARNING 19_theme_setting odoo.addons.base.models.ir_cron: Skipping database 19_theme_setting as its base version is not 19.0.1.3. 
2026-07-15 14:13:53,808 90371 WARNING manas odoo.addons.base.models.ir_cron: Skipping database manas as its base version is not 19.0.1.3. 
2026-07-15 14:13:53,815 90371 WARNING odoo_19_test_try odoo.addons.base.models.ir_cron: Skipping database odoo_19_test_try as its base version is not 19.0.1.3. 
2026-07-15 14:13:53,818 90371 WARNING theme_test odoo.addons.base.models.ir_cron: Skipping database theme_test as its base version is not 19.0.1.3. 
2026-07-15 14:14:15,197 90371 WARNING 19_theme_setting odoo.addons.base.models.ir_cron: Skipping database 19_theme_setting as its base version is not 19.0.1.3. 
2026-07-15 14:14:15,204 90371 WARNING manas odoo.addons.base.models.ir_cron: Skipping database manas as its base version is not 19.0.1.3. 
2026-07-15 14:14:15,211 90371 WARNING odoo_19_test_try odoo.addons.base.models.ir_cron: Skipping database odoo_19_test_try as its base version is not 19.0.1.3. 
2026-07-15 14:14:15,215 90371 WARNING theme_test odoo.addons.base.models.ir_cron: Skipping database theme_test as its base version is not 19.0.1.3. 
2026-07-15 14:14:53,882 90371 WARNING 19_theme_setting odoo.addons.base.models.ir_cron: Skipping database 19_theme_setting as its base version is not 19.0.1.3. 
2026-07-15 14:14:53,887 90371 WARNING manas odoo.addons.base.models.ir_cron: Skipping database manas as its base version is not 19.0.1.3. 
2026-07-15 14:14:53,892 90371 WARNING odoo_19_test_try odoo.addons.base.models.ir_cron: Skipping database odoo_19_test_try as its base version is not 19.0.1.3. 
2026-07-15 14:14:53,896 90371 WARNING theme_test odoo.addons.base.models.ir_cron: Skipping database theme_test as its base version is not 19.0.1.3. 
2026-07-15 14:15:01,341 90371 INFO oca_module_testing werkzeug: 127.0.0.1 - - [15/Jul/2026 14:15:01] "GET /odoo/action-482/3 HTTP/1.1" 200 - 22 0.012 0.024
2026-07-15 14:15:01,398 90371 INFO oca_module_testing werkzeug: 127.0.0.1 - - [15/Jul/2026 14:15:01] "GET /web/webclient/load_menus HTTP/1.1" 200 - 1 0.002 0.019
2026-07-15 14:15:01,709 90371 INFO oca_module_testing werkzeug: 127.0.0.1 - - [15/Jul/2026 14:15:01] "GET /web/webclient/translations?hash=6f78d8b6a7be6ecf0a1ac069aa3931f51287c360&lang=en_US HTTP/1.1" 200 - 1 0.001 0.002
2026-07-15 14:15:01,899 90371 INFO oca_module_testing werkzeug: 127.0.0.1 - - [15/Jul/2026 14:15:01] "GET /web/image?model=res.users&field=avatar_128&id=2 HTTP/1.1" 304 - 9 0.011 0.020
2026-07-15 14:15:01,906 90371 INFO oca_module_testing werkzeug: 127.0.0.1 - - [15/Jul/2026 14:15:01] "POST /web/dataset/call_kw/document.automate/get_views#document.automate.get_views HTTP/1.1" 200 - 2 0.003 0.027
2026-07-15 14:15:01,907 90371 INFO oca_module_testing werkzeug: 127.0.0.1 - - [15/Jul/2026 14:15:01] "GET /bus/websocket_worker_bundle?v=19.0-2 HTTP/1.1" 304 - 3 0.010 0.009
2026-07-15 14:15:01,917 90371 INFO oca_module_testing werkzeug: 127.0.0.1 - - [15/Jul/2026 14:15:01] "POST /web/dataset/call_kw/document.automate/web_read#document.automate.web_read HTTP/1.1" 200 - 3 0.007 0.013
2026-07-15 14:15:01,959 90371 INFO oca_module_testing werkzeug: 127.0.0.1 - - [15/Jul/2026 14:15:01] "POST /mail/data HTTP/1.1" 200 - 39 0.032 0.046
2026-07-15 14:15:02,001 90371 INFO oca_module_testing werkzeug: 127.0.0.1 - - [15/Jul/2026 14:15:02] "GET /websocket?version=19.0-2 HTTP/1.1" 101 - 1 0.001 0.003
2026-07-15 14:15:02,357 90371 INFO oca_module_testing werkzeug: 127.0.0.1 - - [15/Jul/2026 14:15:02] "GET /web/service-worker.js HTTP/1.1" 200 - 1 0.001 0.007
2026-07-15 14:15:04,331 90371 INFO oca_module_testing werkzeug: 127.0.0.1 - - [15/Jul/2026 14:15:04] "POST /web/action/load HTTP/1.1" 200 - 11 0.004 0.008
2026-07-15 14:15:04,542 90371 INFO oca_module_testing werkzeug: 127.0.0.1 - - [15/Jul/2026 14:15:04] "POST /web/dataset/call_kw/ir.module.module/get_views#ir.module.module.get_views HTTP/1.1" 200 - 38 0.020 0.039
2026-07-15 14:15:04,556 90371 INFO oca_module_testing werkzeug: 127.0.0.1 - - [15/Jul/2026 14:15:04] "POST /web/dataset/call_kw/ir.module.module/search_panel_select_range#ir.module.module.search_panel_select_range HTTP/1.1" 200 - 1 0.001 0.003
2026-07-15 14:15:04,591 90371 INFO oca_module_testing werkzeug: 127.0.0.1 - - [15/Jul/2026 14:15:04] "POST /web/dataset/call_kw/ir.module.module/check_module_update#ir.module.module.check_module_update HTTP/1.1" 200 - 2 0.002 0.004
2026-07-15 14:15:04,601 90371 INFO oca_module_testing werkzeug: 127.0.0.1 - - [15/Jul/2026 14:15:04] "POST /web/dataset/call_kw/ir.module.module/web_search_read#ir.module.module.web_search_read HTTP/1.1" 200 - 4 0.007 0.036
2026-07-15 14:15:04,605 90371 INFO oca_module_testing werkzeug: 127.0.0.1 - - [15/Jul/2026 14:15:04] "POST /web/dataset/call_kw/ir.module.module/search_panel_select_range#ir.module.module.search_panel_select_range HTTP/1.1" 200 - 53 0.030 0.023
2026-07-15 14:15:04,676 90371 INFO oca_module_testing werkzeug: 127.0.0.1 - - [15/Jul/2026 14:15:04] "POST /web/dataset/call_kw/ir.module.module/check_module_update#ir.module.module.check_module_update HTTP/1.1" 200 - 2 0.001 0.003
2026-07-15 14:15:07,373 90371 INFO oca_module_testing werkzeug: 127.0.0.1 - - [15/Jul/2026 14:15:07] "POST /web/dataset/call_kw/ir.module.module/search_panel_select_range#ir.module.module.search_panel_select_range HTTP/1.1" 200 - 50 0.019 0.020
2026-07-15 14:15:07,379 90371 INFO oca_module_testing werkzeug: 127.0.0.1 - - [15/Jul/2026 14:15:07] "POST /web/dataset/call_kw/ir.module.module/web_search_read#ir.module.module.web_search_read HTTP/1.1" 200 - 4 0.006 0.035
2026-07-15 14:15:07,503 90371 INFO oca_module_testing werkzeug: 127.0.0.1 - - [15/Jul/2026 14:15:07] "POST /web/dataset/call_kw/ir.module.module/check_module_update#ir.module.module.check_module_update HTTP/1.1" 200 - 2 0.001 0.002
2026-07-15 14:15:13,965 90371 INFO oca_module_testing werkzeug: 127.0.0.1 - - [15/Jul/2026 14:15:13] "POST /web/dataset/call_kw/ir.module.module/search_panel_select_range#ir.module.module.search_panel_select_range HTTP/1.1" 200 - 50 0.020 0.024
2026-07-15 14:15:13,980 90371 INFO oca_module_testing werkzeug: 127.0.0.1 - - [15/Jul/2026 14:15:13] "POST /web/dataset/call_kw/ir.module.module/web_search_read#ir.module.module.web_search_read HTTP/1.1" 200 - 2 0.004 0.004
2026-07-15 14:15:14,003 90371 INFO oca_module_testing werkzeug: 127.0.0.1 - - [15/Jul/2026 14:15:14] "POST /web/dataset/call_kw/ir.module.module/check_module_update#ir.module.module.check_module_update HTTP/1.1" 200 - 2 0.001 0.002
2026-07-15 14:15:16,296 90371 WARNING 19_theme_setting odoo.addons.base.models.ir_cron: Skipping database 19_theme_setting as its base version is not 19.0.1.3. 
2026-07-15 14:15:16,304 90371 WARNING manas odoo.addons.base.models.ir_cron: Skipping database manas as its base version is not 19.0.1.3. 
2026-07-15 14:15:16,311 90371 WARNING odoo_19_test_try odoo.addons.base.models.ir_cron: Skipping database odoo_19_test_try as its base version is not 19.0.1.3. 
2026-07-15 14:15:16,315 90371 WARNING theme_test odoo.addons.base.models.ir_cron: Skipping database theme_test as its base version is not 19.0.1.3. 
2026-07-15 14:15:20,820 90371 INFO oca_module_testing werkzeug: 127.0.0.1 - - [15/Jul/2026 14:15:20] "POST /web/dataset/call_kw/ir.module.module/search_panel_select_range#ir.module.module.search_panel_select_range HTTP/1.1" 200 - 50 0.018 0.017
2026-07-15 14:15:20,826 90371 INFO oca_module_testing werkzeug: 127.0.0.1 - - [15/Jul/2026 14:15:20] "POST /web/dataset/call_kw/ir.module.module/web_search_read#ir.module.module.web_search_read HTTP/1.1" 200 - 4 0.005 0.033
2026-07-15 14:15:20,909 90371 INFO oca_module_testing werkzeug: 127.0.0.1 - - [15/Jul/2026 14:15:20] "POST /web/dataset/call_kw/ir.module.module/check_module_update#ir.module.module.check_module_update HTTP/1.1" 200 - 2 0.001 0.003
2026-07-15 14:15:21,700 90371 INFO oca_module_testing werkzeug: 127.0.0.1 - - [15/Jul/2026 14:15:21] "POST /web/dataset/call_kw/ir.module.module/search_panel_select_range#ir.module.module.search_panel_select_range HTTP/1.1" 200 - 50 0.019 0.023
2026-07-15 14:15:21,745 90371 INFO oca_module_testing werkzeug: 127.0.0.1 - - [15/Jul/2026 14:15:21] "POST /web/dataset/call_kw/ir.module.module/web_search_read#ir.module.module.web_search_read HTTP/1.1" 200 - 4 0.008 0.030
2026-07-15 14:15:21,826 90371 INFO oca_module_testing werkzeug: 127.0.0.1 - - [15/Jul/2026 14:15:21] "POST /web/dataset/call_kw/ir.module.module/check_module_update#ir.module.module.check_module_update HTTP/1.1" 200 - 2 0.001 0.003
2026-07-15 14:15:21,974 90371 INFO ? werkzeug: 127.0.0.1 - - [15/Jul/2026 14:15:21] "GET /om_account_budget/static/description/icon.png HTTP/1.1" 200 - 0 0.000 0.002
2026-07-15 14:15:21,975 90371 INFO ? werkzeug: 127.0.0.1 - - [15/Jul/2026 14:15:21] "GET /om_account_asset/static/description/icon.png HTTP/1.1" 200 - 0 0.000 0.004
2026-07-15 14:15:21,976 90371 INFO ? werkzeug: 127.0.0.1 - - [15/Jul/2026 14:15:21] "GET /om_account_daily_reports/static/description/icon.png HTTP/1.1" 200 - 0 0.000 0.004
2026-07-15 14:15:21,981 90371 INFO ? werkzeug: 127.0.0.1 - - [15/Jul/2026 14:15:21] "GET /om_recurring_payments/static/description/icon.png HTTP/1.1" 200 - 0 0.000 0.004
2026-07-15 14:15:21,982 90371 INFO ? werkzeug: 127.0.0.1 - - [15/Jul/2026 14:15:21] "GET /website_crm/static/description/icon.png HTTP/1.1" 200 - 0 0.000 0.004
2026-07-15 14:15:22,184 90371 INFO oca_module_testing werkzeug: 127.0.0.1 - - [15/Jul/2026 14:15:22] "POST /web/dataset/call_kw/ir.module.module/web_search_read#ir.module.module.web_search_read HTTP/1.1" 200 - 4 0.005 0.032
2026-07-15 14:15:22,185 90371 INFO oca_module_testing werkzeug: 127.0.0.1 - - [15/Jul/2026 14:15:22] "POST /web/dataset/call_kw/ir.module.module/search_panel_select_range#ir.module.module.search_panel_select_range HTTP/1.1" 200 - 50 0.021 0.018
2026-07-15 14:15:22,263 90371 INFO oca_module_testing werkzeug: 127.0.0.1 - - [15/Jul/2026 14:15:22] "POST /web/dataset/call_kw/ir.module.module/check_module_update#ir.module.module.check_module_update HTTP/1.1" 200 - 2 0.002 0.003
2026-07-15 14:15:23,451 90371 INFO oca_module_testing werkzeug: 127.0.0.1 - - [15/Jul/2026 14:15:23] "POST /web/dataset/call_kw/ir.module.module/search_panel_select_range#ir.module.module.search_panel_select_range HTTP/1.1" 200 - 50 0.020 0.023
2026-07-15 14:15:23,464 90371 INFO oca_module_testing werkzeug: 127.0.0.1 - - [15/Jul/2026 14:15:23] "POST /web/dataset/call_kw/ir.module.module/web_search_read#ir.module.module.web_search_read HTTP/1.1" 200 - 2 0.003 0.003
2026-07-15 14:15:23,479 90371 INFO oca_module_testing werkzeug: 127.0.0.1 - - [15/Jul/2026 14:15:23] "POST /web/dataset/call_kw/ir.module.module/check_module_update#ir.module.module.check_module_update HTTP/1.1" 200 - 2 0.001 0.003
2026-07-15 14:15:24,241 90371 INFO oca_module_testing werkzeug: 127.0.0.1 - - [15/Jul/2026 14:15:24] "POST /web/dataset/call_kw/ir.module.module/search_panel_select_range#ir.module.module.search_panel_select_range HTTP/1.1" 200 - 50 0.019 0.018
2026-07-15 14:15:24,242 90371 INFO oca_module_testing werkzeug: 127.0.0.1 - - [15/Jul/2026 14:15:24] "POST /web/dataset/call_kw/ir.module.module/web_search_read#ir.module.module.web_search_read HTTP/1.1" 200 - 4 0.006 0.032
2026-07-15 14:15:24,316 90371 INFO oca_module_testing werkzeug: 127.0.0.1 - - [15/Jul/2026 14:15:24] "POST /web/dataset/call_kw/ir.module.module/check_module_update#ir.module.module.check_module_update HTTP/1.1" 200 - 2 0.001 0.002
2026-07-15 14:15:33,340 90371 INFO oca_module_testing werkzeug: 127.0.0.1 - - [15/Jul/2026 14:15:33] "POST /web/dataset/call_kw/ir.module.module/search_panel_select_range#ir.module.module.search_panel_select_range HTTP/1.1" 200 - 50 0.018 0.022
2026-07-15 14:15:33,359 90371 INFO oca_module_testing werkzeug: 127.0.0.1 - - [15/Jul/2026 14:15:33] "POST /web/dataset/call_kw/ir.module.module/web_search_read#ir.module.module.web_search_read HTTP/1.1" 200 - 3 0.004 0.008
2026-07-15 14:15:33,373 90371 INFO oca_module_testing werkzeug: 127.0.0.1 - - [15/Jul/2026 14:15:33] "POST /web/dataset/call_kw/ir.module.module/check_module_update#ir.module.module.check_module_update HTTP/1.1" 200 - 2 0.001 0.003
2026-07-15 14:15:34,225 90371 INFO oca_module_testing werkzeug: 127.0.0.1 - - [15/Jul/2026 14:15:34] "POST /web/dataset/call_kw/ir.module.module/search_panel_select_range#ir.module.module.search_panel_select_range HTTP/1.1" 200 - 50 0.018 0.017
2026-07-15 14:15:34,231 90371 INFO oca_module_testing werkzeug: 127.0.0.1 - - [15/Jul/2026 14:15:34] "POST /web/dataset/call_kw/ir.module.module/web_search_read#ir.module.module.web_search_read HTTP/1.1" 200 - 4 0.007 0.032
2026-07-15 14:15:34,309 90371 INFO oca_module_testing werkzeug: 127.0.0.1 - - [15/Jul/2026 14:15:34] "POST /web/dataset/call_kw/ir.module.module/check_module_update#ir.module.module.check_module_update HTTP/1.1" 200 - 2 0.001 0.003
2026-07-15 14:15:36,196 90371 INFO oca_module_testing werkzeug: 127.0.0.1 - - [15/Jul/2026 14:15:36] "POST /web/dataset/call_kw/ir.module.module/search_panel_select_range#ir.module.module.search_panel_select_range HTTP/1.1" 200 - 50 0.019 0.022
2026-07-15 14:15:36,209 90371 INFO oca_module_testing werkzeug: 127.0.0.1 - - [15/Jul/2026 14:15:36] "POST /web/dataset/call_kw/ir.module.module/web_search_read#ir.module.module.web_search_read HTTP/1.1" 200 - 2 0.004 0.004
2026-07-15 14:15:36,220 90371 INFO oca_module_testing werkzeug: 127.0.0.1 - - [15/Jul/2026 14:15:36] "POST /web/dataset/call_kw/ir.module.module/check_module_update#ir.module.module.check_module_update HTTP/1.1" 200 - 2 0.001 0.003
2026-07-15 14:15:37,098 90371 INFO oca_module_testing werkzeug: 127.0.0.1 - - [15/Jul/2026 14:15:37] "POST /web/dataset/call_kw/ir.module.module/search_panel_select_range#ir.module.module.search_panel_select_range HTTP/1.1" 200 - 50 0.018 0.017
2026-07-15 14:15:37,104 90371 INFO oca_module_testing werkzeug: 127.0.0.1 - - [15/Jul/2026 14:15:37] "POST /web/dataset/call_kw/ir.module.module/web_search_read#ir.module.module.web_search_read HTTP/1.1" 200 - 4 0.005 0.035
2026-07-15 14:15:37,171 90371 INFO oca_module_testing werkzeug: 127.0.0.1 - - [15/Jul/2026 14:15:37] "POST /web/dataset/call_kw/ir.module.module/check_module_update#ir.module.module.check_module_update HTTP/1.1" 200 - 2 0.001 0.002
2026-07-15 14:15:47,257 90371 INFO oca_module_testing werkzeug: 127.0.0.1 - - [15/Jul/2026 14:15:47] "POST /web/dataset/call_kw/ir.module.module/search_panel_select_range#ir.module.module.search_panel_select_range HTTP/1.1" 200 - 50 0.019 0.023
2026-07-15 14:15:47,273 90371 INFO oca_module_testing werkzeug: 127.0.0.1 - - [15/Jul/2026 14:15:47] "POST /web/dataset/call_kw/ir.module.module/web_search_read#ir.module.module.web_search_read HTTP/1.1" 200 - 3 0.004 0.005
2026-07-15 14:15:47,288 90371 INFO oca_module_testing werkzeug: 127.0.0.1 - - [15/Jul/2026 14:15:47] "POST /web/dataset/call_kw/ir.module.module/check_module_update#ir.module.module.check_module_update HTTP/1.1" 200 - 2 0.001 0.003
2026-07-15 14:15:49,876 90371 INFO oca_module_testing odoo.addons.base.models.ir_module: ALLOW access to module.button_immediate_upgrade on ['Document Automate'] to user admin #2 via 127.0.0.1 
2026-07-15 14:15:49,878 90371 INFO oca_module_testing odoo.addons.base.models.ir_module: ALLOW access to module.button_upgrade on ['Document Automate'] to user admin #2 via 127.0.0.1 
2026-07-15 14:15:49,878 90371 INFO oca_module_testing odoo.addons.base.models.ir_module: ALLOW access to module.update_list on ['Document Automate'] to user admin #2 via 127.0.0.1 
2026-07-15 14:15:50,134 90371 WARNING oca_module_testing odoo.modules.module: Missing `author` key in manifest for 'analytix_finance_dashboard', defaulting to '' 
2026-07-15 14:15:50,194 90371 WARNING oca_module_testing odoo.modules.module: Missing `license` key in manifest for 'document_automate', defaulting to LGPL-3 
2026-07-15 14:15:51,032 90371 INFO oca_module_testing odoo.addons.base.models.ir_module: ALLOW access to module.button_install on [] to user admin #2 via 127.0.0.1 
2026-07-15 14:15:51,093 90371 INFO oca_module_testing odoo.modules.loading: loading 1 modules... 
2026-07-15 14:15:51,100 90371 INFO oca_module_testing odoo.modules.loading: 1 modules loaded in 0.01s, 0 queries (+0 extra) 
2026-07-15 14:15:51,142 90371 INFO oca_module_testing odoo.modules.loading: updating modules list 
2026-07-15 14:15:51,143 90371 INFO oca_module_testing odoo.addons.base.models.ir_module: ALLOW access to module.update_list on [] to user __system__ #1 via 127.0.0.1 
2026-07-15 14:15:51,418 90371 WARNING oca_module_testing odoo.modules.module: Missing `author` key in manifest for 'analytix_finance_dashboard', defaulting to '' 
2026-07-15 14:15:51,477 90371 WARNING oca_module_testing odoo.modules.module: Missing `license` key in manifest for 'document_automate', defaulting to LGPL-3 
2026-07-15 14:15:52,416 90371 INFO oca_module_testing odoo.modules.loading: loading 86 modules... 
2026-07-15 14:15:52,416 90371 INFO oca_module_testing odoo.modules.loading: Loading module document_automate (2/86) 
2026-07-15 14:15:52,423 90371 INFO oca_module_testing odoo.registry: module document_automate: creating or updating database tables 
2026-07-15 14:15:52,449 90371 INFO oca_module_testing odoo.modules.loading: loading document_automate/security/ir.model.access.csv 
2026-07-15 14:15:52,459 90371 INFO oca_module_testing odoo.modules.loading: loading document_automate/views/document_automate_views.xml 
2026-07-15 14:15:52,511 90371 INFO oca_module_testing odoo.addons.base.models.ir_module: module document_automate: no translation for language ar_001 
2026-07-15 14:15:52,520 90371 INFO oca_module_testing odoo.modules.loading: Module document_automate loaded in 0.10s, 85 queries (+85 other) 
2026-07-15 14:15:52,561 90371 INFO oca_module_testing odoo.modules.loading: 86 modules loaded in 0.15s, 85 queries (+85 extra) 
2026-07-15 14:15:52,959 90371 INFO oca_module_testing odoo.registry: verifying fields for every extended model 
2026-07-15 14:15:53,314 90371 INFO oca_module_testing odoo.modules.loading: Modules loaded. 
2026-07-15 14:15:53,328 90371 INFO oca_module_testing odoo.registry: Registry changed, signaling through the database 
2026-07-15 14:15:53,330 90371 INFO oca_module_testing odoo.registry: Registry loaded in 2.253s 
2026-07-15 14:15:53,330 90371 INFO oca_module_testing odoo.addons.base.models.ir_module: getting next ir.actions.todo() 
2026-07-15 14:15:53,344 90371 INFO oca_module_testing werkzeug: 127.0.0.1 - - [15/Jul/2026 14:15:53] "POST /web/dataset/call_button/ir.module.module/button_immediate_upgrade#ir.module.module.button_immediate_upgrade HTTP/1.1" 200 - 4624 1.596 1.880
2026-07-15 14:15:53,355 90371 INFO oca_module_testing odoo.addons.base.models.ir_http: Generating routing map for key None 
2026-07-15 14:15:53,625 90371 INFO oca_module_testing werkzeug: 127.0.0.1 - - [15/Jul/2026 14:15:53] "GET /odoo HTTP/1.1" 200 - 78 0.022 0.250
2026-07-15 14:15:53,687 90371 INFO oca_module_testing werkzeug: 127.0.0.1 - - [15/Jul/2026 14:15:53] "GET /web/webclient/load_menus HTTP/1.1" 200 - 13 0.008 0.026
2026-07-15 14:15:53,859 90371 INFO oca_module_testing werkzeug: 127.0.0.1 - - [15/Jul/2026 14:15:53] "GET /web/webclient/translations?hash=&lang=en_US HTTP/1.1" 200 - 2 0.001 0.002
2026-07-15 14:15:53,958 90371 WARNING 19_theme_setting odoo.addons.base.models.ir_cron: Skipping database 19_theme_setting as its base version is not 19.0.1.3. 
2026-07-15 14:15:53,974 90371 INFO oca_module_testing werkzeug: 127.0.0.1 - - [15/Jul/2026 14:15:53] "POST /web/action/load HTTP/1.1" 200 - 7 0.008 0.006
2026-07-15 14:15:53,986 90371 WARNING manas odoo.addons.base.models.ir_cron: Skipping database manas as its base version is not 19.0.1.3. 
2026-07-15 14:15:53,992 90371 INFO oca_module_testing werkzeug: 127.0.0.1 - - [15/Jul/2026 14:15:53] "GET /bus/websocket_worker_bundle?v=19.0-2 HTTP/1.1" 304 - 4 0.007 0.020
2026-07-15 14:15:53,995 90371 INFO oca_module_testing werkzeug: 127.0.0.1 - - [15/Jul/2026 14:15:53] "GET /web/image?model=res.users&field=avatar_128&id=2 HTTP/1.1" 304 - 16 0.021 0.015
2026-07-15 14:15:54,001 90371 WARNING odoo_19_test_try odoo.addons.base.models.ir_cron: Skipping database odoo_19_test_try as its base version is not 19.0.1.3. 
2026-07-15 14:15:54,007 90371 WARNING theme_test odoo.addons.base.models.ir_cron: Skipping database theme_test as its base version is not 19.0.1.3. 
2026-07-15 14:15:54,035 90371 INFO oca_module_testing werkzeug: 127.0.0.1 - - [15/Jul/2026 14:15:54] "POST /mail/data HTTP/1.1" 200 - 64 0.039 0.035
2026-07-15 14:15:54,063 90371 INFO oca_module_testing werkzeug: 127.0.0.1 - - [15/Jul/2026 14:15:54] "POST /web/dataset/call_kw/account.move/get_analytix_dashboard_data#account.move.get_analytix_dashboard_data HTTP/1.1" 200 - 29 0.010 0.015
2026-07-15 14:15:54,068 90371 INFO oca_module_testing werkzeug: 127.0.0.1 - - [15/Jul/2026 14:15:54] "GET /websocket?version=19.0-2 HTTP/1.1" 101 - 1 0.001 0.002
2026-07-15 14:15:54,689 90371 INFO oca_module_testing werkzeug: 127.0.0.1 - - [15/Jul/2026 14:15:54] "GET /web/service-worker.js HTTP/1.1" 200 - 1 0.000 0.002
2026-07-15 14:15:56,930 90371 INFO oca_module_testing werkzeug: 127.0.0.1 - - [15/Jul/2026 14:15:56] "POST /web/action/load HTTP/1.1" 200 - 10 0.004 0.009
2026-07-15 14:15:57,001 90371 INFO oca_module_testing werkzeug: 127.0.0.1 - - [15/Jul/2026 14:15:57] "POST /web/dataset/call_kw/document.automate/get_views#document.automate.get_views HTTP/1.1" 200 - 20 0.021 0.029
2026-07-15 14:15:57,040 90371 INFO oca_module_testing werkzeug: 127.0.0.1 - - [15/Jul/2026 14:15:57] "POST /web/dataset/call_kw/document.automate/web_search_read#document.automate.web_search_read HTTP/1.1" 200 - 3 0.005 0.005
2026-07-15 14:15:59,891 90371 INFO oca_module_testing werkzeug: 127.0.0.1 - - [15/Jul/2026 14:15:59] "POST /web/dataset/call_kw/document.automate/web_read#document.automate.web_read HTTP/1.1" 200 - 3 0.002 0.004
2026-07-15 14:16:01,797 90371 WARNING oca_module_testing odoo.http: Failed to process document with AI Agent: AI Agent Error (400): {
  "error": {
    "code": 400,
    "message": "API key not valid. Please pass a valid API key.",
    "status": "INVALID_ARGUMENT",
    "details": [
      {
        "@type": "type.googleapis.com/google.rpc.ErrorInfo",
        "reason": "API_KEY_INVALID",
        "domain": "googleapis.com",
        "metadata": {
          "service": "generativelanguage.googleapis.com"
        }
      },
      {
        "@type": "type.googleapis.com/google.rpc.LocalizedMessage",
        "locale": "en-US",
        "message": "API key not valid. Please pass a valid API key."
      }
    ]
  }
}
 
2026-07-15 14:16:01,799 90371 INFO oca_module_testing werkzeug: 127.0.0.1 - - [15/Jul/2026 14:16:01] "POST /web/dataset/call_button/document.automate/action_process_document#document.automate.action_process_document HTTP/1.1" 200 - 3 0.001 0.598
2026-07-15 14:16:17,373 90371 WARNING 19_theme_setting odoo.addons.base.models.ir_cron: Skipping database 19_theme_setting as its base version is not 19.0.1.3. 
2026-07-15 14:16:17,381 90371 WARNING manas odoo.addons.base.models.ir_cron: Skipping database manas as its base version is not 19.0.1.3. 
2026-07-15 14:16:17,387 90371 WARNING odoo_19_test_try odoo.addons.base.models.ir_cron: Skipping database odoo_19_test_try as its base version is not 19.0.1.3. 
2026-07-15 14:16:17,390 90371 WARNING theme_test odoo.addons.base.models.ir_cron: Skipping database theme_test as its base version is not 19.0.1.3. 
2026-07-15 14:16:54,091 90371 WARNING 19_theme_setting odoo.addons.base.models.ir_cron: Skipping database 19_theme_setting as its base version is not 19.0.1.3. 
2026-07-15 14:16:54,098 90371 WARNING manas odoo.addons.base.models.ir_cron: Skipping database manas as its base version is not 19.0.1.3. 
2026-07-15 14:16:54,105 90371 INFO oca_module_testing odoo.addons.base.models.ir_cron: Job 'Base: Auto-vacuum internal data' (1) starting 
2026-07-15 14:16:54,528 90371 INFO oca_module_testing odoo.addons.base.models.res_users: GC'd 0 user log entries 
2026-07-15 14:16:54,538 90371 INFO oca_module_testing odoo.addons.base.models.res_users: GC 'auth_totp.device' delete 0 entries 
2026-07-15 14:16:54,585 90371 INFO oca_module_testing odoo.addons.base.models.res_users: GC 'res.users.apikeys' delete 0 entries 
2026-07-15 14:16:54,654 90371 INFO oca_module_testing odoo.addons.base.models.res_device: GC device logs delete 0 entries 
2026-07-15 14:16:54,734 90371 INFO oca_module_testing odoo.addons.base.models.ir_attachment: filestore gc 1 checked, 0 removed 
2026-07-15 14:16:54,805 90371 INFO oca_module_testing odoo.addons.sms.models.sms_sms: GC'd 0 sms marked for deletion 
2026-07-15 14:16:54,894 90371 INFO oca_module_testing odoo.addons.api_doc.models.ir_attachment: GC'd 0 /doc cached index 
2026-07-15 14:16:54,943 90371 INFO oca_module_testing odoo.addons.base.models.res_device: GC device logs delete 0 entries 
2026-07-15 14:16:54,988 90371 INFO oca_module_testing odoo.addons.base.models.ir_cron: Job 'Base: Auto-vacuum internal data' (1) fully done (#loop 1; done 129; remaining 0; duration 0.88s) 
2026-07-15 14:16:54,992 90371 WARNING odoo_19_test_try odoo.addons.base.models.ir_cron: Skipping database odoo_19_test_try as its base version is not 19.0.1.3. 
2026-07-15 14:16:54,996 90371 WARNING theme_test odoo.addons.base.models.ir_cron: Skipping database theme_test as its base version is not 19.0.1.3. 
2026-07-15 14:17:18,481 90371 WARNING 19_theme_setting odoo.addons.base.models.ir_cron: Skipping database 19_theme_setting as its base version is not 19.0.1.3. 
2026-07-15 14:17:18,487 90371 WARNING manas odoo.addons.base.models.ir_cron: Skipping database manas as its base version is not 19.0.1.3. 
2026-07-15 14:17:18,493 90371 WARNING odoo_19_test_try odoo.addons.base.models.ir_cron: Skipping database odoo_19_test_try as its base version is not 19.0.1.3. 
2026-07-15 14:17:18,497 90371 WARNING theme_test odoo.addons.base.models.ir_cron: Skipping database theme_test as its base version is not 19.0.1.3. 
2026-07-15 14:17:55,079 90371 WARNING 19_theme_setting odoo.addons.base.models.ir_cron: Skipping database 19_theme_setting as its base version is not 19.0.1.3. 
2026-07-15 14:17:55,087 90371 WARNING manas odoo.addons.base.models.ir_cron: Skipping database manas as its base version is not 19.0.1.3. 
2026-07-15 14:17:55,093 90371 WARNING odoo_19_test_try odoo.addons.base.models.ir_cron: Skipping database odoo_19_test_try as its base version is not 19.0.1.3. 
2026-07-15 14:17:55,114 90371 INFO tezzzzzzzzzzzzzzzzzzzzz odoo.addons.base.models.ir_cron: Job 'Payment: Post-process transactions' (15) starting 
2026-07-15 14:17:55,156 90371 INFO tezzzzzzzzzzzzzzzzzzzzz odoo.addons.base.models.ir_cron: Job 'Payment: Post-process transactions' (15) fully done (#loop 1; done 0; remaining 0; duration 0.04s) 
2026-07-15 14:17:55,164 90371 WARNING theme_test odoo.addons.base.models.ir_cron: Skipping database theme_test as its base version is not 19.0.1.3. 
2026-07-15 14:18:19,588 90371 WARNING 19_theme_setting odoo.addons.base.models.ir_cron: Skipping database 19_theme_setting as its base version is not 19.0.1.3. 
2026-07-15 14:18:19,595 90371 WARNING manas odoo.addons.base.models.ir_cron: Skipping database manas as its base version is not 19.0.1.3. 
2026-07-15 14:18:19,601 90371 WARNING odoo_19_test_try odoo.addons.base.models.ir_cron: Skipping database odoo_19_test_try as its base version is not 19.0.1.3. 
2026-07-15 14:18:19,604 90371 WARNING theme_test odoo.addons.base.models.ir_cron: Skipping database theme_test as its base version is not 19.0.1.3. 
2026-07-15 14:18:49,316 90371 INFO oca_module_testing werkzeug: 127.0.0.1 - - [15/Jul/2026 14:18:49] "GET /odoo/action-482/3?debug=1 HTTP/1.1" 200 - 22 0.010 0.022
2026-07-15 14:18:49,381 90371 INFO oca_module_testing werkzeug: 127.0.0.1 - - [15/Jul/2026 14:18:49] "GET /web/webclient/load_menus HTTP/1.1" 200 - 1 0.001 0.015
2026-07-15 14:18:49,744 90371 INFO oca_module_testing werkzeug: 127.0.0.1 - - [15/Jul/2026 14:18:49] "GET /web/webclient/translations?hash=6f78d8b6a7be6ecf0a1ac069aa3931f51287c360&lang=en_US HTTP/1.1" 200 - 1 0.001 0.002
2026-07-15 14:18:49,942 90371 INFO oca_module_testing werkzeug: 127.0.0.1 - - [15/Jul/2026 14:18:49] "POST /web/dataset/call_kw/document.automate/get_views#document.automate.get_views HTTP/1.1" 200 - 2 0.003 0.018
2026-07-15 14:18:49,948 90371 INFO oca_module_testing werkzeug: 127.0.0.1 - - [15/Jul/2026 14:18:49] "GET /web/image?model=res.users&field=avatar_128&id=2 HTTP/1.1" 304 - 9 0.009 0.024
2026-07-15 14:18:49,954 90371 INFO oca_module_testing werkzeug: 127.0.0.1 - - [15/Jul/2026 14:18:49] "GET /bus/websocket_worker_bundle?v=19.0-2 HTTP/1.1" 304 - 3 0.006 0.011
2026-07-15 14:18:49,981 90371 INFO oca_module_testing werkzeug: 127.0.0.1 - - [15/Jul/2026 14:18:49] "POST /web/dataset/call_kw/document.automate/web_read#document.automate.web_read HTTP/1.1" 200 - 3 0.002 0.007
2026-07-15 14:18:50,010 90371 INFO oca_module_testing werkzeug: 127.0.0.1 - - [15/Jul/2026 14:18:50] "POST /mail/data HTTP/1.1" 200 - 39 0.029 0.047
2026-07-15 14:18:50,165 90371 INFO oca_module_testing werkzeug: 127.0.0.1 - - [15/Jul/2026 14:18:50] "GET /websocket?version=19.0-2 HTTP/1.1" 101 - 1 0.001 0.003
2026-07-15 14:18:50,365 90371 INFO oca_module_testing werkzeug: 127.0.0.1 - - [15/Jul/2026 14:18:50] "GET /web/service-worker.js HTTP/1.1" 200 - 1 0.001 0.003
2026-07-15 14:18:55,207 90371 WARNING 19_theme_setting odoo.addons.base.models.ir_cron: Skipping database 19_theme_setting as its base version is not 19.0.1.3. 
2026-07-15 14:18:55,214 90371 WARNING manas odoo.addons.base.models.ir_cron: Skipping database manas as its base version is not 19.0.1.3. 
2026-07-15 14:18:55,219 90371 WARNING odoo_19_test_try odoo.addons.base.models.ir_cron: Skipping database odoo_19_test_try as its base version is not 19.0.1.3. 
2026-07-15 14:18:55,222 90371 WARNING theme_test odoo.addons.base.models.ir_cron: Skipping database theme_test as its base version is not 19.0.1.3. 
2026-07-15 14:19:20,698 90371 WARNING 19_theme_setting odoo.addons.base.models.ir_cron: Skipping database 19_theme_setting as its base version is not 19.0.1.3. 
2026-07-15 14:19:20,704 90371 WARNING manas odoo.addons.base.models.ir_cron: Skipping database manas as its base version is not 19.0.1.3. 
2026-07-15 14:19:20,712 90371 WARNING odoo_19_test_try odoo.addons.base.models.ir_cron: Skipping database odoo_19_test_try as its base version is not 19.0.1.3. 
2026-07-15 14:19:20,716 90371 WARNING theme_test odoo.addons.base.models.ir_cron: Skipping database theme_test as its base version is not 19.0.1.3. 
2026-07-15 14:19:55,297 90371 WARNING 19_theme_setting odoo.addons.base.models.ir_cron: Skipping database 19_theme_setting as its base version is not 19.0.1.3. 
2026-07-15 14:19:55,303 90371 WARNING manas odoo.addons.base.models.ir_cron: Skipping database manas as its base version is not 19.0.1.3. 
2026-07-15 14:19:55,308 90371 WARNING odoo_19_test_try odoo.addons.base.models.ir_cron: Skipping database odoo_19_test_try as its base version is not 19.0.1.3. 
2026-07-15 14:19:55,311 90371 WARNING theme_test odoo.addons.base.models.ir_cron: Skipping database theme_test as its base version is not 19.0.1.3. 
2026-07-15 14:20:21,762 90371 WARNING 19_theme_setting odoo.addons.base.models.ir_cron: Skipping database 19_theme_setting as its base version is not 19.0.1.3. 
2026-07-15 14:20:21,770 90371 WARNING manas odoo.addons.base.models.ir_cron: Skipping database manas as its base version is not 19.0.1.3. 
2026-07-15 14:20:21,778 90371 WARNING odoo_19_test_try odoo.addons.base.models.ir_cron: Skipping database odoo_19_test_try as its base version is not 19.0.1.3. 
2026-07-15 14:20:21,782 90371 WARNING theme_test odoo.addons.base.models.ir_cron: Skipping database theme_test as its base version is not 19.0.1.3. 
2026-07-15 14:20:54,854 90371 INFO ? odoo.service.server: cron0 max age (0s) reached, releasing connection. 
2026-07-15 14:20:54,859 90371 ERROR ? odoo.addons.bus.models.bus: Bus.loop error, sleep and retry 
Traceback (most recent call last):
  File "/home/amalraj/odoo19_new/odoo-19.0/addons/bus/models/bus.py", line 263, in run
    self.loop()
  File "/home/amalraj/odoo19_new/odoo-19.0/addons/bus/models/bus.py", line 248, in loop
    conn.poll()
psycopg2.OperationalError: SSL connection has been closed unexpectedly

2026-07-15 14:20:54,870 90371 INFO ? odoo.service.server: cron1 max age (0s) reached, releasing connection. 
2026-07-15 14:20:54,871 90371 INFO ? odoo.sql_db: Connection to the database failed 
Exception in thread odoo.service.cron.cron0:
Traceback (most recent call last):
  File "/usr/lib/python3.12/threading.py", line 1073, in _bootstrap_inner
    self.run()
  File "/usr/lib/python3.12/threading.py", line 1010, in run
    self._target(*self._args, **self._kwargs)
  File "/home/amalraj/odoo19_new/odoo-19.0/odoo/service/server.py", line 603, in cron_thread
    with contextlib.closing(conn.cursor()) as cr:
                            ^^^^^^^^^^^^^
  File "/home/amalraj/odoo19_new/odoo-19.0/odoo/sql_db.py", line 763, in cursor
    return Cursor(self.__pool, self.__dbname, self.__dsn)
           ^^^^^^^^^^^^^^^^^^^^^^^^^^^^^^^^^^^^^^^^^^^^^^
  File "/home/amalraj/odoo19_new/odoo-19.0/odoo/sql_db.py", line 365, in __init__
    self._cnx: PsycoConnection = pool.borrow(dsn)
                                 ^^^^^^^^^^^^^^^^
  File "/home/amalraj/odoo19_new/odoo-19.0/odoo/tools/func.py", line 88, in locked
    return func(inst, *args, **kwargs)
           ^^^^^^^^^^^^^^^^^^^^^^^^^^^
  File "/home/amalraj/odoo19_new/odoo-19.0/odoo/sql_db.py", line 687, in borrow
    result = psycopg2.connect(
             ^^^^^^^^^^^^^^^^^
  File "/home/amalraj/odoo19_new/.venv/lib/python3.12/site-packages/psycopg2/__init__.py", line 122, in connect
2026-07-15 14:20:54,880 90371 INFO ? odoo.sql_db: Connection to the database failed 
    conn = _connect(dsn, connection_factory=connection_factory, **kwasync)
Exception in thread odoo.service.cron.cron1:
Traceback (most recent call last):
           ^^^^^^^^^^^^^^^^^^^^^^^^^^^^^^^^^^^^^^^^^^^^^^^^^^^^^^^^^^^^^^^
  File "/usr/lib/python3.12/threading.py", line 1073, in _bootstrap_inner
psycopg2.OperationalError: connection to server at "localhost" (127.0.0.1), port 5432 failed: FATAL:  the database system is shutting down

    self.run()
  File "/usr/lib/python3.12/threading.py", line 1010, in run
    self._target(*self._args, **self._kwargs)
  File "/home/amalraj/odoo19_new/odoo-19.0/odoo/service/server.py", line 603, in cron_thread
    with contextlib.closing(conn.cursor()) as cr:
                            ^^^^^^^^^^^^^
  File "/home/amalraj/odoo19_new/odoo-19.0/odoo/sql_db.py", line 763, in cursor
    return Cursor(self.__pool, self.__dbname, self.__dsn)
           ^^^^^^^^^^^^^^^^^^^^^^^^^^^^^^^^^^^^^^^^^^^^^^
  File "/home/amalraj/odoo19_new/odoo-19.0/odoo/sql_db.py", line 365, in __init__
    self._cnx: PsycoConnection = pool.borrow(dsn)
                                 ^^^^^^^^^^^^^^^^
  File "/home/amalraj/odoo19_new/odoo-19.0/odoo/tools/func.py", line 88, in locked
    return func(inst, *args, **kwargs)
           ^^^^^^^^^^^^^^^^^^^^^^^^^^^
  File "/home/amalraj/odoo19_new/odoo-19.0/odoo/sql_db.py", line 687, in borrow
    result = psycopg2.connect(
             ^^^^^^^^^^^^^^^^^
  File "/home/amalraj/odoo19_new/.venv/lib/python3.12/site-packages/psycopg2/__init__.py", line 122, in connect
    conn = _connect(dsn, connection_factory=connection_factory, **kwasync)
           ^^^^^^^^^^^^^^^^^^^^^^^^^^^^^^^^^^^^^^^^^^^^^^^^^^^^^^^^^^^^^^^
psycopg2.OperationalError: connection to server at "localhost" (127.0.0.1), port 5432 failed: FATAL:  the database system is shutting down

2026-07-15 14:20:59,539 90371 INFO ? odoo.service.server: Initiating shutdown 
2026-07-15 14:20:59,539 90371 INFO ? odoo.service.server: Hit CTRL-C again or send a second signal to force the shutdown. 
2026-07-15 14:20:59,995 90371 INFO ? odoo.sql_db: ConnectionPool(read/write;used=0/count=0/max=64): Closed 21 connections  
